compensation_paid_pct,court_cases_active,court_cases_recent_90d,court_case_avg_age_days,rr_progress_pct,possession_refusing_pct,st_families,forest_clearance_applied,days_since_forest_clearance_needed,months_elapsed,months_total,dept_response_days,total_land_area_hectares,est_families_affected,lao_backlog_ratio,political_cycle_proximity,document_rejection_rate,is_schedule_v_tribal,is_forest_land,is_urban_commercial,stage_completed,risk_score,risk_level,actual_delay_months,actual_delay_days,persona
50.7,9,1,205.4554954089941,47.3,20.3,20,1,0,30,36,20.2,657.6,143,2.8,11,0.403,0,0,0,1,46.9,HIGH,11.2,340,HIGH_backlog
43.5,7,1,249.3247674155778,40.7,21.6,31,1,60,34,48,21.3,532.9,134,2.64,17,0.387,0,0,0,1,46.3,HIGH,14.8,450,HIGH_backlog
64.2,3,0,125.12352997898982,68.2,10.7,1,1,0,13,36,10.0,229.9,48,1.82,8,0.218,0,0,1,0,28.4,MODERATE,6.3,192,MODERATE_standard
81.8,1,0,33.610746258097464,89.7,5.8,0,1,0,8,30,4.6,159.4,29,0.7,39,0.049,0,0,0,1,12.0,LOW,1.2,36,LOW_streamlined
85.7,0,0,47.77755692715243,80.7,7.3,0,1,0,8,18,5.1,183.5,15,0.25,22,0.021,0,0,1,0,12.0,LOW,2.2,67,LOW_streamlined
17.5,18,2,417.9017716959428,20.5,47.8,70,0,173,27,48,21.8,484.0,143,4.18,22,0.563,1,0,0,0,94.0,CRITICAL,27.2,827,CRITICAL_injunction
82.2,0,0,32.38915822865458,90.7,5.1,0,1,0,4,24,6.8,34.9,5,0.61,14,0.036,0,0,1,1,12.0,LOW,2.5,76,LOW_streamlined
69.4,2,1,107.70864253050269,57.7,16.1,1,1,0,11,24,12.6,264.3,41,1.85,28,0.183,0,0,0,1,32.0,MODERATE,5.4,164,MODERATE_standard
72.1,4,1,162.7589150253711,56.1,9.9,0,1,0,16,36,11.8,153.2,34,1.9,34,0.211,0,0,0,0,27.3,MODERATE,4.7,143,MODERATE_standard
90.0,1,0,42.48164495236073,82.5,1.9,0,1,0,7,18,8.2,172.6,9,0.66,32,0.017,0,0,1,1,12.0,LOW,0.7,21,LOW_streamlined
61.1,2,0,81.25328152884587,56.2,15.2,1,1,0,15,24,15.6,285.9,62,1.96,37,0.132,0,0,0,1,29.3,MODERATE,7.3,222,MODERATE_standard
50.5,8,3,199.61176213311336,27.2,29.1,17,0,99,36,48,21.6,786.2,141,3.18,13,0.323,0,0,0,0,67.1,HIGH,13.7,416,HIGH_backlog
82.1,0,0,11.797113689837104,77.2,3.0,0,1,0,16,24,6.3,160.6,10,0.58,22,0.051,0,0,0,1,12.0,LOW,1.3,40,LOW_streamlined
88.4,0,0,26.1478236470623,97.4,5.8,0,1,0,11,24,8.0,82.5,12,0.39,27,0.015,0,0,0,1,12.0,LOW,2.4,73,LOW_streamlined
51.3,7,1,229.83617501117664,39.1,28.9,24,0,0,37,36,16.9,399.8,103,2.26,5,0.464,0,0,0,0,50.1,HIGH,11.4,347,HIGH_backlog
47.1,6,1,269.93869894888417,40.1,33.7,8,1,115,30,48,20.6,342.4,85,2.74,20,0.365,1,1,0,0,57.1,HIGH,14.6,444,HIGH_backlog
39.3,6,3,219.459668468276,44.4,25.1,9,1,90,31,48,23.0,674.3,162,3.23,24,0.321,0,0,0,1,56.3,HIGH,14.9,453,HIGH_backlog
29.8,12,3,385.19688327918493,12.2,42.1,4,0,191,43,36,21.5,366.0,89,3.61,23,0.747,0,1,0,1,87.4,CRITICAL,31.3,952,CRITICAL_injunction
52.1,9,3,187.821961654829,46.4,21.8,36,0,96,36,48,23.7,765.4,196,3.16,25,0.467,0,0,0,0,57.7,HIGH,10.8,328,HIGH_backlog
50.7,8,1,226.2353540626738,33.7,27.7,26,1,0,25,48,19.2,594.4,109,3.0,23,0.442,1,1,0,0,56.8,HIGH,13.2,401,HIGH_backlog
48.0,9,3,215.41862351849375,26.0,25.2,35,0,0,37,48,17.3,508.4,146,2.5,11,0.499,1,0,0,0,63.1,HIGH,14.4,438,HIGH_backlog
62.3,3,0,93.57162086027348,55.7,11.6,2,1,0,11,36,11.9,430.2,89,1.64,15,0.099,0,0,0,1,27.3,MODERATE,7.2,219,MODERATE_standard
46.6,8,1,296.08299089891204,33.7,35.8,8,0,0,33,36,16.3,608.0,151,2.39,4,0.269,1,0,0,0,64.9,HIGH,14.4,438,HIGH_backlog
53.8,6,1,249.74312613042503,26.1,32.1,48,1,64,22,36,22.5,638.3,203,3.56,6,0.448,0,0,0,0,52.4,HIGH,11.4,347,HIGH_backlog
48.0,7,1,307.46597897645825,41.7,21.5,20,1,95,30,48,22.4,628.6,168,2.84,25,0.442,0,0,0,1,48.8,HIGH,10.4,316,HIGH_backlog
69.1,3,1,132.23224746491522,69.2,12.1,0,1,0,10,36,10.6,303.4,32,1.84,17,0.129,0,0,0,1,23.3,LOW,1.4,43,MODERATE_standard
85.1,0,0,28.86429826210363,86.8,5.5,0,1,0,5,18,4.0,126.0,10,0.81,15,0.052,0,0,1,0,12.0,LOW,0.6,18,LOW_streamlined
30.0,12,3,308.31467496376985,21.5,35.9,122,0,163,47,60,28.5,679.6,193,5.18,3,0.637,1,0,0,1,89.9,CRITICAL,21.5,654,CRITICAL_injunction
87.3,0,0,54.98236985725062,83.7,4.5,0,1,0,11,24,7.0,176.2,24,0.37,29,0.033,0,0,1,0,12.0,LOW,2.1,64,LOW_streamlined
67.2,5,0,146.74753159461306,50.1,17.2,1,1,0,22,24,14.7,164.0,30,1.75,24,0.147,0,0,0,0,28.3,MODERATE,3.9,119,MODERATE_standard
72.9,3,0,125.83237415257838,63.1,11.2,0,1,0,16,24,12.8,179.5,29,1.28,29,0.092,0,0,1,1,25.0,MODERATE,6.6,201,MODERATE_standard
51.0,9,2,291.9351983287322,43.0,20.8,21,0,0,36,36,17.9,750.7,251,3.09,27,0.329,1,1,0,0,56.7,HIGH,12.8,389,HIGH_backlog
20.5,10,2,426.5693138656204,15.1,46.7,9,0,199,40,60,31.0,770.9,196,4.89,5,0.758,0,0,0,0,94.0,CRITICAL,32.0,973,CRITICAL_injunction
85.2,0,0,39.922135060261354,92.8,3.3,0,1,0,11,18,6.8,91.7,9,0.7,33,0.068,0,0,0,0,12.0,LOW,0.9,27,LOW_streamlined
67.5,4,0,138.16406531858954,70.2,9.0,1,1,0,19,24,14.4,210.3,48,1.44,8,0.091,0,0,1,1,25.4,MODERATE,3.7,112,MODERATE_standard
29.9,14,2,391.91623773497946,20.0,41.2,6,0,327,34,36,33.8,362.1,137,4.43,12,0.771,0,1,0,0,86.1,CRITICAL,16.5,502,CRITICAL_injunction
41.8,7,2,300.48848250470274,47.4,28.2,6,0,0,22,48,18.4,198.6,40,2.63,14,0.357,1,0,0,0,58.8,HIGH,12.4,377,HIGH_backlog
91.1,0,0,47.66231103737254,82.7,0.8,0,1,0,10,24,5.4,128.6,15,0.83,30,0.066,0,0,1,0,12.0,LOW,2.1,64,LOW_streamlined
54.0,9,3,264.4476363047771,41.6,28.9,6,0,115,29,36,17.1,561.2,94,2.77,12,0.272,0,0,0,0,65.1,HIGH,8.9,271,HIGH_backlog
53.0,7,3,210.73147351133423,42.8,25.5,16,0,49,18,36,20.5,508.1,133,3.58,16,0.296,0,0,0,1,59.1,HIGH,11.6,353,HIGH_backlog
78.6,2,0,15.887554144507057,75.4,2.2,0,1,0,11,24,6.9,144.6,15,0.39,31,0.056,0,0,1,1,12.3,LOW,1.5,46,LOW_streamlined
78.5,1,0,22.267455484066048,76.9,5.9,0,1,0,4,24,5.9,133.7,21,0.4,24,0.06,0,0,1,1,13.6,LOW,1.4,43,LOW_streamlined
65.9,4,0,69.01653380829705,57.4,14.0,0,1,0,8,36,14.1,208.7,36,1.55,29,0.141,0,0,1,1,26.2,MODERATE,6.1,185,MODERATE_standard
66.7,4,0,143.0731877421423,66.1,16.7,0,1,0,10,24,14.9,52.1,13,1.32,22,0.111,0,1,1,0,28.7,MODERATE,7.2,219,MODERATE_standard
55.0,9,1,296.0481663810948,44.8,27.6,2,1,58,37,48,17.0,130.9,32,2.31,22,0.335,0,1,0,0,51.8,HIGH,11.8,359,HIGH_backlog
93.3,0,0,56.95338492564481,95.1,0.2,0,1,0,4,24,8.0,172.2,23,0.9,24,0.064,0,0,1,1,12.0,LOW,1.2,36,LOW_streamlined
75.1,1,0,45.77766576171209,81.8,3.7,0,1,0,14,18,6.9,153.6,14,0.39,44,0.013,0,0,0,1,12.0,LOW,2.4,73,LOW_streamlined
95.8,0,0,51.891286764162274,76.5,5.9,0,1,0,16,30,5.2,200.9,16,0.78,16,0.013,0,0,1,1,12.0,LOW,0.1,3,LOW_streamlined
70.0,4,0,106.94037192964558,69.7,8.3,2,1,0,17,36,10.9,361.8,54,1.53,7,0.199,0,0,0,1,26.2,MODERATE,6.3,192,MODERATE_standard
73.9,3,1,128.5582730303489,69.4,8.6,0,1,0,22,24,13.6,213.4,29,1.59,35,0.183,0,0,0,1,20.7,LOW,2.2,67,MODERATE_standard
28.8,18,3,517.3492996615955,21.8,40.7,22,0,121,26,48,32.3,1305.8,444,3.96,21,0.45,0,1,0,0,81.4,CRITICAL,19.1,581,CRITICAL_injunction
77.2,2,0,27.093608301934303,87.4,6.1,0,1,0,14,18,7.2,161.9,26,0.85,15,0.076,0,0,1,1,14.1,LOW,0.2,6,LOW_streamlined
55.4,8,1,183.0972972140596,28.0,32.0,14,1,0,37,48,22.2,216.5,64,3.16,15,0.318,0,0,0,0,49.6,HIGH,9.1,277,HIGH_backlog
45.8,8,1,218.3901283288138,34.7,35.1,35,0,0,21,48,23.2,678.1,160,2.52,9,0.258,0,0,0,0,53.4,HIGH,10.6,322,HIGH_backlog
49.3,9,2,291.5152207366647,25.7,22.1,13,1,0,33,48,17.0,430.1,94,3.16,15,0.3,0,0,0,1,54.1,HIGH,9.9,301,HIGH_backlog
26.4,18,4,290.6970828440564,18.2,43.7,12,0,235,37,48,21.6,763.2,246,3.98,23,0.5,0,1,0,0,86.6,CRITICAL,25.9,787,CRITICAL_injunction
12.8,10,3,466.15554166706175,12.5,37.4,11,0,312,33,36,23.0,649.8,235,3.83,4,0.673,0,1,0,0,90.0,CRITICAL,27.3,830,CRITICAL_injunction
25.1,14,3,477.5291708739396,13.6,59.5,21,0,139,49,60,20.9,1431.6,439,3.99,5,0.755,0,1,0,1,88.9,CRITICAL,31.6,961,CRITICAL_injunction
35.9,10,4,299.4935704243775,17.4,64.2,136,1,181,30,60,26.9,1167.6,382,5.24,17,0.71,1,0,0,0,69.9,CRITICAL,31.8,967,CRITICAL_injunction
22.1,18,2,448.20097756214034,16.3,43.3,151,0,295,49,60,22.0,906.3,255,4.93,21,0.513,1,0,0,1,90.7,CRITICAL,31.5,958,CRITICAL_injunction
40.9,6,2,225.5266089914573,47.3,26.3,11,0,0,29,48,23.8,389.1,72,2.84,10,0.268,0,0,0,1,51.1,HIGH,13.8,420,HIGH_backlog
82.5,1,0,32.318432325629274,93.0,4.3,0,1,0,12,18,8.3,123.4,23,0.59,31,0.012,0,0,0,0,12.0,LOW,0.3,9,LOW_streamlined
87.3,0,0,44.298386799149206,84.1,5.5,0,1,0,5,18,4.1,235.4,13,0.43,47,0.051,0,0,1,1,12.0,LOW,1.3,40,LOW_streamlined
42.2,8,3,232.40154739957097,30.9,35.4,2,1,0,21,48,22.6,121.0,33,3.41,23,0.278,0,1,0,0,63.5,HIGH,14.4,438,HIGH_backlog
81.9,1,0,49.89068244293173,93.6,5.3,0,1,0,9,24,6.2,69.6,10,0.77,16,0.048,0,0,1,1,12.0,LOW,1.0,30,LOW_streamlined
87.7,0,0,28.989289008961492,89.2,5.3,0,1,0,5,24,8.3,107.5,14,0.56,29,0.012,0,0,1,1,12.0,LOW,1.0,30,LOW_streamlined
61.1,4,0,171.2441453755568,64.2,8.1,1,1,0,8,24,9.4,260.6,37,1.94,17,0.094,0,0,1,1,27.8,MODERATE,4.4,134,MODERATE_standard
50.3,8,1,259.4237107480465,37.1,22.9,21,1,78,21,48,22.4,472.6,100,2.97,5,0.408,0,1,0,0,50.9,HIGH,12.2,371,HIGH_backlog
61.8,4,0,140.10598791497645,56.0,15.8,2,1,0,13,36,9.7,256.1,52,1.66,21,0.162,0,0,0,1,33.0,MODERATE,4.0,122,MODERATE_standard
89.2,1,0,10.791054588279122,85.3,3.5,0,1,0,12,30,5.7,61.0,5,0.77,33,0.034,0,0,0,0,12.0,LOW,1.9,58,LOW_streamlined
13.6,12,5,455.7368896427424,9.4,59.0,46,0,197,38,36,25.0,311.4,94,4.84,23,0.682,1,0,0,0,94.0,CRITICAL,17.0,517,CRITICAL_injunction
30.1,14,5,343.35336210097245,17.6,45.4,58,0,156,36,48,34.9,315.4,113,5.35,13,0.745,1,0,0,0,93.3,CRITICAL,26.0,790,CRITICAL_injunction
63.8,3,0,107.637782048914,70.6,8.9,0,1,0,12,24,12.1,365.2,78,1.64,23,0.209,0,0,0,1,22.2,LOW,1.0,30,MODERATE_standard
16.2,18,4,502.06975218127747,11.6,55.8,12,1,326,35,60,33.8,892.2,254,4.47,15,0.718,0,0,0,1,76.4,CRITICAL,24.0,730,CRITICAL_injunction
86.5,0,0,35.30709314201221,84.9,7.7,0,1,0,17,30,6.2,209.8,19,0.27,35,0.025,0,0,1,1,12.0,LOW,0.2,6,LOW_streamlined
40.2,8,1,251.31909794097055,27.3,24.9,6,0,89,20,36,18.5,234.2,48,3.07,17,0.357,0,0,0,1,64.5,HIGH,14.2,432,HIGH_backlog
65.7,4,0,124.237215774311,55.7,8.2,2,1,0,14,24,10.5,311.6,49,1.11,14,0.217,0,0,0,0,26.8,MODERATE,3.5,106,MODERATE_standard
21.0,14,5,537.9403653560606,13.7,46.8,190,0,195,37,48,30.3,1039.9,274,4.38,7,0.744,1,0,0,1,94.0,CRITICAL,30.4,924,CRITICAL_injunction
85.9,0,0,44.01138896041766,92.0,1.2,0,1,0,4,18,4.2,209.8,22,0.26,37,0.015,0,0,0,1,12.0,LOW,0.7,21,LOW_streamlined
38.4,6,2,267.4528996395969,47.3,21.3,52,1,0,23,48,17.0,779.5,242,3.06,24,0.411,0,0,0,0,54.2,HIGH,8.3,252,HIGH_backlog
60.0,2,0,111.84922595330352,70.4,11.4,0,1,0,18,36,12.1,178.9,23,1.65,38,0.114,0,0,1,1,23.1,LOW,1.6,49,MODERATE_standard
51.1,6,2,317.8537635334311,40.1,32.4,13,0,0,34,48,17.3,570.0,139,2.38,22,0.454,0,1,0,1,55.1,HIGH,11.5,350,HIGH_backlog
28.5,14,2,404.62051809334326,17.1,61.2,8,0,122,39,48,23.7,645.1,179,4.95,23,0.485,0,1,0,0,87.9,CRITICAL,24.9,757,CRITICAL_injunction
32.2,14,4,463.16228217088826,5.2,60.0,18,0,301,47,48,32.6,1259.7,379,4.44,13,0.494,0,1,0,1,91.9,CRITICAL,26.3,800,CRITICAL_injunction
64.2,3,1,72.4964829504345,69.2,12.0,2,1,0,10,36,10.6,404.5,70,1.73,7,0.148,0,0,0,1,28.3,MODERATE,4.4,134,MODERATE_standard
40.2,7,1,292.1913682147327,30.4,31.8,4,0,63,25,48,17.4,153.9,27,3.09,16,0.295,1,1,0,0,66.8,HIGH,14.9,453,HIGH_backlog
26.1,18,4,295.1567479223767,18.3,52.6,98,0,174,43,36,25.7,699.0,203,4.42,12,0.602,1,0,0,0,92.3,CRITICAL,16.8,511,CRITICAL_injunction
46.5,6,1,218.6007794333773,31.5,20.2,8,1,117,36,36,19.0,447.5,111,2.8,25,0.317,0,1,0,1,53.2,HIGH,14.0,426,HIGH_backlog
47.9,7,3,290.2798221738792,45.3,22.0,7,0,0,32,48,23.8,143.9,33,2.4,22,0.298,0,0,0,1,54.7,HIGH,14.8,450,HIGH_backlog
91.6,0,0,52.345936404427995,89.1,4.4,0,1,0,11,24,6.1,46.2,5,0.3,35,0.025,0,0,1,1,12.0,LOW,2.2,67,LOW_streamlined
44.1,8,2,182.51239499958885,37.5,34.0,6,1,52,27,36,18.0,555.7,113,3.53,18,0.438,1,0,0,0,59.7,HIGH,10.4,316,HIGH_backlog
22.6,10,3,484.5201088931427,8.5,40.9,11,1,194,26,48,29.6,900.3,224,3.89,21,0.632,0,0,0,0,71.1,CRITICAL,24.9,757,CRITICAL_injunction
69.7,4,1,162.8248723290113,56.9,16.2,0,1,0,13,36,9.8,176.7,46,1.77,16,0.218,0,1,0,1,31.4,MODERATE,4.5,137,MODERATE_standard
31.8,18,3,360.0522409464951,12.2,41.3,16,0,340,24,36,21.7,1346.5,334,5.02,23,0.765,0,1,0,0,87.5,CRITICAL,21.0,638,CRITICAL_injunction
17.8,12,4,455.809847918052,11.6,39.3,13,0,204,26,48,32.6,842.5,265,4.44,23,0.672,0,0,0,1,88.3,CRITICAL,27.0,821,CRITICAL_injunction
17.1,14,5,515.225210211024,10.8,36.0,150,0,309,32,60,30.0,1086.2,216,4.02,21,0.685,1,0,0,0,94.0,CRITICAL,17.8,541,CRITICAL_injunction
22.1,18,2,511.7522527357626,19.1,36.3,7,0,190,27,60,33.7,693.4,158,5.01,19,0.456,0,1,0,0,87.3,CRITICAL,29.3,891,CRITICAL_injunction
23.3,10,2,480.6621636575329,16.4,44.0,118,1,336,24,36,32.8,1025.6,260,4.84,15,0.762,1,0,0,1,77.2,CRITICAL,17.3,526,CRITICAL_injunction
76.3,0,0,14.692864241167811,88.8,6.7,0,1,0,11,18,8.5,212.8,20,0.67,41,0.072,0,0,1,1,12.0,LOW,0.8,24,LOW_streamlined
28.9,10,3,411.6701085277414,14.7,42.1,124,0,348,40,48,29.0,803.8,171,4.99,13,0.672,1,0,0,1,93.4,CRITICAL,20.1,611,CRITICAL_injunction
75.1,0,0,15.401287706534568,80.0,0.1,0,1,0,11,18,5.7,29.1,6,0.76,32,0.046,0,0,1,1,12.0,LOW,0.2,6,LOW_streamlined
84.5,0,0,46.49301544242392,78.8,7.4,0,1,0,4,30,8.4,208.2,31,0.67,21,0.057,0,0,0,1,12.0,LOW,1.8,55,LOW_streamlined
18.2,14,2,441.0068100922995,20.2,55.0,97,0,336,48,60,26.1,1267.6,260,4.14,18,0.594,1,0,0,0,94.0,CRITICAL,25.6,778,CRITICAL_injunction
73.9,3,0,70.12708566534508,65.3,16.2,3,1,0,21,36,11.8,304.4,67,1.92,33,0.11,0,0,0,1,27.1,MODERATE,6.7,204,MODERATE_standard
64.1,4,0,166.75824396210797,62.7,12.5,2,1,0,11,36,9.1,388.2,72,1.43,6,0.135,0,0,0,1,26.5,MODERATE,5.9,179,MODERATE_standard
76.5,1,0,40.288962472634516,82.2,3.3,0,1,0,8,30,5.8,224.7,18,0.35,47,0.042,0,0,1,1,12.0,LOW,0.4,12,LOW_streamlined
83.1,1,0,32.92615044409453,75.5,1.3,0,1,0,4,24,5.4,72.6,11,0.83,16,0.077,0,0,0,1,12.0,LOW,2.1,64,LOW_streamlined
78.2,1,0,51.68249809687928,87.5,4.4,0,1,0,11,24,6.2,40.3,1,0.41,21,0.024,0,0,1,1,12.2,LOW,0.9,27,LOW_streamlined
27.0,18,5,448.31960870304886,12.6,49.7,8,0,256,36,36,29.3,505.5,166,3.9,10,0.464,0,1,0,0,87.0,CRITICAL,31.4,955,CRITICAL_injunction
91.7,2,0,17.43979847025578,95.2,2.2,0,1,0,5,30,6.3,157.8,16,0.89,29,0.07,0,0,1,1,12.0,LOW,0.9,27,LOW_streamlined
64.5,3,1,84.05694186340833,66.8,16.3,1,1,0,23,24,9.8,259.0,44,1.87,20,0.199,0,1,0,0,34.8,MODERATE,5.8,176,MODERATE_standard
52.5,9,1,319.69491979547695,29.8,24.5,33,0,63,25,36,16.1,613.8,190,3.23,25,0.435,1,0,0,1,56.4,HIGH,13.3,404,HIGH_backlog
76.6,0,0,27.441026698473966,84.4,3.3,0,1,0,10,30,4.6,209.0,36,0.77,46,0.015,0,0,0,0,12.0,LOW,0.2,6,LOW_streamlined
52.5,9,1,246.70117808813083,34.3,34.9,13,1,118,23,48,20.8,689.5,143,2.7,20,0.281,1,1,0,0,60.9,HIGH,11.5,350,HIGH_backlog
66.8,4,0,119.60345073815358,53.1,13.2,0,1,0,20,24,11.0,231.6,48,1.22,27,0.088,0,0,0,0,23.4,LOW,0.7,21,MODERATE_standard
62.3,4,1,112.05809034918354,56.9,16.4,3,1,0,13,24,15.4,408.3,72,1.44,38,0.093,0,1,0,0,35.7,MODERATE,5.2,158,MODERATE_standard
95.3,1,0,24.902610431972157,96.9,6.1,0,1,0,13,30,4.5,233.9,36,0.75,35,0.013,0,0,0,1,12.0,LOW,1.1,33,LOW_streamlined
41.8,9,1,274.8938480434062,35.9,30.5,8,0,0,35,48,17.1,177.7,51,3.11,23,0.329,1,0,0,0,64.6,HIGH,10.8,328,HIGH_backlog
24.4,10,3,371.08329762765504,20.9,43.0,10,0,124,27,36,21.9,808.6,207,4.33,12,0.592,0,1,0,0,86.2,CRITICAL,23.4,711,CRITICAL_injunction
25.8,12,2,397.5870588774915,12.3,37.3,31,0,202,47,48,31.1,254.2,73,3.95,16,0.65,1,0,0,0,90.7,CRITICAL,26.6,809,CRITICAL_injunction
93.9,1,0,33.67004407474563,96.6,5.7,0,1,0,6,24,4.3,244.1,39,0.67,32,0.079,0,0,1,1,12.0,LOW,1.6,49,LOW_streamlined
18.6,18,2,453.56110699604704,15.0,64.4,40,0,347,32,48,25.1,298.3,68,4.95,13,0.471,1,0,0,0,94.0,CRITICAL,27.0,821,CRITICAL_injunction
73.4,4,0,81.63695225073337,70.4,14.2,0,1,0,23,24,12.2,53.1,14,1.6,35,0.147,0,1,1,0,23.1,LOW,2.5,76,MODERATE_standard
61.5,2,0,61.56354813085005,70.2,12.6,2,1,0,16,36,9.1,391.5,76,1.85,30,0.13,0,1,1,0,30.3,MODERATE,4.8,146,MODERATE_standard
23.0,14,5,442.82736266603945,23.2,58.4,21,0,308,30,60,25.7,1470.5,437,4.6,19,0.466,0,0,0,0,92.0,CRITICAL,28.9,879,CRITICAL_injunction
65.9,3,0,63.91415380098798,60.6,13.1,0,1,0,23,24,9.4,221.5,27,1.5,15,0.167,0,0,0,0,20.5,LOW,1.0,30,MODERATE_standard
79.6,0,0,53.338517725300015,75.8,0.3,0,1,0,11,30,5.4,102.5,10,0.87,32,0.041,0,0,1,1,12.0,LOW,0.7,21,LOW_streamlined
23.9,10,3,510.8581544373825,16.2,41.1,13,1,137,37,60,21.0,759.1,273,5.38,13,0.593,0,0,0,0,73.6,CRITICAL,29.4,894,CRITICAL_injunction
80.9,0,0,48.277337525793044,75.9,3.4,0,1,0,11,18,4.0,187.2,23,0.49,30,0.014,0,0,1,0,12.0,LOW,0.8,24,LOW_streamlined
43.5,9,1,231.93174114208713,41.4,25.2,16,0,118,26,36,22.0,717.9,122,2.75,19,0.415,1,1,0,1,68.3,CRITICAL,24.7,751,HIGH_backlog
69.4,3,0,104.31369242586493,52.3,15.6,0,1,0,12,36,15.5,58.3,15,1.84,29,0.18,0,0,0,1,25.3,MODERATE,6.3,192,MODERATE_standard
69.6,3,0,79.56424043179092,70.8,13.6,0,1,0,19,24,14.5,187.8,13,1.76,19,0.084,0,0,1,0,23.0,LOW,0.0,0,MODERATE_standard
66.1,2,1,126.32484908622543,69.0,15.2,1,1,0,8,36,11.8,296.4,48,1.22,35,0.102,0,0,1,1,28.7,MODERATE,6.0,182,MODERATE_standard
82.4,1,0,30.226369278693486,82.7,5.0,0,1,0,8,18,4.3,36.3,6,0.75,22,0.04,0,0,0,1,12.0,LOW,0.8,24,LOW_streamlined
62.4,2,0,81.52376184146526,71.6,12.3,0,1,0,12,36,15.8,132.2,24,1.2,19,0.183,0,0,1,0,17.2,LOW,1.0,30,MODERATE_standard
39.4,6,2,267.31082896063725,31.8,35.2,10,0,0,19,36,16.1,523.8,135,3.55,10,0.419,0,1,0,0,61.1,HIGH,12.3,374,HIGH_backlog
93.5,1,0,44.00559427234863,88.5,1.6,0,1,0,14,30,6.0,140.9,8,0.21,32,0.028,0,0,1,1,12.0,LOW,2.1,64,LOW_streamlined
64.9,4,0,130.73447873816366,59.6,10.6,2,1,0,22,24,13.3,345.8,52,1.67,14,0.18,0,0,0,1,29.8,MODERATE,3.9,119,MODERATE_standard
55.1,9,3,256.19555525591767,43.5,33.4,8,1,99,19,48,21.9,135.0,49,2.93,5,0.343,0,0,0,0,55.7,HIGH,9.9,301,HIGH_backlog
22.6,10,5,358.94343981129214,22.8,54.5,22,0,226,35,48,20.3,1389.8,452,4.1,13,0.47,0,1,0,0,94.0,CRITICAL,30.8,936,CRITICAL_injunction
52.7,6,1,214.99397249566698,27.5,31.0,22,0,68,35,48,18.8,296.7,94,3.36,24,0.327,0,1,0,0,59.3,HIGH,10.5,319,HIGH_backlog
68.8,4,0,133.26561060185094,68.9,16.4,0,1,0,21,24,10.1,158.6,20,1.71,12,0.177,0,0,1,1,25.5,MODERATE,3.5,106,MODERATE_standard
75.4,0,0,27.71356636086078,95.5,1.3,0,1,0,5,24,4.5,190.3,27,0.36,30,0.053,0,0,0,1,12.0,LOW,0.6,18,LOW_streamlined
45.4,7,1,264.7893045052776,39.5,33.9,33,1,0,28,36,17.1,624.6,165,3.17,9,0.348,0,0,0,0,52.8,HIGH,9.4,286,HIGH_backlog
88.2,0,0,46.1721831177456,80.8,5.5,0,1,0,11,30,6.7,238.8,34,0.79,41,0.069,0,0,1,1,12.0,LOW,1.1,33,LOW_streamlined
39.2,7,3,189.3190619079912,34.0,34.0,8,0,0,22,48,19.0,674.4,154,3.33,15,0.499,0,1,0,0,63.3,HIGH,10.2,310,HIGH_backlog
38.2,7,1,292.6292499404551,40.2,23.5,2,0,45,32,36,22.1,149.0,42,3.02,24,0.438,0,0,0,0,54.7,HIGH,12.7,386,HIGH_backlog
22.4,12,4,362.8642185625339,21.2,58.2,123,0,291,40,60,25.8,1127.2,299,4.68,6,0.66,1,0,0,0,92.6,CRITICAL,29.9,909,CRITICAL_injunction
66.8,4,0,123.4469302918123,64.0,13.3,0,1,0,14,36,14.8,252.8,25,1.52,15,0.172,0,0,1,0,24.0,MODERATE,7.4,225,MODERATE_standard
33.3,18,4,395.82593159704044,17.0,59.7,41,1,243,35,48,31.0,314.9,92,4.37,16,0.483,1,0,0,0,73.7,CRITICAL,29.0,882,CRITICAL_injunction
93.7,0,0,14.011112322785703,84.3,6.8,0,1,0,17,18,5.6,35.5,7,0.21,12,0.074,0,0,1,1,12.0,LOW,1.3,40,LOW_streamlined
60.2,4,0,104.57831323913211,62.5,13.8,2,1,0,18,24,13.3,275.4,59,1.67,21,0.142,0,0,1,1,29.9,MODERATE,6.9,210,MODERATE_standard
68.1,5,0,126.56252517361035,64.2,8.5,0,1,0,22,24,14.2,336.0,43,1.83,20,0.109,0,0,1,1,21.8,LOW,2.4,73,MODERATE_standard
73.3,4,0,69.42693971084725,62.9,16.8,0,1,0,18,24,14.2,57.7,16,1.19,26,0.178,0,1,1,1,29.8,MODERATE,4.0,122,MODERATE_standard
89.4,1,0,16.26102797584157,93.4,3.0,0,1,0,17,18,5.0,159.6,29,0.35,36,0.052,0,0,0,1,12.0,LOW,1.1,33,LOW_streamlined
23.3,10,2,542.7307354363205,6.9,43.1,171,0,352,30,48,26.6,1262.1,454,4.06,19,0.564,1,0,0,1,90.4,CRITICAL,19.7,599,CRITICAL_injunction
15.5,10,2,410.8252586716029,21.4,45.3,15,0,255,46,48,32.1,1274.6,317,3.77,14,0.627,0,0,0,1,87.8,CRITICAL,23.8,724,CRITICAL_injunction
90.2,1,0,53.11014868290944,90.3,4.6,0,1,0,10,24,5.6,121.6,17,0.58,42,0.079,0,0,0,0,12.0,LOW,0.9,27,LOW_streamlined
43.9,6,1,313.20227559283285,42.5,27.3,8,1,86,26,48,19.9,465.9,115,3.1,9,0.388,0,1,0,1,51.8,HIGH,12.0,365,HIGH_backlog
25.4,10,5,521.3760053626794,19.9,46.1,6,0,295,40,36,28.6,414.9,136,4.18,23,0.459,0,0,0,1,90.1,CRITICAL,24.3,739,CRITICAL_injunction
25.3,10,5,535.0597476861957,10.6,41.0,6,0,341,31,48,31.8,524.6,136,4.68,2,0.72,0,0,0,0,92.6,CRITICAL,24.2,736,CRITICAL_injunction
61.6,4,0,135.1586821987434,60.3,14.7,0,1,0,18,24,10.9,449.8,86,1.87,37,0.219,0,0,0,0,28.7,MODERATE,6.4,195,MODERATE_standard
21.1,14,2,488.64828330957135,12.4,59.0,5,0,176,28,60,30.2,508.7,112,4.63,22,0.586,0,1,0,1,94.0,CRITICAL,19.8,602,CRITICAL_injunction
53.3,8,1,219.42624589478845,45.4,35.2,11,0,0,24,48,21.7,304.8,62,3.19,20,0.498,0,0,0,1,56.5,HIGH,10.4,316,HIGH_backlog
13.5,12,2,541.380622991698,8.1,37.8,10,0,240,50,48,23.7,607.1,200,4.44,16,0.713,0,0,0,0,93.5,CRITICAL,29.1,885,CRITICAL_injunction
72.5,2,0,82.1558948816843,65.2,11.1,3,1,0,22,36,11.4,426.6,84,1.49,34,0.097,0,0,1,0,23.3,LOW,1.3,40,MODERATE_standard
63.5,5,1,127.99263106865556,64.5,15.3,1,1,0,22,36,13.6,322.9,59,1.91,19,0.126,0,0,1,1,34.9,MODERATE,3.5,106,MODERATE_standard
77.2,0,0,56.9157864325658,88.1,1.4,0,1,0,11,30,8.1,37.4,5,0.89,21,0.078,0,0,1,1,12.0,LOW,0.9,27,LOW_streamlined
52.8,7,1,292.8000335935505,36.0,33.1,2,1,0,25,48,16.7,181.0,33,2.85,16,0.46,1,0,0,1,57.1,HIGH,13.8,420,HIGH_backlog
46.6,8,3,258.70643354903353,28.7,26.5,17,0,0,18,48,19.3,647.1,127,2.36,19,0.485,0,0,0,0,56.5,HIGH,8.5,258,HIGH_backlog
44.4,8,1,235.3363041603621,40.5,26.6,19,1,0,20,48,22.6,262.0,85,2.26,14,0.292,0,0,0,0,47.7,HIGH,11.5,350,HIGH_backlog
51.5,7,2,295.42601246463687,40.6,28.5,8,1,83,26,48,22.8,283.6,71,2.8,13,0.479,0,0,0,1,52.3,HIGH,13.9,423,HIGH_backlog
12.2,12,4,373.3676465708147,23.3,64.4,12,0,313,31,60,34.2,911.7,243,4.3,19,0.543,0,0,0,0,94.0,CRITICAL,26.6,809,CRITICAL_injunction
86.5,0,0,30.907239408139983,78.7,3.3,0,1,0,8,18,7.8,119.1,9,0.83,15,0.038,0,0,1,1,12.0,LOW,0.0,0,LOW_streamlined
71.9,2,0,128.87398392828123,59.2,17.3,0,1,0,11,24,11.8,113.8,10,1.13,25,0.082,0,1,1,0,23.7,LOW,1.5,46,MODERATE_standard
76.1,1,0,21.215927942676313,94.1,3.4,0,1,0,11,30,5.1,150.2,13,0.77,45,0.017,0,0,0,1,12.0,LOW,0.8,24,LOW_streamlined
20.0,10,3,497.46672891099627,15.1,46.8,6,0,156,36,36,22.2,573.5,133,4.04,9,0.593,0,0,0,0,91.9,CRITICAL,19.1,581,CRITICAL_injunction
71.2,3,0,148.55411368771104,68.1,14.7,2,1,0,18,36,11.5,440.4,64,1.7,15,0.091,0,0,0,0,24.7,MODERATE,3.7,112,MODERATE_standard
45.4,7,3,208.2139729208838,32.6,26.8,8,0,105,30,48,20.4,182.1,34,3.29,4,0.455,0,1,0,1,67.3,HIGH,13.4,407,HIGH_backlog
67.5,3,0,93.11072332566562,65.0,14.0,0,1,0,18,24,14.4,291.0,36,1.3,29,0.113,0,0,1,1,20.9,LOW,1.9,58,MODERATE_standard
72.9,2,0,91.03099093617408,60.2,11.3,1,1,0,15,36,9.2,150.4,23,1.67,20,0.157,0,0,0,1,26.0,MODERATE,7.3,222,MODERATE_standard
87.6,0,0,17.164072935132054,96.1,2.7,0,1,0,5,24,7.6,205.4,19,0.41,30,0.059,0,0,0,0,12.0,LOW,2.0,61,LOW_streamlined
81.8,0,0,44.231309713248315,85.2,1.0,0,1,0,16,30,8.5,212.6,27,0.79,16,0.019,0,0,1,1,12.0,LOW,1.2,36,LOW_streamlined
78.1,1,0,51.18032103990947,93.8,0.7,0,1,0,11,18,8.5,43.8,3,0.59,41,0.037,0,0,1,1,12.0,LOW,2.5,76,LOW_streamlined
39.2,7,1,224.56257325692863,35.7,34.3,6,1,87,19,36,21.6,268.2,47,2.71,23,0.417,0,1,0,1,54.4,HIGH,13.6,413,HIGH_backlog
42.2,7,1,221.73059107347518,37.7,23.6,17,1,92,33,36,22.7,450.0,124,3.57,16,0.267,0,0,0,1,53.4,HIGH,10.1,307,HIGH_backlog
40.4,9,3,278.0604518819105,26.7,34.3,7,0,0,28,48,23.5,129.1,34,2.94,23,0.481,0,1,0,0,63.1,HIGH,14.8,450,HIGH_backlog
19.6,18,3,300.71516325027903,11.6,52.4,11,1,134,46,60,27.5,714.7,222,3.71,4,0.779,0,0,0,0,75.6,CRITICAL,23.2,705,CRITICAL_injunction
83.7,0,0,19.02591141962118,78.1,5.8,0,1,0,10,24,5.3,115.4,14,0.57,16,0.071,0,0,1,1,12.0,LOW,0.1,3,LOW_streamlined
18.1,14,3,320.05729106816955,15.1,43.9,5,1,330,27,60,28.4,471.5,100,5.24,10,0.665,0,0,0,0,73.8,CRITICAL,21.1,641,CRITICAL_injunction
19.4,12,5,367.9348965572674,17.9,40.9,14,0,214,34,48,29.1,962.6,282,5.1,12,0.598,0,1,0,0,92.5,CRITICAL,25.9,787,CRITICAL_injunction
40.3,8,3,296.9521542397945,35.6,23.0,28,1,0,20,36,17.6,787.8,162,2.57,17,0.267,0,0,0,1,53.3,HIGH,14.5,441,HIGH_backlog
58.3,4,0,160.46846618661817,68.1,16.2,0,1,0,15,24,12.8,363.8,63,1.44,27,0.082,0,0,1,1,25.6,MODERATE,5.7,173,MODERATE_standard
13.5,12,5,430.6258924282198,15.9,37.1,9,0,131,38,60,21.5,717.1,198,3.59,6,0.639,0,0,0,0,85.4,CRITICAL,16.7,508,CRITICAL_injunction
44.4,9,1,233.4995264765597,40.7,35.8,23,0,0,22,48,16.0,512.5,119,3.14,20,0.353,1,1,0,1,64.6,HIGH,10.3,313,HIGH_backlog
68.8,5,0,93.67209758854992,60.5,13.5,0,1,0,20,36,11.4,445.4,75,1.8,39,0.114,0,0,0,0,25.8,MODERATE,6.7,204,MODERATE_standard
29.6,10,2,538.4431801501933,14.9,46.2,110,0,276,31,60,26.9,836.8,258,4.85,15,0.649,1,0,0,1,94.0,CRITICAL,31.9,970,CRITICAL_injunction
19.3,12,5,374.4606837288307,18.3,56.9,7,1,277,33,36,23.0,406.4,155,4.13,6,0.474,0,0,0,0,75.5,CRITICAL,20.1,611,CRITICAL_injunction
45.9,6,2,205.58516323824102,46.0,25.1,29,1,0,20,48,23.3,646.1,151,2.54,6,0.33,0,1,0,1,52.3,HIGH,8.4,255,HIGH_backlog
48.6,9,2,221.4046587633029,39.4,25.1,7,1,0,20,48,17.3,538.0,129,2.45,24,0.346,1,0,0,1,52.4,HIGH,12.2,371,HIGH_backlog
87.2,1,0,29.372564796126934,83.3,0.1,0,1,0,14,24,8.3,118.1,8,0.42,22,0.029,0,0,0,1,12.0,LOW,1.7,52,LOW_streamlined
38.0,6,1,229.91998563311466,25.6,34.5,15,0,0,20,36,20.1,564.1,156,3.15,28,0.405,1,0,0,0,64.2,HIGH,8.6,261,HIGH_backlog
89.1,0,0,35.22279708346777,88.2,5.8,0,1,0,5,30,5.6,89.8,15,0.5,35,0.062,0,0,1,1,12.0,LOW,0.5,15,LOW_streamlined
35.0,10,3,309.4336762230507,11.4,46.3,21,1,196,29,48,32.1,1255.7,425,5.25,8,0.751,0,0,0,0,70.8,CRITICAL,28.2,857,CRITICAL_injunction
85.7,1,0,53.07090230477587,82.2,1.0,0,1,0,13,24,4.7,229.7,25,0.87,23,0.056,0,0,0,1,12.0,LOW,0.3,9,LOW_streamlined
90.1,0,0,18.41392942538564,94.5,3.8,0,1,0,4,18,8.2,157.5,15,0.58,18,0.06,0,0,1,1,12.0,LOW,1.5,46,LOW_streamlined
53.8,7,3,186.60753823763307,27.6,31.6,42,0,90,25,36,18.2,655.1,221,2.55,28,0.325,0,0,0,0,60.9,HIGH,8.1,246,HIGH_backlog
76.3,0,0,53.45874287015437,85.9,3.2,0,1,0,9,18,6.7,70.9,4,0.53,26,0.067,0,0,0,0,12.0,LOW,2.1,64,LOW_streamlined
19.5,10,3,434.10559985894986,9.9,60.4,9,0,234,44,48,32.9,744.7,189,3.71,14,0.63,0,1,0,1,93.2,CRITICAL,27.7,842,CRITICAL_injunction
90.6,1,0,55.892044154677656,80.4,5.7,0,1,0,5,24,4.5,186.5,26,0.36,39,0.029,0,0,1,1,12.0,LOW,0.2,6,LOW_streamlined
58.6,3,0,153.90001732563525,57.1,16.1,0,1,0,16,36,15.2,186.5,34,1.46,35,0.117,0,1,1,1,28.9,MODERATE,7.3,222,MODERATE_standard
22.3,12,3,543.9239897164011,9.3,36.8,150,0,296,29,60,28.1,1264.5,336,5.18,9,0.698,1,0,0,0,94.0,CRITICAL,21.0,638,CRITICAL_injunction
53.6,7,2,199.46030872787088,29.0,21.9,11,1,0,18,36,17.7,215.0,48,2.36,25,0.376,0,0,0,1,48.6,HIGH,14.1,429,HIGH_backlog
92.4,1,0,15.911120603622994,84.5,5.2,0,1,0,10,18,6.0,110.5,9,0.76,19,0.023,0,0,0,0,12.0,LOW,0.5,15,LOW_streamlined
47.1,7,2,267.9992960906196,36.0,29.9,10,0,0,34,36,20.2,767.5,138,3.24,25,0.424,0,1,0,0,59.7,HIGH,12.7,386,HIGH_backlog
67.0,3,1,145.51987427838532,62.9,17.3,0,1,0,18,24,10.4,192.4,27,1.52,22,0.133,0,0,0,1,29.0,MODERATE,4.9,149,MODERATE_standard
76.8,0,0,37.19865556424838,87.5,1.6,0,1,0,9,18,5.2,177.3,17,0.79,26,0.027,0,0,0,1,12.0,LOW,1.4,43,LOW_streamlined
67.6,2,0,120.24098372870185,69.6,10.0,0,1,0,12,36,13.1,132.3,26,1.62,7,0.124,0,0,1,1,19.5,LOW,0.5,15,MODERATE_standard
48.0,7,2,291.4820928781185,34.9,24.8,26,0,103,36,48,20.8,620.7,177,2.67,18,0.26,1,0,0,0,64.1,HIGH,8.4,255,HIGH_backlog
26.3,12,2,423.46634457322773,5.5,49.5,155,0,267,27,60,32.1,785.5,239,4.1,23,0.637,1,0,0,0,91.4,CRITICAL,26.9,818,CRITICAL_injunction
23.8,12,3,532.9156300804423,21.3,56.0,4,0,243,50,60,27.5,360.5,88,3.86,4,0.745,0,1,0,0,88.0,CRITICAL,24.9,757,CRITICAL_injunction
52.2,6,2,284.72225073791634,28.2,21.9,10,0,114,32,48,21.9,338.0,80,2.63,10,0.424,1,0,0,1,61.4,HIGH,8.6,261,HIGH_backlog
69.4,2,0,146.53588288281884,62.8,17.0,0,1,0,19,24,10.3,71.1,10,1.4,22,0.083,0,0,1,1,19.0,LOW,0.3,9,MODERATE_standard
30.0,10,5,384.71525278419546,7.6,59.2,6,0,189,47,48,30.9,456.8,134,5.17,20,0.561,0,1,0,0,91.5,CRITICAL,16.7,508,CRITICAL_injunction
65.6,3,1,73.7084566309675,66.5,15.8,1,1,0,15,36,10.8,271.1,52,1.85,18,0.217,0,1,1,1,32.1,MODERATE,4.9,149,MODERATE_standard
44.2,8,3,212.39006991631726,33.1,30.5,1,1,109,35,36,20.5,182.6,33,2.92,11,0.379,0,0,0,0,59.3,HIGH,12.8,389,HIGH_backlog
60.6,2,0,72.28405014998512,57.0,8.6,1,1,0,16,24,14.3,242.8,43,1.92,31,0.155,0,1,0,0,32.2,MODERATE,4.6,140,MODERATE_standard
53.2,7,1,267.5669284594526,40.4,27.6,23,1,0,24,36,17.7,507.2,135,3.17,28,0.499,0,1,0,1,51.8,HIGH,9.8,298,HIGH_backlog
75.7,1,0,14.33532837978201,93.8,3.6,0,1,0,4,30,6.7,246.5,17,0.84,25,0.068,0,0,1,1,12.0,LOW,0.9,27,LOW_streamlined
59.0,3,1,137.13328961759134,56.2,11.9,0,1,0,19,24,14.0,221.5,35,1.98,18,0.192,0,1,1,1,32.2,MODERATE,6.9,210,MODERATE_standard
61.7,3,0,102.57567475876664,56.6,8.6,0,1,0,19,36,11.8,346.3,64,1.15,25,0.204,0,0,0,1,26.1,MODERATE,4.9,149,MODERATE_standard
94.1,1,0,53.218313322798664,88.4,5.7,0,1,0,11,30,6.3,84.9,10,0.53,25,0.078,0,0,0,1,12.0,LOW,0.2,6,LOW_streamlined
78.3,0,0,30.084844637988823,93.9,0.5,0,1,0,7,30,6.5,249.3,20,0.79,35,0.053,0,0,1,1,12.0,LOW,2.4,73,LOW_streamlined
13.3,12,4,420.8187656559611,9.8,48.5,78,1,350,33,48,29.5,495.7,106,5.03,3,0.466,1,0,0,1,79.2,CRITICAL,19.0,578,CRITICAL_injunction
24.2,12,5,295.45390724953853,19.9,62.3,14,0,343,31,48,20.8,987.7,285,4.59,21,0.542,0,1,0,0,92.5,CRITICAL,29.2,888,CRITICAL_injunction
76.3,1,0,33.61132128781021,77.7,0.6,0,1,0,9,30,7.6,249.7,22,0.48,21,0.034,0,0,0,1,12.0,LOW,1.6,49,LOW_streamlined
53.6,9,1,187.79895705613433,30.4,35.3,27,1,0,22,36,22.8,763.9,147,2.28,11,0.276,0,0,0,1,53.5,HIGH,8.9,271,HIGH_backlog
70.7,2,1,88.3195927091085,65.5,11.4,1,1,0,16,24,10.0,358.9,47,1.27,12,0.152,0,0,1,0,23.7,LOW,0.2,6,MODERATE_standard
21.3,12,4,313.5939094500112,10.0,38.9,14,0,263,42,48,28.3,1322.5,295,4.53,17,0.743,0,1,0,1,88.9,CRITICAL,17.9,544,CRITICAL_injunction
84.3,0,0,44.06410552662169,97.6,4.6,0,1,0,9,30,7.6,31.9,5,0.63,15,0.057,0,0,0,1,12.0,LOW,1.5,46,LOW_streamlined
59.2,3,0,75.07721908947768,57.7,10.0,1,1,0,23,36,11.0,161.3,29,1.31,13,0.138,0,0,0,0,26.8,MODERATE,4.8,146,MODERATE_standard
24.1,18,3,465.5532727343844,21.3,58.3,17,0,134,31,60,30.5,1333.1,347,3.52,11,0.565,0,0,0,0,82.1,CRITICAL,28.3,860,CRITICAL_injunction
40.8,6,1,226.72872358977168,38.1,32.0,10,0,85,36,36,21.1,195.9,67,2.93,5,0.308,0,0,0,1,59.3,HIGH,11.5,350,HIGH_backlog
91.1,1,0,38.867670060983386,89.8,0.9,0,1,0,15,24,7.2,32.1,4,0.52,31,0.012,0,0,1,1,12.0,LOW,0.2,6,LOW_streamlined
72.0,2,0,164.15995102741078,60.3,13.3,0,1,0,10,36,14.8,249.7,33,1.66,8,0.096,0,1,0,1,22.8,LOW,0.7,21,MODERATE_standard
62.2,2,0,147.03916688830537,70.5,10.8,0,1,0,23,24,14.9,204.7,41,1.98,39,0.089,0,1,1,0,24.8,MODERATE,5.9,179,MODERATE_standard
77.0,1,0,52.91652158904624,88.6,0.5,0,1,0,6,30,6.3,138.3,13,0.75,46,0.029,0,0,1,1,12.0,LOW,2.3,70,LOW_streamlined
39.8,8,3,317.62905794607485,28.2,20.2,11,1,98,31,48,20.0,434.5,102,3.0,7,0.484,1,0,0,1,58.5,HIGH,11.1,337,HIGH_backlog
47.5,8,2,301.74630408251664,40.7,29.3,12,1,0,30,36,23.6,234.7,56,2.76,7,0.381,1,0,0,1,53.7,HIGH,15.0,456,HIGH_backlog
88.0,0,0,26.428531636614714,86.8,0.6,0,1,0,14,18,7.0,26.1,6,0.43,39,0.015,0,0,0,1,12.0,LOW,2.0,61,LOW_streamlined
70.6,3,0,118.02895028446409,54.8,15.7,0,1,0,11,36,9.1,349.0,66,1.93,39,0.111,0,0,1,1,23.0,LOW,2.2,67,MODERATE_standard
54.3,7,1,303.02451331477016,44.2,20.9,38,1,56,37,48,20.9,578.4,155,2.51,18,0.421,0,0,0,1,47.2,HIGH,11.6,353,HIGH_backlog
22.2,18,3,303.4313975975474,18.9,48.6,48,1,159,27,36,21.9,444.8,93,4.23,7,0.526,1,0,0,1,73.1,CRITICAL,24.2,736,CRITICAL_injunction
54.0,9,3,242.7685058734487,30.1,24.4,46,1,0,20,36,16.6,682.7,188,3.0,6,0.362,0,1,0,0,52.7,HIGH,14.7,447,HIGH_backlog
70.7,3,0,167.7775733784121,56.6,14.8,1,1,0,13,24,15.5,345.0,37,1.98,35,0.104,0,1,1,1,32.9,MODERATE,3.8,116,MODERATE_standard
30.5,12,2,478.27450954052983,23.8,53.9,16,0,171,26,36,31.7,1499.2,334,3.91,7,0.482,0,0,0,1,87.5,CRITICAL,22.7,690,CRITICAL_injunction
23.9,14,4,326.97020059390144,13.5,60.3,62,0,272,50,60,21.1,741.0,158,4.22,13,0.799,1,0,0,0,91.1,CRITICAL,28.7,872,CRITICAL_injunction
72.0,4,0,120.7253630894204,54.7,10.4,2,1,0,8,36,10.1,406.4,88,1.96,34,0.201,0,1,0,1,33.2,MODERATE,6.4,195,MODERATE_standard
22.1,14,2,499.54834121006587,13.4,56.5,19,0,261,24,48,23.2,1096.7,382,3.97,15,0.74,0,1,0,0,92.8,CRITICAL,26.7,812,CRITICAL_injunction
46.1,7,1,244.95107688368472,38.5,31.5,4,1,66,34,48,23.6,137.0,40,2.95,20,0.386,0,0,0,1,51.7,HIGH,10.6,322,HIGH_backlog
64.7,5,0,94.2484882156107,51.9,13.2,2,1,0,19,36,13.1,422.0,61,1.2,38,0.104,0,0,0,1,32.1,MODERATE,6.5,198,MODERATE_standard
50.3,6,1,212.80550919107375,30.5,23.4,2,1,117,32,48,18.7,103.4,22,2.67,4,0.42,0,0,0,0,45.4,HIGH,9.0,274,HIGH_backlog
45.2,8,1,305.65452571309174,34.3,35.2,19,0,0,34,36,23.5,555.1,113,3.36,24,0.3,0,1,0,0,60.6,HIGH,14.7,447,HIGH_backlog
38.3,8,3,181.8593684842012,46.4,29.1,22,0,0,20,36,20.0,497.2,141,2.3,21,0.376,0,1,0,0,61.1,HIGH,11.4,347,HIGH_backlog
85.9,0,0,50.18467259386512,89.4,0.6,0,1,0,17,18,8.1,208.4,31,0.89,30,0.042,0,0,1,1,12.0,LOW,1.4,43,LOW_streamlined
68.0,2,0,88.2819041491062,67.4,11.6,0,1,0,9,24,14.0,154.3,31,1.89,10,0.201,0,0,0,1,19.0,LOW,0.3,9,MODERATE_standard
34.5,12,3,509.01484470928176,23.1,50.4,8,0,238,46,36,27.1,786.7,169,4.48,20,0.741,0,1,0,0,88.2,CRITICAL,25.2,766,CRITICAL_injunction
46.3,7,2,257.2397320827954,25.8,24.9,13,1,0,21,48,23.7,735.8,187,2.73,10,0.311,1,1,0,1,54.2,HIGH,13.3,404,HIGH_backlog
58.8,4,0,146.7220289369384,54.4,16.5,0,1,0,19,24,11.2,80.6,12,1.92,10,0.105,0,0,1,1,31.0,MODERATE,5.5,167,MODERATE_standard
74.0,3,0,78.1517141355211,67.3,16.0,0,1,0,8,36,11.0,415.9,69,1.44,31,0.156,0,0,1,1,20.7,LOW,0.0,0,MODERATE_standard
52.1,7,2,312.46616515877656,36.8,22.7,31,0,44,35,48,16.5,546.8,127,2.46,4,0.436,0,0,0,0,54.0,HIGH,9.1,277,HIGH_backlog
13.3,14,2,505.8387290915533,6.0,39.3,4,0,242,51,36,27.9,220.6,80,4.62,5,0.519,0,1,0,1,92.7,CRITICAL,25.5,775,CRITICAL_injunction
77.8,1,0,49.137283712569335,91.0,1.2,0,1,0,8,24,8.7,134.8,11,0.68,17,0.027,0,0,0,1,12.0,LOW,2.3,70,LOW_streamlined
64.4,4,0,103.98614248550714,67.0,11.5,1,1,0,9,36,11.6,155.1,40,1.24,33,0.179,0,0,1,1,30.5,MODERATE,4.7,143,MODERATE_standard
25.3,18,4,455.69558377012606,12.2,40.2,42,0,334,49,48,33.8,261.4,78,3.69,13,0.709,1,0,0,0,87.9,CRITICAL,28.8,876,CRITICAL_injunction
34.0,18,3,420.3149584106018,23.8,55.2,41,1,230,25,60,33.5,318.9,104,3.6,20,0.569,1,0,0,0,69.1,CRITICAL,31.1,945,CRITICAL_injunction
66.7,2,0,113.33291492057984,61.2,16.0,0,1,0,21,24,10.0,421.3,54,1.19,24,0.092,0,0,0,1,19.9,LOW,1.7,52,MODERATE_standard
58.2,4,1,118.0619964039868,63.2,11.6,1,1,0,16,36,14.1,339.8,58,1.38,17,0.107,0,0,1,1,33.9,MODERATE,4.4,134,MODERATE_standard
93.3,0,0,23.36293425735309,97.5,1.9,0,1,0,13,30,6.1,26.7,4,0.27,16,0.039,0,0,1,1,12.0,LOW,0.3,9,LOW_streamlined
36.0,10,4,400.6315926572171,5.2,40.3,247,0,349,31,36,33.8,1046.3,334,4.12,6,0.747,1,0,0,0,90.3,CRITICAL,24.7,751,CRITICAL_injunction
48.9,8,2,312.68774148450075,37.1,30.8,18,1,0,21,36,17.4,418.8,100,3.17,20,0.473,0,1,0,0,58.9,HIGH,9.9,301,HIGH_backlog
46.0,7,2,261.6294758191001,35.1,34.7,9,0,81,34,48,16.2,495.5,92,2.78,11,0.437,0,1,0,1,65.6,HIGH,9.4,286,HIGH_backlog
40.5,6,2,234.2144467484865,38.5,25.4,11,0,0,35,48,17.4,377.2,75,3.23,10,0.373,1,1,0,1,63.6,HIGH,10.7,325,HIGH_backlog
68.0,3,0,71.36171886057541,56.3,12.3,0,1,0,23,36,9.2,100.5,14,1.55,26,0.089,0,0,0,0,25.1,MODERATE,4.0,122,MODERATE_standard
34.7,12,4,427.7070075479794,9.2,56.8,83,0,300,31,60,29.3,651.5,147,4.58,18,0.705,1,0,0,0,87.6,CRITICAL,31.5,958,CRITICAL_injunction
21.9,10,3,286.976522499403,23.4,41.5,14,1,307,32,36,23.0,838.7,282,3.66,12,0.453,0,0,0,1,65.7,HIGH,13.7,416,CRITICAL_injunction
24.2,14,5,322.0370013941019,21.1,42.0,152,1,170,46,48,31.9,927.5,218,3.87,3,0.799,1,0,0,1,71.2,CRITICAL,29.5,897,CRITICAL_injunction
67.7,5,0,119.37911419206556,67.7,9.9,0,1,0,15,24,9.6,143.0,16,1.6,23,0.1,0,1,1,1,28.9,MODERATE,4.5,137,MODERATE_standard
90.9,0,0,19.190644474090746,80.5,7.6,0,1,0,4,18,6.9,131.3,10,0.31,24,0.059,0,0,0,1,12.0,LOW,1.4,43,LOW_streamlined
34.6,14,3,407.08926986258666,6.6,57.2,138,1,165,48,60,31.9,788.1,192,4.41,8,0.584,1,0,0,0,68.1,CRITICAL,28.0,851,CRITICAL_injunction
20.8,10,2,424.95196955570697,14.9,59.2,14,0,344,40,36,24.6,1381.8,296,5.24,18,0.537,0,1,0,1,94.0,CRITICAL,19.2,584,CRITICAL_injunction
92.2,1,0,37.79354070994796,93.6,1.4,0,1,0,11,30,7.5,117.2,9,0.49,16,0.057,0,0,1,1,12.0,LOW,1.6,49,LOW_streamlined
23.9,12,5,521.9893134473264,10.1,61.8,11,0,284,46,60,32.9,793.3,220,3.68,21,0.562,0,1,0,1,89.8,CRITICAL,20.0,608,CRITICAL_injunction
63.3,2,0,156.92428428528683,53.3,15.4,0,1,0,20,24,10.7,76.2,16,1.16,10,0.2,0,1,0,1,23.6,LOW,0.6,18,MODERATE_standard
63.6,4,0,141.24453778584123,51.6,13.4,0,1,0,13,36,14.6,67.4,20,1.61,31,0.173,0,0,1,1,25.6,MODERATE,5.6,170,MODERATE_standard
39.8,9,3,238.11500475969058,41.3,23.7,2,1,0,36,48,17.8,102.7,28,2.61,24,0.269,1,0,0,0,58.3,HIGH,11.0,334,HIGH_backlog
82.2,2,0,10.191514525016128,88.0,1.3,0,1,0,17,30,5.2,152.3,26,0.86,18,0.018,0,0,0,1,12.0,LOW,2.5,76,LOW_streamlined
78.7,0,0,13.159413963725811,96.0,1.4,0,1,0,17,30,7.0,119.8,10,0.62,14,0.078,0,0,1,1,12.0,LOW,1.4,43,LOW_streamlined
26.5,10,3,438.7988008169915,8.0,59.2,8,1,222,25,48,28.3,502.0,160,4.7,8,0.59,0,0,0,0,70.7,CRITICAL,21.3,648,CRITICAL_injunction
24.6,10,3,396.97775172343756,7.1,36.7,8,0,297,26,36,26.4,718.0,176,4.17,8,0.721,0,0,0,1,90.6,CRITICAL,16.2,492,CRITICAL_injunction
23.6,18,2,498.9982329024359,23.5,50.6,15,1,171,43,60,30.1,1249.8,305,4.31,22,0.481,0,0,0,0,72.2,CRITICAL,25.9,787,CRITICAL_injunction
79.1,0,0,13.586767187371247,85.3,3.3,0,1,0,16,24,5.1,86.4,11,0.85,44,0.065,0,0,1,1,12.0,LOW,0.8,24,LOW_streamlined
43.5,7,3,250.43016403802528,29.1,26.3,40,1,67,28,48,22.8,614.8,189,2.81,9,0.298,0,1,0,0,60.1,HIGH,9.4,286,HIGH_backlog
44.9,9,1,224.80833898570154,45.6,27.9,17,1,0,36,36,17.6,475.0,117,2.25,20,0.316,0,1,0,1,52.9,HIGH,9.6,292,HIGH_backlog
83.0,0,0,14.943667133132568,90.5,6.0,0,1,0,13,30,8.1,204.3,29,0.81,18,0.07,0,0,0,0,12.0,LOW,1.0,30,LOW_streamlined
84.4,0,0,47.859455984098474,88.1,0.4,0,1,0,4,30,5.5,180.6,20,0.62,31,0.01,0,0,1,1,12.0,LOW,0.7,21,LOW_streamlined
12.2,12,4,469.7099856382373,11.8,59.6,5,0,247,36,60,26.0,377.5,101,5.41,16,0.554,0,0,0,1,94.0,CRITICAL,26.6,809,CRITICAL_injunction
51.9,7,3,296.8939485072964,29.5,20.6,2,0,0,34,48,19.4,178.7,35,2.86,8,0.258,1,0,0,0,59.2,HIGH,9.7,295,HIGH_backlog
61.0,3,0,124.02653202642954,66.9,16.3,2,1,0,8,24,9.0,327.6,54,1.32,13,0.115,0,0,1,0,27.2,MODERATE,5.3,161,MODERATE_standard
85.4,0,0,17.61141069584334,97.6,0.3,0,1,0,12,18,7.3,28.4,4,0.4,33,0.051,0,0,1,1,12.0,LOW,2.1,64,LOW_streamlined
64.1,2,0,165.39029612788158,50.4,15.3,0,1,0,22,36,12.7,448.7,71,1.94,22,0.149,0,0,1,1,24.6,MODERATE,7.0,213,MODERATE_standard
60.5,3,0,68.93141021262188,58.0,9.8,0,1,0,15,36,12.5,234.0,25,1.26,25,0.169,0,0,0,1,24.8,MODERATE,6.3,192,MODERATE_standard
39.5,8,1,229.9412437032469,46.2,21.5,9,0,43,24,48,17.9,280.5,63,3.45,4,0.3,0,0,0,0,54.2,HIGH,8.5,258,HIGH_backlog
59.1,5,0,124.08433358455879,62.6,14.9,1,1,0,20,36,15.2,315.6,48,1.47,22,0.09,0,0,0,1,33.7,MODERATE,4.5,137,MODERATE_standard
50.0,6,2,217.07428504896464,46.8,22.0,42,0,100,30,36,17.8,626.6,183,2.82,20,0.442,1,0,0,1,62.0,HIGH,11.6,353,HIGH_backlog
53.5,6,1,304.1564155256543,31.0,27.3,19,1,47,19,48,19.8,611.6,139,3.59,24,0.303,1,0,0,0,52.3,HIGH,9.6,292,HIGH_backlog
24.0,12,3,327.6312158155293,15.6,53.2,4,0,315,34,48,28.1,375.2,92,3.76,18,0.776,0,1,0,0,88.4,CRITICAL,24.3,739,CRITICAL_injunction
62.3,3,0,145.76427796587092,53.2,13.1,2,1,0,10,36,15.6,416.0,62,1.92,38,0.114,0,0,0,1,29.8,MODERATE,4.4,134,MODERATE_standard
66.7,3,1,139.42818917663143,60.4,11.4,0,1,0,8,24,12.0,152.1,32,1.84,36,0.097,0,0,1,1,27.3,MODERATE,3.7,112,MODERATE_standard
22.7,14,2,497.59061568315065,8.6,42.7,125,1,165,44,48,25.8,619.2,169,4.47,9,0.562,1,0,0,0,75.9,CRITICAL,26.3,800,CRITICAL_injunction
40.5,7,2,219.6910066379315,29.8,30.0,5,0,97,19,36,16.6,120.8,33,2.35,16,0.29,1,1,0,0,69.8,CRITICAL,21.8,663,HIGH_backlog
70.6,3,0,103.50998551136125,71.3,8.3,0,1,0,12,24,9.5,370.6,63,1.99,7,0.172,0,0,0,1,18.2,LOW,2.4,73,MODERATE_standard
67.2,5,0,102.2770661051014,69.0,10.2,0,1,0,11,24,10.6,143.0,24,1.14,15,0.172,0,1,1,1,25.4,MODERATE,6.1,185,MODERATE_standard
46.9,8,3,312.40846038118457,28.9,28.7,10,1,96,18,48,19.6,397.4,66,2.96,26,0.37,0,1,0,1,59.7,HIGH,11.5,350,HIGH_backlog
77.5,0,0,39.44051350781116,87.1,0.6,0,1,0,12,24,4.4,138.4,14,0.5,18,0.079,0,0,0,1,12.0,LOW,0.2,6,LOW_streamlined
13.5,14,2,297.712206535158,22.0,39.9,37,0,257,31,48,26.1,231.5,64,4.23,6,0.684,1,0,0,0,94.0,CRITICAL,18.8,572,CRITICAL_injunction
83.2,0,0,15.030998861129504,85.8,3.3,0,1,0,13,30,5.5,40.6,6,0.66,35,0.03,0,0,0,1,12.0,LOW,0.1,3,LOW_streamlined
48.0,6,2,241.20073470630484,40.0,24.1,36,1,109,32,48,24.0,464.3,150,3.05,14,0.306,0,1,0,1,51.8,HIGH,11.4,347,HIGH_backlog
71.1,3,0,119.66007368612227,69.2,8.4,1,1,0,13,24,13.7,294.4,46,1.11,35,0.143,0,1,1,1,25.1,MODERATE,5.2,158,MODERATE_standard
32.4,12,5,313.77400565582894,17.7,41.4,87,1,253,26,36,34.2,524.5,190,4.33,9,0.662,1,0,0,0,69.0,CRITICAL,29.4,894,CRITICAL_injunction
91.5,0,0,38.01743371751617,83.5,0.5,0,1,0,7,24,7.6,133.6,23,0.45,34,0.051,0,0,0,1,12.0,LOW,0.2,6,LOW_streamlined
41.5,9,1,186.53587478589833,38.6,21.0,28,0,0,25,36,22.6,685.2,134,3.19,28,0.352,0,0,0,0,58.3,HIGH,11.3,344,HIGH_backlog
51.0,9,1,294.889818449627,45.6,28.0,4,1,0,20,36,20.3,278.7,74,2.41,23,0.252,0,1,0,1,56.9,HIGH,14.4,438,HIGH_backlog
17.3,12,5,292.9164793769005,16.6,59.7,15,0,359,34,36,33.3,1154.6,307,5.12,10,0.531,0,0,0,0,94.0,CRITICAL,20.9,635,CRITICAL_injunction
48.8,9,1,185.47101604027372,45.4,24.7,11,0,0,34,48,23.4,223.7,67,3.55,8,0.419,0,0,0,1,54.4,HIGH,12.8,389,HIGH_backlog
33.3,18,2,314.7617447764425,21.8,60.1,19,0,253,38,36,33.4,1356.6,390,5.45,3,0.575,0,1,0,1,93.7,CRITICAL,28.1,854,CRITICAL_injunction
87.0,0,0,15.508606012681655,93.6,6.5,0,1,0,16,18,7.6,138.4,11,0.31,42,0.061,0,0,0,1,12.0,LOW,1.7,52,LOW_streamlined
47.2,6,1,310.13079875154085,37.0,34.9,36,1,84,37,36,21.9,550.0,160,2.9,11,0.292,1,0,0,0,54.1,HIGH,13.0,395,HIGH_backlog
86.8,0,0,10.32627052144435,93.3,5.6,0,1,0,4,18,6.4,36.6,7,0.21,15,0.033,0,0,1,1,12.0,LOW,0.1,3,LOW_streamlined
54.7,8,1,292.9094324547343,34.7,20.9,3,1,70,29,48,18.7,256.3,73,3.42,18,0.379,0,1,0,0,49.2,HIGH,12.1,368,HIGH_backlog
13.1,10,3,500.1457484410016,22.5,35.4,11,0,333,36,36,27.8,984.9,232,4.63,16,0.786,0,1,0,0,89.5,CRITICAL,17.3,526,CRITICAL_injunction
88.6,1,0,24.927396299108196,85.8,2.7,0,1,0,15,30,8.6,110.1,16,0.36,38,0.054,0,0,0,1,12.0,LOW,1.1,33,LOW_streamlined
68.9,5,0,172.0741606299262,55.8,11.9,0,1,0,16,36,10.4,232.2,36,1.23,35,0.175,0,1,0,1,29.4,MODERATE,5.0,152,MODERATE_standard
67.8,3,0,134.92472375083324,60.1,12.8,0,1,0,14,24,13.6,176.1,16,1.16,27,0.213,0,1,0,1,23.6,LOW,1.8,55,MODERATE_standard
58.6,2,1,160.62590484297516,64.6,13.3,0,1,0,21,36,12.3,230.7,62,1.47,14,0.182,0,0,0,1,27.8,MODERATE,4.0,122,MODERATE_standard
68.6,2,0,128.980684543185,59.0,16.8,0,1,0,14,36,11.8,247.6,36,1.44,12,0.14,0,0,0,0,23.7,LOW,0.7,21,MODERATE_standard
64.2,2,0,127.70337501584945,66.4,12.2,1,1,0,11,36,12.5,385.7,61,1.76,19,0.212,0,0,1,1,29.0,MODERATE,4.2,128,MODERATE_standard
52.1,6,1,220.92242651767725,36.0,32.1,24,0,0,24,48,22.4,409.1,109,3.14,23,0.358,0,0,0,0,54.4,HIGH,12.3,374,HIGH_backlog
76.7,1,0,53.17457252314092,81.0,7.5,0,1,0,6,30,7.9,176.5,10,0.32,41,0.064,0,0,1,1,12.0,LOW,0.3,9,LOW_streamlined
40.5,9,1,313.0295688211602,41.8,30.0,10,1,44,25,36,23.2,346.0,118,2.94,21,0.458,0,1,0,1,57.3,HIGH,8.3,252,HIGH_backlog
49.5,7,1,309.0417337232326,45.8,22.6,22,0,96,37,36,17.6,510.5,94,2.5,21,0.305,0,1,0,1,60.6,HIGH,11.2,340,HIGH_backlog
59.7,2,1,128.21666425881835,65.1,15.2,0,1,0,22,24,11.5,313.9,44,1.78,14,0.177,0,1,1,1,30.9,MODERATE,6.8,207,MODERATE_standard
33.5,18,3,342.12281280151825,21.0,49.9,226,0,318,36,48,23.4,1295.9,338,4.55,19,0.574,1,0,0,0,88.2,CRITICAL,28.7,872,CRITICAL_injunction
65.2,2,1,76.63830349359645,65.6,9.0,2,1,0,19,36,9.9,360.9,60,1.26,38,0.177,0,0,0,0,25.1,MODERATE,4.8,146,MODERATE_standard
58.2,3,0,112.27069896152508,57.3,12.8,0,1,0,23,24,11.9,123.3,20,1.76,29,0.197,0,0,0,1,29.3,MODERATE,4.7,143,MODERATE_standard
76.1,0,0,39.29315252639608,94.8,7.1,0,1,0,14,30,8.9,238.8,32,0.57,44,0.016,0,0,1,1,13.3,LOW,1.1,33,LOW_streamlined
84.0,1,0,16.272089222526,89.4,1.6,0,1,0,17,30,7.9,76.9,13,0.21,29,0.033,0,0,1,1,12.0,LOW,1.5,46,LOW_streamlined
32.1,12,3,408.33020993227905,14.9,36.0,53,0,152,31,36,24.7,577.0,152,4.73,17,0.591,1,0,0,0,86.4,CRITICAL,22.6,687,CRITICAL_injunction
80.3,0,0,57.15103548228681,93.9,4.3,0,1,0,8,30,8.0,168.3,27,0.33,37,0.037,0,0,0,1,12.0,LOW,1.2,36,LOW_streamlined
43.4,6,2,185.6455335609331,31.6,30.2,6,1,0,27,48,17.2,163.9,35,2.3,29,0.322,1,1,0,1,55.9,HIGH,9.7,295,HIGH_backlog
89.2,0,0,19.564457834825717,88.3,2.3,0,1,0,8,24,6.0,97.0,12,0.86,25,0.056,0,0,0,1,12.0,LOW,0.4,12,LOW_streamlined
29.6,10,5,374.47177518479765,8.7,61.1,303,0,206,32,60,21.9,1404.5,485,4.68,13,0.521,1,0,0,0,90.7,CRITICAL,28.8,876,CRITICAL_injunction
75.5,1,0,20.806790615546035,82.7,3.3,0,1,0,13,24,7.0,45.5,3,0.84,40,0.075,0,0,0,0,13.2,LOW,0.6,18,LOW_streamlined
12.3,14,4,372.46830918030213,11.9,54.7,4,0,145,46,60,21.0,369.0,83,4.68,13,0.71,0,1,0,0,94.0,CRITICAL,22.8,693,CRITICAL_injunction
92.8,0,0,35.51963606743533,75.4,3.5,0,1,0,12,24,8.8,160.0,11,0.69,14,0.023,0,0,1,1,12.0,LOW,1.6,49,LOW_streamlined
63.4,3,0,63.50048022888893,61.2,12.2,0,1,0,10,36,13.2,133.1,16,1.46,16,0.201,0,0,0,0,25.6,MODERATE,6.9,210,MODERATE_standard
53.6,8,3,240.45271411002767,42.1,27.4,5,0,0,36,48,23.5,173.8,32,2.88,16,0.446,1,0,0,0,55.8,HIGH,11.3,344,HIGH_backlog
91.0,1,0,33.52366598385784,83.0,6.7,0,1,0,10,18,6.6,222.4,12,0.9,42,0.035,0,0,1,1,12.0,LOW,1.6,49,LOW_streamlined
29.8,10,2,435.3852749866459,12.4,52.4,138,0,243,35,60,22.6,1192.7,335,4.83,20,0.54,1,0,0,0,90.0,CRITICAL,25.7,781,CRITICAL_injunction
66.0,3,0,85.11453138361438,62.8,17.3,1,1,0,23,36,9.0,437.8,75,1.32,23,0.133,0,0,0,1,28.3,MODERATE,7.4,225,MODERATE_standard
38.2,6,3,223.2085707933531,32.1,22.1,24,1,0,22,48,20.7,640.7,167,2.29,26,0.49,1,0,0,1,54.9,HIGH,12.5,380,HIGH_backlog
40.1,6,2,241.81662044317625,40.5,32.6,2,0,0,35,48,21.1,150.3,27,2.73,28,0.332,0,0,0,0,57.9,HIGH,14.3,435,HIGH_backlog
75.3,0,0,18.55512392067009,81.5,1.8,0,1,0,8,30,8.4,142.5,27,0.69,15,0.056,0,0,0,1,12.0,LOW,2.3,70,LOW_streamlined
94.7,2,0,37.78085773412015,97.5,1.5,0,1,0,10,18,4.9,28.2,3,0.42,27,0.032,0,0,1,1,12.0,LOW,2.4,73,LOW_streamlined
88.7,0,0,22.610120107966544,90.8,5.7,0,1,0,6,18,8.8,178.9,17,0.85,28,0.069,0,0,1,1,12.0,LOW,1.1,33,LOW_streamlined
70.6,2,1,116.49148708651236,57.1,13.4,0,1,0,16,24,15.1,245.0,47,1.63,28,0.193,0,0,1,0,23.1,LOW,1.0,30,MODERATE_standard
64.5,3,1,159.3855309463913,51.5,14.8,1,1,0,14,24,10.2,376.3,85,1.91,28,0.203,0,1,1,1,36.9,MODERATE,7.0,213,MODERATE_standard
41.1,6,2,303.9021454366162,26.4,25.5,17,1,0,31,48,19.8,241.5,70,3.42,23,0.378,0,0,0,0,55.5,HIGH,13.9,423,HIGH_backlog
45.5,6,1,237.12281277991136,44.8,31.4,19,0,0,31,36,21.1,615.8,161,3.43,14,0.478,1,0,0,0,58.2,HIGH,14.7,447,HIGH_backlog
27.3,12,2,396.2332675265077,20.2,60.0,16,0,177,51,36,33.4,1186.7,336,4.59,23,0.734,0,0,0,0,89.9,CRITICAL,31.2,948,CRITICAL_injunction
54.7,8,2,314.501932351954,34.4,29.4,22,1,0,24,48,19.5,524.6,145,2.87,27,0.349,0,0,0,0,54.1,HIGH,8.1,246,HIGH_backlog
76.3,0,0,11.713056139675217,86.8,1.8,0,1,0,4,30,4.9,134.5,17,0.55,33,0.02,0,0,0,1,12.0,LOW,2.3,70,LOW_streamlined
79.7,1,0,23.190303747317877,84.8,1.5,0,1,0,5,24,4.1,205.9,20,0.56,33,0.077,0,0,1,1,14.2,LOW,2.3,70,LOW_streamlined
70.9,3,1,161.42706697928878,64.6,10.9,2,1,0,19,24,12.7,301.0,63,1.72,36,0.149,0,1,1,1,28.4,MODERATE,6.4,195,MODERATE_standard
51.4,7,3,234.75291418075088,35.4,24.0,35,1,0,21,36,20.7,608.7,193,3.04,14,0.358,0,0,0,1,54.7,HIGH,9.0,274,HIGH_backlog
42.1,7,1,273.9915212455514,29.8,25.2,29,0,53,35,48,22.4,436.5,134,3.31,7,0.35,0,1,0,1,67.2,HIGH,9.8,298,HIGH_backlog
40.6,8,2,246.0458833147224,32.1,33.7,8,1,47,24,48,21.3,443.3,83,3.45,5,0.285,0,0,0,0,55.7,HIGH,9.0,274,HIGH_backlog
45.5,6,1,236.27326944613074,25.9,32.3,15,0,0,34,48,21.2,438.5,95,3.19,19,0.339,0,0,0,0,54.4,HIGH,10.4,316,HIGH_backlog
80.5,1,0,35.576809711739585,84.4,2.7,0,1,0,9,18,8.7,164.3,11,0.23,30,0.051,0,0,0,0,12.0,LOW,2.1,64,LOW_streamlined
65.5,3,0,85.71261711723115,65.2,8.3,0,1,0,22,36,9.5,53.3,10,1.62,27,0.151,0,0,1,0,20.5,LOW,2.2,67,MODERATE_standard
68.7,2,0,99.96091596626931,70.3,8.0,2,1,0,10,24,11.6,379.7,82,1.29,25,0.142,0,0,1,1,24.2,MODERATE,6.1,185,MODERATE_standard
60.2,2,1,103.81004079412808,62.7,11.2,0,1,0,8,36,15.4,74.4,14,1.8,31,0.165,0,0,0,1,24.4,MODERATE,5.9,179,MODERATE_standard
24.3,12,3,290.3147516144956,13.4,59.9,50,0,318,37,48,22.4,345.1,75,4.69,15,0.507,1,0,0,1,92.6,CRITICAL,19.6,596,CRITICAL_injunction
71.8,2,0,92.94535016885335,70.5,15.8,0,1,0,12,24,14.8,92.9,13,1.1,25,0.127,0,1,0,1,22.5,LOW,1.6,49,MODERATE_standard
84.0,1,0,42.18853040506223,82.6,4.4,0,1,0,5,24,5.7,69.3,11,0.73,35,0.055,0,0,1,1,12.0,LOW,2.0,61,LOW_streamlined
78.5,2,0,55.67890057013474,77.5,7.8,0,1,0,11,30,6.6,125.5,18,0.71,27,0.054,0,0,1,1,13.4,LOW,0.8,24,LOW_streamlined
14.5,14,2,515.3173337911942,5.7,59.4,4,0,193,26,48,27.8,410.1,88,4.26,14,0.49,0,0,0,0,91.5,CRITICAL,27.4,833,CRITICAL_injunction
63.1,3,0,107.66730354794791,55.7,17.8,1,1,0,10,24,13.0,274.1,34,1.96,23,0.195,0,0,1,1,29.5,MODERATE,3.2,97,MODERATE_standard
70.4,3,0,120.60336553785203,61.1,11.9,1,1,0,21,24,9.2,448.9,63,1.22,36,0.185,0,0,0,1,20.6,LOW,1.9,58,MODERATE_standard
30.1,12,5,340.9879814920655,7.6,44.9,10,0,223,33,36,21.1,880.2,208,4.48,17,0.63,0,0,0,0,90.1,CRITICAL,20.6,626,CRITICAL_injunction
40.6,8,3,253.88810926964277,30.1,33.0,15,0,0,23,48,18.6,670.0,173,2.87,19,0.496,0,0,0,0,66.4,HIGH,14.3,435,HIGH_backlog
90.7,1,0,37.611114008692326,81.2,4.2,0,1,0,7,18,7.3,225.4,31,0.43,29,0.053,0,0,1,1,12.0,LOW,0.5,15,LOW_streamlined
85.4,2,0,40.24750065738522,77.9,1.4,0,1,0,5,24,7.3,27.2,5,0.48,44,0.055,0,0,0,1,12.0,LOW,2.1,64,LOW_streamlined
80.8,1,0,38.15632969460235,80.3,1.6,0,1,0,5,24,4.0,143.0,10,0.5,26,0.018,0,0,1,1,12.0,LOW,1.8,55,LOW_streamlined
69.8,3,1,113.15245460813232,64.9,17.6,1,1,0,9,36,13.2,446.7,73,1.53,37,0.091,0,0,1,1,31.4,MODERATE,5.6,170,MODERATE_standard
77.7,0,0,23.318882071501193,88.6,0.7,0,1,0,15,24,8.5,147.6,21,0.85,26,0.072,0,0,1,1,12.0,LOW,1.8,55,LOW_streamlined
69.0,3,1,119.10262248246102,65.3,11.3,0,1,0,15,36,15.4,89.4,14,1.54,21,0.108,0,0,0,1,23.8,LOW,0.6,18,MODERATE_standard
30.5,10,4,492.3068876567408,11.3,48.0,8,0,349,31,48,24.8,481.2,164,3.94,16,0.715,0,0,0,1,87.9,CRITICAL,17.2,523,CRITICAL_injunction
31.6,14,4,406.1864678495352,21.0,63.0,81,0,310,47,48,34.5,637.0,157,4.43,14,0.606,1,0,0,0,89.1,CRITICAL,24.7,751,CRITICAL_injunction
30.4,12,2,373.85194990383576,21.7,49.8,3,0,291,29,36,28.3,328.0,78,5.31,15,0.623,0,1,0,0,91.6,CRITICAL,31.2,948,CRITICAL_injunction
95.5,2,0,27.03334104108723,79.1,6.7,0,1,0,5,30,5.9,186.8,24,0.83,31,0.02,0,0,1,1,12.0,LOW,1.5,46,LOW_streamlined
63.2,3,0,158.6653386369245,58.9,12.0,2,1,0,22,36,11.1,234.4,45,1.73,23,0.162,0,0,0,1,30.0,MODERATE,6.3,192,MODERATE_standard
67.8,4,0,153.35813111861452,63.9,12.4,1,1,0,11,36,12.5,258.0,51,1.61,28,0.209,0,0,1,1,27.2,MODERATE,7.0,213,MODERATE_standard
27.2,12,2,422.1602508879737,19.5,43.6,7,0,163,26,60,32.6,545.8,149,3.52,8,0.454,0,0,0,1,85.0,CRITICAL,20.8,632,CRITICAL_injunction
33.5,10,5,282.1994870124435,19.6,54.2,5,1,267,32,48,25.6,458.5,114,5.47,2,0.8,0,0,0,0,72.0,CRITICAL,20.4,620,CRITICAL_injunction
23.0,10,5,283.8547850551747,18.6,46.6,82,0,255,28,48,22.0,445.5,129,3.8,19,0.761,1,0,0,1,90.6,CRITICAL,23.0,699,CRITICAL_injunction
27.9,12,2,473.20196337970276,13.5,48.4,15,0,293,26,60,24.2,1317.3,308,5.17,8,0.704,0,1,0,1,91.3,CRITICAL,25.5,775,CRITICAL_injunction
90.8,0,0,31.630066297846362,76.9,0.9,0,1,0,4,24,6.5,245.1,31,0.65,22,0.06,0,0,0,1,12.0,LOW,2.1,64,LOW_streamlined
66.7,2,0,130.5014975312135,53.9,17.5,1,1,0,23,36,9.4,235.7,39,1.96,10,0.123,0,0,1,0,27.8,MODERATE,5.9,179,MODERATE_standard
73.7,4,1,78.68102553170851,57.9,9.7,0,1,0,15,36,10.6,261.8,38,1.3,6,0.165,0,1,1,0,24.1,MODERATE,5.7,173,MODERATE_standard
21.5,18,2,470.06436225392974,13.6,47.5,10,0,201,25,48,24.6,971.1,215,5.37,7,0.675,0,1,0,1,94.0,CRITICAL,30.1,915,CRITICAL_injunction
23.8,10,2,465.590539072756,21.6,44.3,53,0,291,47,48,22.4,294.0,90,4.0,5,0.784,1,0,0,0,90.5,CRITICAL,21.4,651,CRITICAL_injunction
42.0,6,3,189.01671624210604,41.3,31.6,13,1,0,26,48,23.3,193.8,64,2.93,24,0.307,0,0,0,1,57.7,HIGH,8.2,249,HIGH_backlog
32.4,10,5,394.23039115505037,10.5,56.2,7,1,233,51,60,33.8,467.0,152,4.27,14,0.731,0,0,0,0,70.8,CRITICAL,19.7,599,CRITICAL_injunction
31.2,18,4,332.15259280266457,16.5,62.5,8,0,280,31,60,21.4,701.1,164,4.52,5,0.596,0,1,0,0,92.2,CRITICAL,31.3,952,CRITICAL_injunction
21.6,14,2,295.194246790035,11.8,61.1,84,0,258,31,48,25.9,492.4,139,4.66,13,0.69,1,0,0,0,94.0,CRITICAL,22.8,693,CRITICAL_injunction
33.9,12,3,349.2398847150608,23.3,35.6,161,1,185,26,36,21.6,954.0,292,4.82,9,0.719,1,0,0,1,71.5,CRITICAL,17.8,541,CRITICAL_injunction
95.3,0,0,17.04519718439918,94.9,7.5,0,1,0,11,18,5.1,206.1,23,0.65,27,0.02,0,0,1,1,12.0,LOW,0.0,0,LOW_streamlined
44.1,6,1,217.5595073755283,38.2,28.9,12,0,0,21,48,22.7,290.3,63,2.8,22,0.378,0,1,0,0,57.7,HIGH,11.0,334,HIGH_backlog
34.3,12,4,435.30623912695626,17.3,60.2,19,0,179,41,60,21.2,1307.5,381,3.64,16,0.779,0,0,0,1,85.8,CRITICAL,27.6,839,CRITICAL_injunction
42.9,7,2,215.94773217530783,40.7,23.0,17,1,0,34,48,16.9,763.2,205,3.47,5,0.358,1,1,0,1,59.2,HIGH,12.5,380,HIGH_backlog
32.9,10,2,489.56630285086044,11.2,63.0,74,0,231,43,48,24.6,852.8,163,4.36,8,0.54,1,0,0,0,88.3,CRITICAL,16.3,496,CRITICAL_injunction
93.5,0,0,10.606237504387241,84.2,4.6,0,1,0,17,30,5.2,46.0,10,0.7,33,0.074,0,0,0,1,12.0,LOW,0.9,27,LOW_streamlined
27.0,18,3,478.6935361845017,5.8,35.2,21,0,321,26,36,34.2,1254.3,425,5.24,12,0.568,0,1,0,1,88.3,CRITICAL,22.4,681,CRITICAL_injunction
75.7,0,0,45.60940968370572,92.7,2.3,0,1,0,8,24,6.9,140.0,25,0.32,21,0.045,0,0,0,1,12.0,LOW,1.4,43,LOW_streamlined
16.3,10,5,496.4718025483554,9.1,51.6,13,0,299,31,48,31.9,935.5,269,5.44,14,0.527,0,1,0,0,94.0,CRITICAL,27.9,848,CRITICAL_injunction
77.0,2,0,16.125957126854694,85.4,4.9,0,1,0,16,30,5.1,105.8,4,0.22,27,0.029,0,0,0,0,15.3,LOW,1.3,40,LOW_streamlined
43.5,8,3,284.8904031127257,35.9,21.7,33,0,0,18,48,16.1,505.3,137,3.13,11,0.313,0,0,0,1,60.8,HIGH,9.9,301,HIGH_backlog
30.2,12,3,410.7518734896259,9.4,55.0,173,0,238,44,60,28.5,811.4,259,4.93,4,0.712,1,0,0,1,89.4,CRITICAL,23.8,724,CRITICAL_injunction
93.3,0,0,11.670899735252974,82.5,4.5,0,1,0,16,24,8.1,110.3,8,0.52,23,0.043,0,0,1,1,12.0,LOW,0.3,9,LOW_streamlined
90.3,0,0,10.703983164144534,82.7,7.4,0,1,0,16,18,4.0,53.9,10,0.37,15,0.028,0,0,0,1,12.0,LOW,1.7,52,LOW_streamlined
85.9,0,0,41.15808768722899,75.3,7.9,0,1,0,16,24,6.3,136.1,31,0.28,25,0.012,0,0,0,1,12.0,LOW,2.2,67,LOW_streamlined
92.2,1,0,16.073238545356375,87.3,7.3,0,1,0,6,18,7.0,125.8,17,0.69,28,0.027,0,0,1,0,12.0,LOW,2.0,61,LOW_streamlined
94.1,1,0,48.346446317457975,83.0,0.2,0,1,0,7,30,6.1,205.7,22,0.21,34,0.014,0,0,1,1,12.0,LOW,1.6,49,LOW_streamlined
46.8,7,1,255.82336479176803,29.9,26.5,3,0,76,30,48,20.4,213.0,45,2.6,4,0.406,1,0,0,1,63.3,HIGH,14.4,438,HIGH_backlog
78.1,1,0,31.74007668849139,75.4,6.7,0,1,0,16,30,5.0,193.5,13,0.28,27,0.019,0,0,1,1,13.8,LOW,1.6,49,LOW_streamlined
20.9,18,5,508.17204218858546,22.0,37.1,15,0,235,48,60,22.7,1043.8,300,4.45,12,0.621,0,1,0,0,86.6,CRITICAL,22.9,696,CRITICAL_injunction
89.2,1,0,33.09172172803042,85.2,3.2,0,1,0,4,30,4.1,211.8,27,0.36,29,0.04,0,0,0,0,12.0,LOW,1.4,43,LOW_streamlined
40.7,7,1,183.03070636221472,25.3,21.5,13,0,46,24,48,19.7,399.2,109,3.24,29,0.417,0,0,0,1,58.4,HIGH,9.5,289,HIGH_backlog
50.3,9,2,250.3222404726439,45.5,34.4,10,1,63,35,36,18.3,325.0,57,2.53,26,0.467,0,0,0,0,57.2,HIGH,11.3,344,HIGH_backlog
84.5,0,0,30.95373415627205,76.9,7.7,0,1,0,13,30,4.1,201.8,16,0.46,21,0.045,0,0,0,1,12.0,LOW,0.3,9,LOW_streamlined
60.9,3,0,145.6148832520853,56.0,10.1,0,1,0,22,36,15.5,364.9,73,1.18,38,0.209,0,0,1,1,27.4,MODERATE,4.6,140,MODERATE_standard
74.0,3,1,145.5862806092526,66.5,12.6,0,1,0,17,36,10.1,203.7,43,1.96,28,0.088,0,0,1,0,24.1,MODERATE,4.6,140,MODERATE_standard
77.7,1,0,55.40174381678608,80.9,8.0,0,1,0,15,30,5.2,245.0,32,0.84,23,0.078,0,0,1,1,14.3,LOW,2.4,73,LOW_streamlined
86.6,0,0,19.986414005561826,97.0,2.0,0,1,0,6,18,5.2,109.6,15,0.49,20,0.044,0,0,0,0,12.0,LOW,0.2,6,LOW_streamlined
72.5,5,0,118.51181256594731,60.7,12.3,0,1,0,19,24,13.0,65.2,18,1.72,9,0.195,0,0,1,1,27.8,MODERATE,3.3,100,MODERATE_standard
64.1,3,0,103.80303648465878,58.1,16.2,2,1,0,8,24,15.3,311.1,52,1.55,21,0.22,0,0,0,1,29.4,MODERATE,6.7,204,MODERATE_standard
19.4,12,5,407.0452423933742,9.7,52.1,32,0,323,27,48,25.0,264.5,91,4.3,11,0.669,1,0,0,1,90.9,CRITICAL,31.5,958,CRITICAL_injunction
81.1,1,0,14.111661075530026,94.0,7.5,0,1,0,7,18,6.1,56.5,5,0.59,18,0.041,0,0,1,1,12.0,LOW,2.1,64,LOW_streamlined
35.8,12,3,318.9166292771367,18.9,54.8,18,0,343,42,36,29.4,1170.7,376,4.19,5,0.543,0,0,0,1,86.4,CRITICAL,25.8,784,CRITICAL_injunction
65.4,3,0,173.05709787364856,50.4,8.2,0,1,0,14,24,10.3,240.4,60,1.19,7,0.141,0,0,0,1,23.7,LOW,0.5,15,MODERATE_standard
59.3,4,1,124.03261213467714,52.3,14.1,0,1,0,14,24,10.0,224.2,21,1.12,33,0.164,0,0,0,0,30.6,MODERATE,4.4,134,MODERATE_standard
70.3,3,0,90.37825505875409,69.4,15.2,1,1,0,8,24,14.7,261.5,43,1.25,29,0.189,0,0,0,1,26.5,MODERATE,6.9,210,MODERATE_standard
90.0,0,0,52.674033326324476,76.0,6.9,0,1,0,10,30,6.0,182.4,20,0.41,40,0.034,0,0,1,1,12.0,LOW,2.4,73,LOW_streamlined
46.9,7,1,197.82095463331098,33.8,23.4,11,0,0,30,36,19.0,435.3,87,3.19,4,0.392,1,1,0,1,57.4,HIGH,15.0,456,HIGH_backlog
16.6,12,4,511.1594605772975,10.2,41.7,19,0,188,36,48,22.8,1305.4,380,4.26,21,0.453,0,1,0,0,92.9,CRITICAL,23.6,717,CRITICAL_injunction
27.4,12,2,463.63856758615276,5.3,49.9,5,1,255,40,60,23.2,297.5,109,5.4,9,0.564,0,0,0,0,77.3,CRITICAL,16.4,499,CRITICAL_injunction
72.6,2,0,128.7633552278066,60.9,17.3,1,1,0,11,36,9.2,397.5,75,1.46,16,0.18,0,0,0,1,25.5,MODERATE,5.2,158,MODERATE_standard
29.2,12,3,349.19915381954405,8.2,57.9,199,0,189,50,36,30.3,921.6,272,4.44,12,0.794,1,0,0,1,88.4,CRITICAL,30.3,921,CRITICAL_injunction
29.2,14,3,455.90207145299553,14.7,56.9,11,0,182,47,48,21.0,697.1,234,4.33,12,0.54,0,1,0,0,88.2,CRITICAL,17.2,523,CRITICAL_injunction
40.6,7,1,298.54107865554266,27.4,34.8,5,1,43,25,36,17.0,109.8,37,2.51,25,0.47,0,0,0,1,55.1,HIGH,10.6,322,HIGH_backlog
42.4,7,1,312.94430058470846,46.9,25.7,32,1,0,35,48,24.0,538.5,137,2.57,26,0.291,0,0,0,0,50.2,HIGH,11.7,356,HIGH_backlog
85.3,0,0,47.60614191243137,89.1,3.2,0,1,0,6,30,4.4,165.8,19,0.66,12,0.068,0,0,0,1,12.0,LOW,1.8,55,LOW_streamlined
73.0,2,0,137.49484293540874,66.3,17.8,0,1,0,10,24,9.8,273.1,42,1.95,13,0.22,0,0,1,1,22.6,LOW,1.9,58,MODERATE_standard
44.5,6,3,300.7903963939947,39.5,30.7,8,0,0,24,36,19.0,241.6,55,3.19,21,0.299,0,1,0,0,62.6,HIGH,10.9,331,HIGH_backlog
19.7,10,5,451.5734384971003,9.9,45.7,4,1,293,45,48,30.8,286.8,92,4.83,4,0.593,0,0,0,1,78.0,CRITICAL,29.1,885,CRITICAL_injunction
58.7,4,0,108.20286822739372,58.8,13.7,0,1,0,20,36,14.6,252.5,31,1.57,24,0.094,0,0,0,1,29.6,MODERATE,7.4,225,MODERATE_standard
48.0,6,2,240.54263034472993,35.6,26.6,20,0,0,28,48,17.6,450.7,105,3.1,25,0.368,0,0,0,0,57.6,HIGH,15.0,456,HIGH_backlog
48.0,7,2,270.2774034428275,29.8,26.5,18,1,60,26,36,17.4,296.6,80,3.17,25,0.37,0,0,0,0,53.7,HIGH,8.9,271,HIGH_backlog
54.7,7,3,221.14918205601066,29.1,22.5,10,1,82,30,48,16.5,318.7,79,2.31,20,0.366,0,1,0,0,49.0,HIGH,12.7,386,HIGH_backlog
43.3,9,1,262.8002222458615,34.7,29.4,6,0,0,18,36,16.0,117.8,27,2.54,12,0.491,0,0,0,0,59.7,HIGH,14.9,453,HIGH_backlog
53.0,8,3,309.66216627362155,34.1,30.6,6,1,0,26,48,23.3,220.1,53,2.33,22,0.285,1,1,0,1,57.9,HIGH,10.9,331,HIGH_backlog
89.5,0,0,24.994287002790244,95.2,4.7,0,1,0,11,24,5.1,173.7,22,0.23,13,0.071,0,0,1,1,12.0,LOW,2.1,64,LOW_streamlined
24.8,12,2,536.1371625807725,16.2,39.1,16,0,273,39,60,33.2,975.3,331,4.85,9,0.629,0,1,0,0,92.3,CRITICAL,31.4,955,CRITICAL_injunction
54.3,7,1,245.6832467994358,35.6,27.8,27,0,0,18,36,18.2,426.4,121,2.2,14,0.432,1,0,0,0,54.5,HIGH,9.8,298,HIGH_backlog
13.0,10,2,316.0129338921906,12.7,46.6,82,0,312,43,60,34.8,289.7,114,4.19,15,0.778,1,0,0,1,94.0,CRITICAL,27.5,836,CRITICAL_injunction
47.6,7,1,222.0317956157941,46.0,24.3,4,0,0,28,36,18.2,276.1,64,2.38,25,0.499,0,0,0,1,54.1,HIGH,13.0,395,HIGH_backlog
13.0,12,4,503.0926704628969,13.9,45.0,11,0,295,46,60,34.8,811.3,232,4.05,21,0.718,0,1,0,1,89.7,CRITICAL,27.7,842,CRITICAL_injunction
54.7,7,2,208.67221349148338,42.3,28.5,13,1,41,35,48,21.8,386.9,100,3.37,14,0.362,1,1,0,0,55.6,HIGH,10.3,313,HIGH_backlog
61.5,3,0,101.61120863040824,50.4,15.7,2,1,0,23,36,15.0,426.0,66,1.87,6,0.165,0,0,0,1,33.3,MODERATE,4.9,149,MODERATE_standard
32.0,12,2,336.36138824762986,11.3,57.9,12,0,140,33,60,32.6,1007.8,240,4.94,22,0.693,0,0,0,0,91.6,CRITICAL,31.6,961,CRITICAL_injunction
87.8,1,0,16.41149736518871,79.8,1.2,0,1,0,12,30,5.3,60.2,6,0.78,23,0.044,0,0,1,0,12.0,LOW,0.6,18,LOW_streamlined
89.9,1,0,22.437163314559115,76.0,5.3,0,1,0,5,24,6.2,208.5,27,0.67,27,0.041,0,0,0,1,12.0,LOW,2.3,70,LOW_streamlined
27.8,10,3,404.9451840413727,15.6,60.0,7,0,250,32,48,30.1,552.5,148,3.54,13,0.656,0,1,0,1,87.7,CRITICAL,26.7,812,CRITICAL_injunction
95.6,2,0,38.5118982288524,75.0,4.6,0,1,0,17,18,5.8,197.9,20,0.78,26,0.012,0,0,1,1,12.0,LOW,0.6,18,LOW_streamlined
19.2,18,4,350.8708027734487,16.5,43.4,227,1,351,27,60,20.1,1363.4,396,5.26,6,0.782,1,0,0,1,78.3,CRITICAL,23.0,699,CRITICAL_injunction
68.6,2,0,73.92641512614827,59.5,10.1,0,1,0,10,24,9.2,140.2,29,1.15,38,0.1,0,1,0,0,15.9,LOW,2.4,73,MODERATE_standard
12.3,14,4,320.05392298812257,5.4,55.5,20,0,303,48,48,21.0,1289.8,409,5.15,7,0.691,0,1,0,0,94.0,CRITICAL,21.4,651,CRITICAL_injunction
24.2,12,2,398.2413062387901,20.2,56.6,10,0,322,47,48,28.9,935.6,215,4.95,6,0.788,0,1,0,0,93.3,CRITICAL,31.5,958,CRITICAL_injunction
25.4,10,3,297.58631538986947,7.6,42.6,134,0,152,26,60,24.1,966.7,301,3.88,21,0.698,1,0,0,0,87.4,CRITICAL,22.1,672,CRITICAL_injunction
44.4,9,1,268.7780335213524,32.2,29.8,35,1,61,37,36,19.6,628.8,166,3.44,29,0.356,0,0,0,0,56.5,HIGH,14.2,432,HIGH_backlog
89.6,0,0,44.211435544401276,88.7,0.6,0,1,0,10,24,5.8,111.7,9,0.51,23,0.067,0,0,0,1,12.0,LOW,2.4,73,LOW_streamlined
88.3,0,0,47.90367507103996,91.2,4.4,0,1,0,17,24,6.0,136.8,19,0.78,21,0.029,0,0,1,1,12.0,LOW,0.9,27,LOW_streamlined
34.4,14,5,388.4401562498475,10.0,55.5,132,0,157,31,36,32.3,599.3,220,4.58,6,0.592,1,0,0,0,85.9,CRITICAL,28.5,866,CRITICAL_injunction
89.2,2,0,46.14575264614677,88.2,2.0,0,1,0,16,30,7.4,210.6,24,0.88,40,0.02,0,0,1,1,12.0,LOW,0.3,9,LOW_streamlined
65.8,2,1,103.374130172945,63.7,13.0,3,1,0,23,36,11.8,449.7,79,1.26,18,0.193,0,0,1,0,28.2,MODERATE,7.2,219,MODERATE_standard
73.4,2,1,102.01257651414764,52.1,10.0,0,1,0,17,36,10.6,324.3,34,1.42,27,0.157,0,0,1,0,20.4,LOW,0.3,9,MODERATE_standard
71.5,3,0,100.51874025611275,66.7,12.6,1,1,0,19,36,12.4,242.5,39,1.39,17,0.127,0,1,1,1,23.5,LOW,0.2,6,MODERATE_standard
72.5,3,0,119.46295479742136,70.9,9.3,0,1,0,8,24,12.5,373.3,43,1.12,18,0.184,0,0,0,1,17.0,LOW,2.2,67,MODERATE_standard
50.6,6,1,187.67021456948794,46.2,24.1,32,0,90,21,48,23.5,575.1,154,2.38,6,0.46,0,1,0,0,54.0,HIGH,13.8,420,HIGH_backlog
59.1,3,0,93.24547155401069,63.2,15.9,0,1,0,21,36,12.2,437.9,60,1.51,25,0.119,0,0,1,1,26.8,MODERATE,3.1,94,MODERATE_standard
93.6,0,0,36.31993979326367,75.6,7.1,0,1,0,11,24,7.4,161.2,20,0.4,21,0.037,0,0,1,1,12.0,LOW,2.4,73,LOW_streamlined
94.2,0,0,44.79011574128901,76.0,1.7,0,1,0,16,18,8.8,224.6,25,0.25,13,0.072,0,0,1,1,12.0,LOW,0.3,9,LOW_streamlined
51.6,8,1,219.9930984385412,35.3,21.6,20,0,43,20,36,17.3,473.9,87,2.36,8,0.493,0,0,0,0,51.5,HIGH,11.3,344,HIGH_backlog
38.3,7,1,271.28838263924746,37.9,28.6,3,1,101,21,48,17.3,174.6,31,3.25,23,0.265,1,1,0,1,60.7,HIGH,9.9,301,HIGH_backlog
54.7,7,1,319.2203403559869,42.7,27.3,20,1,0,34,36,23.1,597.1,116,2.28,27,0.429,0,1,0,1,52.5,HIGH,11.0,334,HIGH_backlog
75.5,0,0,21.06107570911496,77.5,0.1,0,1,0,4,30,8.9,69.6,10,0.41,16,0.048,0,0,0,0,12.0,LOW,1.4,43,LOW_streamlined
31.6,10,3,515.448028407574,23.8,35.2,15,1,234,41,48,22.0,1115.7,313,4.29,5,0.577,0,0,0,1,68.0,HIGH,15.0,456,CRITICAL_injunction
34.6,10,3,433.82025064956065,8.1,40.8,12,1,301,51,48,24.6,951.3,247,5.34,16,0.603,0,0,0,0,69.8,CRITICAL,21.4,651,CRITICAL_injunction
48.6,6,1,263.11136112255343,27.1,32.5,15,0,118,20,48,16.5,270.3,69,3.46,25,0.329,0,1,0,0,69.8,CRITICAL,20.6,626,HIGH_backlog
31.0,10,5,533.3847543436606,22.3,57.7,16,0,309,33,48,22.0,891.5,333,3.66,2,0.67,0,1,0,0,87.4,CRITICAL,21.3,648,CRITICAL_injunction
14.9,18,3,454.01900259739506,23.2,60.5,32,0,204,37,36,26.7,243.2,52,3.63,19,0.534,1,0,0,0,92.1,CRITICAL,23.7,720,CRITICAL_injunction
39.8,8,3,266.20868405767135,44.7,26.6,24,1,0,22,48,16.4,584.3,119,2.99,10,0.434,1,1,0,0,59.4,HIGH,8.7,264,HIGH_backlog
83.0,1,0,54.51993945402759,86.9,6.2,0,1,0,10,30,8.6,220.3,14,0.39,18,0.028,0,0,1,1,12.0,LOW,0.9,27,LOW_streamlined
88.0,1,0,53.66219728706605,80.7,3.6,0,1,0,9,30,5.9,96.8,15,0.79,27,0.038,0,0,1,1,12.0,LOW,1.7,52,LOW_streamlined
38.6,8,1,184.35900331027975,44.3,31.0,1,0,83,18,36,16.6,102.6,22,2.96,27,0.42,0,0,0,0,64.3,HIGH,8.6,261,HIGH_backlog
31.7,10,2,351.3458629392973,21.6,41.7,19,0,339,49,60,24.9,1406.4,397,4.91,16,0.732,0,0,0,1,91.9,CRITICAL,16.4,499,CRITICAL_injunction
52.2,6,2,244.13157655460228,29.8,32.0,20,0,0,23,48,20.9,413.5,90,3.22,29,0.42,1,0,0,1,60.3,HIGH,8.8,268,HIGH_backlog
17.4,10,2,313.85293174264973,15.9,35.5,9,0,165,35,60,20.5,628.8,198,4.85,10,0.647,0,1,0,0,87.1,CRITICAL,23.6,717,CRITICAL_injunction
41.6,6,1,215.3576366372047,26.2,32.9,25,0,101,24,36,18.6,712.7,146,3.24,26,0.336,1,0,0,1,67.3,HIGH,14.3,435,HIGH_backlog
73.3,4,1,88.37684608395678,70.5,15.7,0,1,0,23,24,11.4,313.8,57,1.78,20,0.197,0,1,1,0,29.4,MODERATE,3.7,112,MODERATE_standard
53.0,9,2,194.12348392748436,25.8,23.7,10,0,0,35,48,22.2,329.3,101,2.49,15,0.289,0,0,0,0,54.2,HIGH,13.5,410,HIGH_backlog
87.3,0,0,50.15472879403177,96.8,3.2,0,1,0,15,24,7.1,77.9,5,0.46,12,0.041,0,0,0,1,12.0,LOW,2.1,64,LOW_streamlined
45.9,8,3,188.26046675987405,46.2,33.2,25,0,0,30,36,18.1,576.8,110,2.27,29,0.463,0,0,0,0,54.7,HIGH,13.9,423,HIGH_backlog
75.3,0,0,21.62973184819252,88.4,7.2,0,1,0,4,18,7.1,87.4,9,0.56,47,0.079,0,0,0,1,12.0,LOW,1.7,52,LOW_streamlined
84.8,1,0,27.77717531283728,80.9,3.7,0,1,0,9,30,5.1,146.5,11,0.32,23,0.015,0,0,0,1,12.0,LOW,1.5,46,LOW_streamlined
70.4,3,0,143.2420577965446,54.7,14.5,0,1,0,8,24,11.3,409.3,77,1.61,38,0.122,0,0,0,0,21.1,LOW,1.1,33,MODERATE_standard
13.9,12,3,480.01852847784096,18.4,62.9,13,0,264,49,48,30.1,1209.9,263,4.28,12,0.796,0,1,0,1,94.0,CRITICAL,22.7,690,CRITICAL_injunction
46.5,7,2,193.39361945994978,45.5,24.1,9,1,87,37,36,18.8,249.7,70,3.08,27,0.318,0,1,0,0,55.5,HIGH,12.8,389,HIGH_backlog
73.5,2,1,154.04435865131703,62.9,9.4,2,1,0,14,36,9.8,392.9,61,1.92,12,0.166,0,0,0,0,28.8,MODERATE,7.0,213,MODERATE_standard
27.8,14,3,499.24898911701837,11.5,44.7,7,0,157,28,60,31.8,431.7,143,3.63,6,0.68,0,1,0,0,86.1,CRITICAL,24.6,748,CRITICAL_injunction
27.2,10,5,375.97135516672915,16.6,36.5,10,1,321,33,60,20.8,711.7,207,4.29,10,0.55,0,0,0,0,66.0,HIGH,13.3,404,CRITICAL_injunction
61.3,5,0,141.92926075524494,59.9,15.6,1,1,0,15,36,15.6,395.8,78,1.7,35,0.196,0,0,0,1,30.6,MODERATE,5.4,164,MODERATE_standard
73.5,4,0,176.64505130119483,64.4,17.8,0,1,0,11,36,10.0,265.3,49,1.19,9,0.16,0,0,0,0,24.1,MODERATE,4.7,143,MODERATE_standard
87.5,2,0,12.452678629389693,89.9,2.1,0,1,0,10,24,8.4,181.2,29,0.59,21,0.077,0,0,1,1,12.0,LOW,0.6,18,LOW_streamlined
62.9,2,1,96.06321086861952,67.2,16.8,0,1,0,19,24,10.0,101.8,12,1.3,21,0.139,0,0,1,1,23.8,LOW,0.4,12,MODERATE_standard
86.6,1,0,24.616665564169125,91.2,4.8,0,1,0,5,18,5.7,203.4,30,0.68,24,0.025,0,0,1,1,12.0,LOW,2.1,64,LOW_streamlined
70.9,2,0,179.06060573380915,57.4,10.1,1,1,0,20,24,13.6,203.4,24,1.59,32,0.198,0,0,1,0,24.3,MODERATE,3.1,94,MODERATE_standard
32.7,10,3,494.0680241360229,23.8,44.6,18,0,223,29,48,27.0,1067.9,362,5.47,11,0.661,0,1,0,1,90.3,CRITICAL,22.5,684,CRITICAL_injunction
48.4,6,1,191.0157119718657,41.6,30.6,31,1,57,20,48,18.1,740.9,195,2.34,19,0.42,1,0,0,0,53.6,HIGH,14.0,426,HIGH_backlog
26.1,14,5,384.14772853295494,9.7,58.4,9,0,306,48,36,30.9,743.0,199,3.62,14,0.496,0,1,0,0,89.9,CRITICAL,17.9,544,CRITICAL_injunction
52.8,6,2,312.7083910508296,31.1,23.5,2,0,91,33,36,19.1,213.2,37,2.8,5,0.258,0,0,0,0,58.7,HIGH,11.1,337,HIGH_backlog
54.1,6,1,216.5493519853461,45.5,33.9,21,1,91,30,36,16.7,661.2,169,2.39,8,0.408,0,0,0,0,46.2,HIGH,9.7,295,HIGH_backlog
77.0,1,0,24.215984348914574,79.0,1.3,0,1,0,7,18,7.6,130.2,9,0.6,47,0.029,0,0,0,1,12.0,LOW,0.1,3,LOW_streamlined
76.3,1,0,56.21083811217729,94.5,7.5,0,1,0,4,18,6.5,114.5,7,0.37,26,0.06,0,0,1,0,13.9,LOW,2.3,70,LOW_streamlined
68.6,4,0,86.73419570519522,53.3,15.2,2,1,0,21,24,9.9,384.4,71,1.5,36,0.115,0,0,0,1,24.4,MODERATE,6.8,207,MODERATE_standard
42.5,6,2,195.21925714794116,34.0,22.2,11,0,0,20,48,17.6,221.0,56,3.31,23,0.369,1,0,0,1,55.2,HIGH,10.2,310,HIGH_backlog
49.0,6,2,282.81228701474834,25.5,22.8,23,1,0,34,48,18.6,563.3,123,2.51,14,0.39,0,1,0,0,56.1,HIGH,14.7,447,HIGH_backlog
63.9,2,0,62.33221862187624,61.4,13.5,1,1,0,20,24,9.8,237.2,35,1.83,34,0.192,0,0,1,0,28.5,MODERATE,6.0,182,MODERATE_standard
92.2,0,0,46.630991073112966,79.5,2.7,0,1,0,12,30,7.1,69.1,9,0.34,17,0.018,0,0,1,1,12.0,LOW,0.0,0,LOW_streamlined
87.6,1,0,23.775400996599764,79.5,3.9,0,1,0,6,18,5.9,144.8,19,0.46,20,0.04,0,0,0,1,12.0,LOW,0.4,12,LOW_streamlined
55.9,7,1,237.97527149735944,47.6,22.9,6,0,0,28,36,18.3,266.0,58,3.4,29,0.33,0,0,0,1,52.3,HIGH,13.6,413,HIGH_backlog
28.5,12,2,520.8043556127919,13.7,63.8,3,0,353,29,60,31.8,344.0,77,4.59,23,0.504,0,1,0,0,89.9,CRITICAL,28.8,876,CRITICAL_injunction
54.8,6,3,235.99441027354635,43.0,35.6,23,0,106,35,36,19.4,713.8,167,2.29,18,0.293,1,1,0,0,75.1,CRITICAL,24.4,742,HIGH_backlog
91.7,0,0,14.010385390686299,76.7,7.7,0,1,0,16,24,7.8,163.3,21,0.3,15,0.049,0,0,1,1,12.0,LOW,1.1,33,LOW_streamlined
15.5,18,4,437.1366306565968,10.4,62.3,15,0,198,48,60,28.6,841.9,302,4.08,10,0.718,0,0,0,1,94.0,CRITICAL,29.4,894,CRITICAL_injunction
45.2,7,2,303.406468737478,27.9,20.2,23,0,45,30,36,18.3,529.2,99,2.71,20,0.266,0,0,0,0,57.0,HIGH,13.6,413,HIGH_backlog
87.7,0,0,32.186913870558215,77.7,0.3,0,1,0,6,18,4.6,193.8,16,0.28,38,0.05,0,0,0,1,12.0,LOW,1.1,33,LOW_streamlined
93.6,1,0,16.4545330864153,77.6,7.6,0,1,0,17,30,7.2,26.4,2,0.7,17,0.054,0,0,1,1,12.0,LOW,0.4,12,LOW_streamlined
47.8,9,3,201.7438228205389,27.6,33.3,6,1,78,33,48,20.6,165.3,45,3.06,24,0.453,1,0,0,1,60.3,HIGH,9.7,295,HIGH_backlog
63.1,2,0,127.63399027179601,71.1,15.6,3,1,0,8,24,14.7,442.2,85,1.77,25,0.168,0,0,1,1,24.3,MODERATE,7.0,213,MODERATE_standard
51.1,7,3,231.38874379953316,37.6,27.3,10,1,53,25,48,22.7,278.3,57,2.41,21,0.288,0,0,0,0,51.2,HIGH,12.0,365,HIGH_backlog
40.8,6,2,192.26493834306513,47.4,31.3,10,1,61,21,48,20.2,505.5,96,3.44,28,0.275,0,1,0,1,55.0,HIGH,10.5,319,HIGH_backlog
62.4,4,1,75.36212503699987,71.5,10.5,1,1,0,17,36,14.3,117.9,23,1.29,39,0.087,0,0,0,1,30.7,MODERATE,4.9,149,MODERATE_standard
12.8,10,3,476.7518849742402,11.5,36.4,109,0,167,50,60,29.8,461.1,153,4.87,22,0.501,1,0,0,0,94.0,CRITICAL,21.8,663,CRITICAL_injunction
12.7,14,3,498.3241686155533,18.5,42.9,6,0,176,40,48,26.9,423.0,127,4.45,9,0.784,0,1,0,0,94.0,CRITICAL,24.6,748,CRITICAL_injunction
59.6,2,0,144.40568226961653,61.7,12.7,0,1,0,9,24,11.1,427.7,83,1.78,12,0.156,0,0,0,0,26.4,MODERATE,3.3,100,MODERATE_standard
66.9,3,0,164.15565239233825,54.1,17.6,2,1,0,18,24,15.5,327.1,55,1.4,8,0.139,0,1,0,1,32.2,MODERATE,7.4,225,MODERATE_standard
69.9,2,0,120.10379299930659,62.8,11.6,2,1,0,10,36,10.6,385.0,46,1.59,13,0.171,0,0,1,0,25.4,MODERATE,3.4,103,MODERATE_standard
58.1,3,0,97.34464311939695,56.1,11.9,1,1,0,21,36,15.0,235.0,38,1.64,10,0.182,0,0,0,1,32.0,MODERATE,4.9,149,MODERATE_standard
20.1,12,4,399.1672212451178,16.0,40.1,90,0,190,42,36,23.2,508.0,144,4.03,4,0.571,1,0,0,1,93.2,CRITICAL,21.2,644,CRITICAL_injunction
16.0,14,4,365.6099177280257,8.3,44.8,56,0,285,48,48,26.3,439.5,99,5.21,18,0.473,1,0,0,0,94.0,CRITICAL,19.8,602,CRITICAL_injunction
61.5,3,0,122.01607136287488,66.0,17.7,2,1,0,13,36,10.5,370.9,78,1.58,34,0.166,0,1,1,1,34.1,MODERATE,7.2,219,MODERATE_standard
23.5,14,3,434.2810761219432,15.8,61.6,48,0,278,29,60,20.8,383.3,124,4.49,8,0.564,1,0,0,0,92.4,CRITICAL,18.9,575,CRITICAL_injunction
43.6,7,2,207.66184201596457,38.0,30.9,12,1,112,18,36,18.1,556.3,123,3.41,20,0.255,1,0,0,0,58.2,HIGH,9.8,298,HIGH_backlog
86.3,1,0,21.631574320481917,87.8,6.3,0,1,0,12,18,8.0,113.4,18,0.33,41,0.076,0,0,0,1,12.0,LOW,1.3,40,LOW_streamlined
16.2,10,5,294.8374325445292,11.3,36.9,15,0,162,41,48,28.2,1153.2,302,4.46,3,0.453,0,1,0,0,88.0,CRITICAL,23.5,714,CRITICAL_injunction
65.4,4,1,172.01673503370694,71.1,8.8,1,1,0,22,24,10.5,276.2,49,1.85,29,0.202,0,0,1,0,32.5,MODERATE,4.6,140,MODERATE_standard
63.4,3,0,149.72949851191535,68.8,15.8,0,1,0,23,36,15.4,132.0,26,1.78,13,0.204,0,1,0,1,30.2,MODERATE,3.8,116,MODERATE_standard
35.8,10,3,483.27475001596406,23.5,43.4,31,0,259,27,60,27.9,204.7,50,5.19,7,0.605,1,0,0,1,90.2,CRITICAL,25.5,775,CRITICAL_injunction
32.8,14,2,490.85195854343345,5.2,55.8,9,0,247,36,48,30.2,705.4,182,3.97,11,0.75,0,0,0,1,88.6,CRITICAL,27.4,833,CRITICAL_injunction
77.5,1,0,26.63272504525256,87.7,7.4,0,1,0,4,30,7.0,113.0,18,0.55,46,0.062,0,0,1,1,12.0,LOW,0.1,3,LOW_streamlined
54.5,7,1,215.24631411636273,34.1,26.5,3,1,106,19,36,18.4,186.9,58,2.86,26,0.263,0,1,0,0,52.6,HIGH,12.1,368,HIGH_backlog
41.4,7,1,229.89849972209026,27.1,32.1,48,0,72,25,36,19.4,758.4,212,2.52,15,0.488,1,1,0,0,64.7,HIGH,9.0,274,HIGH_backlog
40.8,8,1,182.99443853451118,29.7,22.1,29,0,0,31,48,16.1,528.6,118,2.53,10,0.356,0,0,0,0,55.1,HIGH,10.9,331,HIGH_backlog
40.7,6,1,258.02830906030533,40.7,26.1,21,0,0,18,36,17.1,524.2,94,2.88,23,0.277,0,0,0,1,56.4,HIGH,8.1,246,HIGH_backlog
72.3,2,0,139.32324698812405,54.0,18.0,0,1,0,8,36,13.6,95.7,20,1.86,31,0.143,0,1,1,1,26.6,MODERATE,5.1,155,MODERATE_standard
22.8,12,3,542.4532204894429,5.0,42.3,110,0,214,43,36,23.0,840.6,201,3.64,19,0.537,1,0,0,0,94.0,CRITICAL,27.0,821,CRITICAL_injunction
62.6,3,1,114.37635977741996,62.3,17.7,1,1,0,9,24,11.2,257.4,40,1.95,34,0.198,0,0,1,1,31.6,MODERATE,5.6,170,MODERATE_standard
88.3,0,0,21.323234583869745,96.8,0.7,0,1,0,6,30,4.6,127.3,19,0.86,37,0.062,0,0,0,1,12.0,LOW,1.2,36,LOW_streamlined
48.0,6,1,284.735433762391,32.2,32.6,11,1,0,22,36,23.6,286.2,100,3.54,29,0.452,1,0,0,1,55.4,HIGH,10.2,310,HIGH_backlog
39.5,6,1,318.99402471577537,40.0,30.5,3,0,57,23,36,16.6,275.1,47,2.59,10,0.309,0,0,0,1,55.7,HIGH,12.0,365,HIGH_backlog
65.8,4,0,128.1850008944989,63.0,8.9,0,1,0,20,24,14.7,80.6,15,1.79,33,0.203,0,0,1,0,26.8,MODERATE,6.6,201,MODERATE_standard
69.9,2,0,151.46053265804136,55.5,14.9,2,1,0,9,24,15.1,420.5,54,1.87,38,0.161,0,0,0,0,23.4,LOW,2.0,61,MODERATE_standard
38.2,7,1,216.25978363393395,29.0,25.0,18,1,49,34,48,17.4,695.4,122,2.55,29,0.349,0,0,0,0,52.3,HIGH,8.5,258,HIGH_backlog
71.3,2,0,93.4872332615924,66.2,12.6,1,1,0,23,24,10.1,406.6,56,1.48,10,0.178,0,0,1,1,20.5,LOW,1.3,40,MODERATE_standard
76.5,0,0,25.484028217572792,87.1,7.0,0,1,0,16,18,5.5,232.0,26,0.41,43,0.061,0,0,1,1,12.0,LOW,1.5,46,LOW_streamlined
50.1,7,2,194.48965050309948,36.2,35.2,7,1,93,24,36,16.1,325.7,81,2.49,21,0.441,0,0,0,0,54.9,HIGH,10.0,304,HIGH_backlog
31.5,12,3,528.8982848779019,20.9,53.6,192,1,325,31,36,23.5,1364.0,381,5.2,5,0.653,1,0,0,0,76.5,CRITICAL,28.9,879,CRITICAL_injunction
58.6,3,0,167.30736512882964,68.3,8.4,1,1,0,10,36,9.5,201.6,37,1.98,26,0.106,0,0,1,0,28.4,MODERATE,6.4,195,MODERATE_standard
22.3,18,4,542.113567453638,22.1,51.0,21,0,351,26,36,30.6,1392.4,433,3.66,10,0.676,0,0,0,1,91.0,CRITICAL,30.9,939,CRITICAL_injunction
16.9,18,4,332.7220725015846,19.5,51.4,12,0,263,38,36,25.0,959.9,242,3.52,6,0.49,0,1,0,0,88.1,CRITICAL,20.1,611,CRITICAL_injunction
26.2,18,3,527.2366645139422,11.9,40.7,176,0,215,26,36,31.3,915.4,287,3.65,3,0.678,1,0,0,0,92.7,CRITICAL,24.0,730,CRITICAL_injunction
55.4,6,1,210.3460795850779,43.8,22.4,39,0,0,18,36,21.3,786.6,240,2.22,5,0.275,0,0,0,1,43.4,MODERATE,6.7,204,HIGH_backlog
60.4,2,0,69.34440771676395,51.6,14.3,0,1,0,8,24,10.3,126.3,18,1.92,6,0.171,0,1,0,1,30.2,MODERATE,4.0,122,MODERATE_standard
85.8,1,0,58.2072897932779,92.4,3.8,0,1,0,17,24,5.6,149.3,19,0.76,19,0.048,0,0,1,1,12.0,LOW,0.9,27,LOW_streamlined
84.6,0,0,37.0610314016447,81.5,6.0,0,1,0,6,24,8.8,20.1,6,0.47,27,0.078,0,0,1,1,12.0,LOW,2.4,73,LOW_streamlined
81.2,1,0,15.5250675613845,80.7,4.5,0,1,0,14,24,8.1,120.0,11,0.62,18,0.048,0,0,0,1,13.4,LOW,0.8,24,LOW_streamlined
69.7,3,0,63.456164468320026,52.5,14.9,0,1,0,18,36,11.9,78.6,11,1.49,21,0.179,0,0,0,1,22.6,LOW,1.7,52,MODERATE_standard
27.8,10,4,515.675787157124,7.7,43.7,21,0,218,41,48,22.5,1352.8,423,5.01,20,0.758,0,1,0,0,90.7,CRITICAL,29.8,906,CRITICAL_injunction
41.1,6,2,294.29568169061986,42.8,25.6,35,0,65,35,36,20.7,590.1,150,2.31,10,0.274,1,0,0,1,59.8,HIGH,11.9,362,HIGH_backlog
39.8,8,2,259.1024876468555,28.5,21.1,23,1,101,34,48,22.5,654.9,158,3.34,20,0.365,0,0,0,0,57.9,HIGH,14.5,441,HIGH_backlog
86.6,2,0,42.25516025789666,94.3,3.3,0,1,0,16,18,8.4,28.9,4,0.62,36,0.058,0,0,1,1,12.0,LOW,1.5,46,LOW_streamlined
94.9,0,0,32.032680377455335,80.6,7.1,0,1,0,6,30,7.4,225.8,29,0.32,30,0.04,0,0,0,0,12.0,LOW,1.1,33,LOW_streamlined
77.0,0,0,45.94071333471194,95.7,0.9,0,1,0,15,24,5.1,210.2,38,0.32,42,0.035,0,0,1,1,12.0,LOW,1.9,58,LOW_streamlined
33.4,14,3,466.12148199402236,18.1,54.1,7,0,136,39,48,32.9,665.6,141,5.06,7,0.719,0,1,0,1,88.9,CRITICAL,19.5,593,CRITICAL_injunction
59.3,3,0,82.22679969971254,60.5,9.8,0,1,0,18,24,10.4,123.0,12,1.31,13,0.135,0,0,1,0,26.6,MODERATE,6.2,188,MODERATE_standard
26.0,12,3,360.15004925559595,21.9,64.6,18,1,153,41,36,22.0,1414.9,378,3.73,7,0.557,0,0,0,0,70.4,CRITICAL,25.3,769,CRITICAL_injunction
91.8,0,0,11.101960183381712,88.4,2.1,0,1,0,4,30,4.2,28.6,11,0.78,33,0.047,0,0,1,0,12.0,LOW,1.9,58,LOW_streamlined
52.1,6,2,257.17378453716645,36.3,27.3,54,1,0,19,48,20.8,773.5,231,3.49,27,0.322,1,0,0,0,53.7,HIGH,13.4,407,HIGH_backlog
17.8,18,3,336.01887846724713,10.8,54.4,14,0,182,51,36,26.5,1283.7,280,3.74,3,0.688,0,1,0,0,91.4,CRITICAL,25.8,784,CRITICAL_injunction
77.8,1,0,19.16153593710778,86.3,2.3,0,1,0,11,24,4.0,161.0,23,0.44,29,0.023,0,0,1,1,12.0,LOW,0.8,24,LOW_streamlined
54.0,7,1,317.963849940655,44.2,24.0,7,0,53,34,36,17.2,114.8,42,2.9,20,0.293,1,0,0,0,50.5,HIGH,12.2,371,HIGH_backlog
27.0,14,4,293.3879420414806,5.7,62.7,17,0,243,47,36,30.4,1162.4,352,3.66,19,0.499,0,0,0,0,92.0,CRITICAL,30.1,915,CRITICAL_injunction
77.2,0,0,21.775861389576775,79.3,1.9,0,1,0,14,18,5.2,149.2,11,0.63,23,0.057,0,0,1,0,12.0,LOW,1.9,58,LOW_streamlined
63.2,2,0,163.07104662368317,54.0,16.4,0,1,0,23,24,10.5,410.9,52,1.24,36,0.211,0,0,1,1,25.8,MODERATE,6.3,192,MODERATE_standard
29.2,14,4,452.2895707250664,7.7,48.2,153,0,175,43,48,29.7,1340.1,310,4.17,22,0.679,1,0,0,1,92.6,CRITICAL,21.4,651,CRITICAL_injunction
48.3,6,1,244.176707424274,37.7,27.1,24,0,88,37,36,18.8,467.4,120,2.46,13,0.42,0,0,0,1,56.7,HIGH,11.0,334,HIGH_backlog
93.5,1,0,16.733740899599823,84.7,0.4,0,1,0,17,24,8.2,62.3,9,0.61,45,0.071,0,0,1,1,12.0,LOW,0.3,9,LOW_streamlined
83.9,2,0,38.943652178609476,79.2,4.1,0,1,0,8,30,6.6,111.2,12,0.21,29,0.069,0,0,0,1,12.0,LOW,0.9,27,LOW_streamlined
43.9,6,2,223.97083269877857,44.2,20.9,8,1,85,26,48,18.5,276.4,69,2.92,10,0.466,1,0,0,1,53.3,HIGH,8.1,246,HIGH_backlog
55.1,9,2,184.07420318521673,33.0,21.8,36,1,78,23,36,19.5,630.6,172,2.62,29,0.318,1,1,0,1,53.9,HIGH,10.8,328,HIGH_backlog
16.1,14,3,515.5805395484691,8.5,36.1,5,0,245,46,36,20.3,389.7,115,4.93,4,0.726,0,1,0,1,94.0,CRITICAL,31.3,952,CRITICAL_injunction
61.3,2,0,128.83999170588118,71.9,14.4,0,1,0,14,36,15.4,433.1,56,1.56,24,0.146,0,1,1,1,24.3,MODERATE,3.3,100,MODERATE_standard
63.5,3,0,169.8620074460036,52.1,14.1,0,1,0,11,24,15.0,304.4,61,1.62,23,0.21,0,1,0,0,29.6,MODERATE,5.4,164,MODERATE_standard
59.8,3,0,178.96822356595337,60.1,12.3,1,1,0,14,36,10.7,370.1,56,1.28,23,0.155,0,0,0,1,27.0,MODERATE,6.5,198,MODERATE_standard
63.7,2,0,163.13071090335652,71.6,12.6,2,1,0,22,36,15.1,380.8,75,1.52,23,0.197,0,0,0,0,28.2,MODERATE,7.0,213,MODERATE_standard
46.2,8,1,297.17143827339385,39.5,25.8,16,1,0,36,36,19.3,537.9,107,3.22,29,0.452,1,1,0,0,58.1,HIGH,9.0,274,HIGH_backlog
61.8,3,0,62.031522291064206,59.8,13.9,0,1,0,16,24,12.7,141.9,19,1.4,6,0.123,0,0,1,1,22.4,LOW,1.3,40,MODERATE_standard
64.7,3,0,103.09319315611165,53.8,15.6,1,1,0,14,36,10.6,406.2,75,1.62,33,0.19,0,0,0,1,28.9,MODERATE,7.4,225,MODERATE_standard
50.3,6,2,197.25285352137257,44.4,29.4,15,0,43,28,36,21.4,515.6,103,2.78,7,0.355,0,1,0,1,51.7,HIGH,13.2,401,HIGH_backlog
84.2,2,0,44.22163447907994,96.8,0.6,0,1,0,16,24,6.3,65.8,6,0.27,40,0.015,0,0,1,1,12.0,LOW,1.3,40,LOW_streamlined
65.2,2,0,125.2678104855777,50.7,13.1,1,1,0,20,36,14.2,284.5,58,1.64,19,0.097,0,0,0,0,30.5,MODERATE,5.3,161,MODERATE_standard
23.0,10,3,431.54438901117726,13.2,38.8,12,0,201,50,36,21.1,965.5,244,5.39,19,0.744,0,1,0,1,89.6,CRITICAL,28.2,857,CRITICAL_injunction
44.0,9,3,265.16326393449833,41.5,29.5,4,1,101,33,48,23.0,255.7,75,2.35,14,0.444,0,0,0,1,52.4,HIGH,12.2,371,HIGH_backlog
79.3,0,0,27.204988201486827,92.0,5.6,0,1,0,11,24,9.0,224.3,34,0.46,39,0.042,0,0,1,1,12.0,LOW,1.9,58,LOW_streamlined
38.9,7,2,258.77334929188663,30.8,30.9,30,1,0,21,48,17.8,492.3,122,2.56,18,0.376,0,0,0,1,56.1,HIGH,14.1,429,HIGH_backlog
94.4,0,0,23.570750375983625,87.5,0.8,0,1,0,6,18,7.2,183.5,27,0.36,44,0.038,0,0,1,1,12.0,LOW,1.8,55,LOW_streamlined
58.1,2,0,139.50999172487388,65.2,9.9,1,1,0,19,24,14.4,293.6,56,1.51,27,0.156,0,1,0,1,28.3,MODERATE,3.1,94,MODERATE_standard
31.2,12,3,381.4083876604989,18.2,57.6,96,0,138,29,36,30.2,1071.9,250,4.2,6,0.547,1,0,0,1,86.0,CRITICAL,30.4,924,CRITICAL_injunction
92.0,0,0,21.298919232759175,88.7,1.1,0,1,0,5,24,7.2,110.4,14,0.52,26,0.051,0,0,0,1,12.0,LOW,1.7,52,LOW_streamlined
13.7,10,4,480.94351977805445,16.1,47.6,5,0,122,48,48,23.3,328.3,111,5.15,16,0.763,0,0,0,1,86.3,CRITICAL,25.6,778,CRITICAL_injunction
79.3,0,0,54.88341730502835,92.1,5.7,0,1,0,17,24,8.8,113.9,9,0.45,35,0.056,0,0,0,1,12.0,LOW,2.0,61,LOW_streamlined
76.3,0,0,42.36272556870378,76.8,3.0,0,1,0,4,18,5.9,245.8,30,0.72,29,0.04,0,0,1,1,12.0,LOW,1.1,33,LOW_streamlined
90.8,0,0,27.491951275336586,95.0,3.0,0,1,0,10,24,9.0,96.7,11,0.54,40,0.066,0,0,1,0,12.0,LOW,1.9,58,LOW_streamlined
51.8,6,2,225.16789819314823,26.1,31.5,4,0,111,21,36,20.5,155.4,24,2.69,19,0.272,0,0,0,1,62.3,HIGH,8.1,246,HIGH_backlog
43.3,9,1,220.9905202214822,31.5,34.1,3,1,0,36,36,22.7,234.4,54,3.09,14,0.493,1,0,0,1,56.3,HIGH,11.7,356,HIGH_backlog
45.5,8,1,189.21063388229953,46.0,32.6,21,0,68,35,36,17.2,742.2,155,2.66,19,0.329,0,0,0,0,61.9,HIGH,14.8,450,HIGH_backlog
63.1,4,1,109.12477523138003,51.6,9.6,1,1,0,22,36,11.8,363.2,57,1.96,37,0.113,0,0,1,0,30.2,MODERATE,4.6,140,MODERATE_standard
85.1,1,0,29.625215864790533,82.9,7.8,0,1,0,9,18,8.5,241.7,34,0.79,20,0.058,0,0,1,1,12.0,LOW,2.4,73,LOW_streamlined
45.8,7,1,255.23535953267105,32.7,25.4,7,1,0,24,36,21.9,374.5,111,2.24,13,0.352,0,1,0,1,50.0,HIGH,9.5,289,HIGH_backlog
54.4,8,1,240.45940120332517,32.5,27.5,4,1,0,21,36,18.7,258.9,67,2.24,7,0.285,1,0,0,0,54.7,HIGH,8.2,249,HIGH_backlog
47.6,7,2,246.93497245679956,39.4,23.4,24,0,118,37,48,22.6,495.0,106,2.57,22,0.304,0,1,0,0,65.0,HIGH,13.5,410,HIGH_backlog
72.8,5,1,146.01317458010715,62.9,15.1,0,1,0,19,24,9.2,245.0,33,1.44,27,0.153,0,0,1,1,24.1,MODERATE,3.6,109,MODERATE_standard
70.7,3,1,81.31870894234066,55.1,14.5,2,1,0,15,24,12.7,418.1,65,1.42,10,0.087,0,0,1,1,27.9,MODERATE,4.8,146,MODERATE_standard
68.6,2,1,68.03685193482889,60.1,17.1,0,1,0,9,36,15.1,192.3,32,1.45,18,0.156,0,0,1,0,24.0,MODERATE,7.0,213,MODERATE_standard
58.2,3,0,79.9704222626943,71.9,10.0,1,1,0,23,24,15.3,394.9,54,1.31,12,0.112,0,0,0,0,28.8,MODERATE,4.7,143,MODERATE_standard
31.0,14,3,329.72872460084915,6.4,51.9,9,0,331,49,36,25.1,581.9,194,4.27,16,0.621,0,1,0,1,92.0,CRITICAL,22.2,675,CRITICAL_injunction
49.2,7,2,239.64788541104022,29.5,27.4,12,0,0,33,36,16.6,605.9,139,3.03,27,0.341,0,0,0,0,57.5,HIGH,13.5,410,HIGH_backlog
62.6,4,0,168.51724463847282,68.0,17.9,0,1,0,21,24,14.5,166.8,41,1.31,19,0.118,0,0,0,0,23.3,LOW,2.1,64,MODERATE_standard
43.2,7,2,231.99082265720966,38.7,31.2,25,0,100,37,48,17.9,559.1,142,2.44,14,0.442,1,0,0,0,70.1,CRITICAL,23.5,714,HIGH_backlog
94.5,0,0,57.71776726624222,77.8,4.7,0,1,0,6,18,7.7,226.3,42,0.71,14,0.073,0,0,0,1,12.0,LOW,1.6,49,LOW_streamlined
21.6,18,3,403.0545797725931,21.3,54.0,13,1,123,49,48,29.1,948.3,263,3.63,10,0.451,0,0,0,0,70.1,CRITICAL,20.7,629,CRITICAL_injunction
65.6,3,0,179.68394178596446,65.8,17.9,1,1,0,18,24,15.9,348.8,51,1.58,21,0.145,0,0,0,1,28.8,MODERATE,5.4,164,MODERATE_standard
24.0,10,3,332.4796497818569,21.7,46.0,255,0,180,41,36,29.5,1295.4,430,3.83,10,0.765,1,0,0,1,87.7,CRITICAL,22.7,690,CRITICAL_injunction
91.1,0,0,12.101820109521036,79.6,6.7,0,1,0,4,30,8.9,236.0,38,0.77,24,0.044,0,0,0,1,12.0,LOW,1.5,46,LOW_streamlined
21.4,12,3,547.2390922336242,17.4,47.1,135,0,186,50,60,33.0,692.3,226,3.51,6,0.657,1,0,0,1,90.2,CRITICAL,25.6,778,CRITICAL_injunction
48.9,6,2,277.6530644051305,37.6,21.9,3,1,76,29,36,23.5,182.5,47,2.35,28,0.277,0,0,0,1,48.8,HIGH,14.6,444,HIGH_backlog
16.1,14,2,517.803536275314,18.0,62.9,16,0,325,42,36,24.1,1426.1,328,5.01,14,0.467,0,0,0,0,94.0,CRITICAL,22.1,672,CRITICAL_injunction
69.3,2,1,111.07458749025784,63.5,14.8,0,1,0,16,36,10.6,252.5,35,1.18,20,0.167,0,0,0,0,20.4,LOW,2.4,73,MODERATE_standard
93.6,1,0,32.42081039845276,91.1,5.3,0,1,0,8,24,7.3,212.5,23,0.72,28,0.016,0,0,0,1,12.0,LOW,0.3,9,LOW_streamlined
20.0,14,3,333.9516484921683,23.2,45.2,133,0,157,31,36,23.2,1035.6,220,4.23,21,0.496,1,0,0,1,90.9,CRITICAL,23.9,727,CRITICAL_injunction
59.8,4,0,141.56110409887674,63.4,8.5,0,1,0,11,36,14.0,378.3,56,1.94,8,0.107,0,0,1,1,26.6,MODERATE,5.6,170,MODERATE_standard
85.5,1,0,41.61613229721249,90.8,2.0,0,1,0,16,18,5.7,207.2,30,0.54,39,0.015,0,0,0,1,12.0,LOW,1.2,36,LOW_streamlined
25.4,10,3,317.46519065408864,12.8,49.8,7,1,191,38,36,34.9,675.3,143,4.15,22,0.587,0,0,0,0,71.9,CRITICAL,16.8,511,CRITICAL_injunction
49.3,7,1,219.97146282353827,43.3,34.2,5,1,0,25,48,19.3,328.0,64,2.39,8,0.336,0,1,0,0,53.2,HIGH,12.1,368,HIGH_backlog
44.7,6,1,267.60771811147424,36.3,30.0,6,1,0,37,48,23.7,511.6,106,2.85,4,0.335,1,0,0,0,52.3,HIGH,12.3,374,HIGH_backlog
73.8,3,0,76.18156350224686,56.3,8.5,0,1,0,8,36,10.8,406.0,79,1.98,18,0.159,0,0,1,0,20.9,LOW,1.9,58,MODERATE_standard
38.9,6,1,312.41949523569974,28.2,22.8,11,1,0,36,48,16.6,291.7,62,3.57,27,0.429,0,0,0,1,52.3,HIGH,11.1,337,HIGH_backlog
24.3,12,5,327.9573512529046,21.3,56.0,12,1,277,50,48,33.1,908.3,243,5.28,16,0.634,0,0,0,1,74.1,CRITICAL,31.7,964,CRITICAL_injunction
67.2,5,0,60.03961911113717,66.4,15.2,2,1,0,8,36,12.3,336.3,58,1.13,39,0.111,0,0,1,1,28.6,MODERATE,4.7,143,MODERATE_standard
91.6,0,0,44.81879249352829,97.3,7.9,0,1,0,17,18,4.6,159.9,17,0.51,41,0.045,0,0,1,1,12.0,LOW,1.9,58,LOW_streamlined
52.6,6,3,184.96574194783332,34.0,29.4,15,0,0,25,48,21.1,279.0,78,3.49,7,0.392,0,1,0,0,58.7,HIGH,12.4,377,HIGH_backlog
82.6,0,0,12.668774708863042,77.8,1.0,0,1,0,4,24,7.4,31.8,1,0.25,19,0.017,0,0,1,1,12.0,LOW,0.7,21,LOW_streamlined
48.0,9,2,297.171510160747,30.6,24.0,6,0,91,19,36,23.6,159.4,49,2.59,19,0.423,0,1,0,1,59.5,HIGH,11.3,344,HIGH_backlog
31.2,12,2,371.233384959267,8.0,36.4,156,0,318,37,48,33.3,972.5,254,5.37,9,0.554,1,0,0,1,92.7,CRITICAL,29.3,891,CRITICAL_injunction
76.2,0,0,42.04458324186035,86.0,1.6,0,1,0,16,18,8.7,23.2,6,0.28,28,0.023,0,0,1,0,12.0,LOW,0.3,9,LOW_streamlined
26.0,10,2,333.4207554129694,10.7,48.2,140,0,264,32,36,29.1,1471.4,331,4.28,11,0.742,1,0,0,0,92.6,CRITICAL,31.8,967,CRITICAL_injunction
65.2,4,1,113.95939957355071,53.5,13.6,1,1,0,17,24,11.0,370.6,59,1.23,29,0.124,0,0,1,0,33.4,MODERATE,5.5,167,MODERATE_standard
91.3,2,0,59.75910603124694,80.2,6.2,0,1,0,14,24,4.4,83.1,15,0.86,22,0.058,0,0,0,1,12.1,LOW,2.4,73,LOW_streamlined
91.9,0,0,35.85241773450666,83.3,6.9,0,1,0,17,24,4.2,76.3,6,0.86,17,0.073,0,0,1,1,12.0,LOW,0.1,3,LOW_streamlined
95.2,1,0,49.236620643202286,76.4,6.9,0,1,0,16,24,8.9,96.8,11,0.46,18,0.07,0,0,1,1,12.0,LOW,1.5,46,LOW_streamlined
43.7,8,2,237.90635890891525,40.8,30.1,4,1,45,32,36,23.0,388.2,67,3.36,13,0.392,1,1,0,0,64.1,HIGH,8.6,261,HIGH_backlog
87.3,2,0,49.766267700409394,93.5,5.1,0,1,0,13,18,7.5,142.4,15,0.29,41,0.062,0,0,1,1,12.0,LOW,0.6,18,LOW_streamlined
21.3,18,2,310.4857914918965,8.1,35.0,8,0,283,43,60,26.6,623.3,166,5.09,20,0.746,0,1,0,1,94.0,CRITICAL,21.2,644,CRITICAL_injunction
70.5,4,0,95.32678631270846,69.0,12.5,1,1,0,13,36,12.9,341.6,51,1.93,9,0.164,0,1,1,1,30.2,MODERATE,7.0,213,MODERATE_standard
16.3,14,3,520.4258895585856,12.9,35.4,136,0,194,44,48,33.7,905.9,245,4.31,7,0.484,1,0,0,0,94.0,CRITICAL,31.1,945,CRITICAL_injunction
83.8,0,0,34.084388433076896,79.6,0.7,0,1,0,9,30,6.6,170.5,16,0.86,14,0.052,0,0,1,1,12.0,LOW,1.3,40,LOW_streamlined
60.8,3,1,65.46050853483553,60.6,12.1,0,1,0,17,36,15.7,343.8,54,1.62,33,0.14,0,0,1,1,25.0,MODERATE,5.2,158,MODERATE_standard
69.7,2,0,145.76666421713117,64.7,11.4,0,1,0,17,24,12.6,110.7,13,1.71,15,0.164,0,0,1,1,19.6,LOW,1.5,46,MODERATE_standard
89.8,0,0,22.74088118221907,84.0,5.5,0,1,0,13,24,4.8,200.1,27,0.68,15,0.076,0,0,1,1,12.0,LOW,0.4,12,LOW_streamlined
50.6,7,1,282.122158365717,26.6,23.6,25,1,0,21,48,20.5,451.5,125,2.6,13,0.454,0,0,0,1,48.7,HIGH,8.6,261,HIGH_backlog
73.5,3,0,79.87958009716954,71.7,13.1,0,1,0,18,36,11.8,406.7,83,1.38,9,0.141,0,0,0,1,19.0,LOW,2.2,67,MODERATE_standard
59.9,3,0,164.7079822029556,59.7,16.8,2,1,0,11,24,12.8,238.4,47,1.53,37,0.181,0,1,1,1,32.2,MODERATE,3.8,116,MODERATE_standard
92.1,1,0,37.30722352316886,85.4,0.2,0,1,0,12,24,7.3,93.7,12,0.56,47,0.014,0,0,1,1,12.0,LOW,2.4,73,LOW_streamlined
91.0,2,0,55.42231028452008,86.7,6.0,0,1,0,4,24,6.6,186.9,15,0.63,47,0.031,0,0,1,1,12.0,LOW,0.5,15,LOW_streamlined
66.7,3,1,79.54993257183489,68.0,14.7,0,1,0,19,36,10.9,115.6,12,1.14,18,0.133,0,0,0,0,22.2,LOW,1.6,49,MODERATE_standard
35.1,14,5,334.31971838499595,15.5,41.5,92,0,203,43,48,27.9,697.2,252,3.96,3,0.65,1,0,0,1,91.6,CRITICAL,18.9,575,CRITICAL_injunction
85.1,1,0,38.332803880103114,86.3,4.6,0,1,0,16,30,5.4,180.4,19,0.3,33,0.044,0,0,0,1,12.0,LOW,2.1,64,LOW_streamlined
60.2,2,0,172.9223787236681,50.7,11.3,2,1,0,13,36,15.1,374.9,67,1.56,25,0.081,0,0,1,1,23.8,LOW,0.1,3,MODERATE_standard
44.3,9,2,266.0134295659455,32.1,29.4,23,1,67,32,48,16.2,635.2,183,2.75,28,0.407,0,1,0,1,58.0,HIGH,9.7,295,HIGH_backlog
49.9,8,1,299.2171563869114,36.1,30.9,17,1,0,33,36,20.6,687.3,179,3.24,5,0.48,0,0,0,0,54.9,HIGH,12.2,371,HIGH_backlog
17.6,12,3,447.5719770726051,13.4,43.9,109,0,296,31,60,32.2,454.2,152,3.56,3,0.726,1,0,0,0,90.7,CRITICAL,20.1,611,CRITICAL_injunction
52.2,7,3,195.56069584539526,30.0,34.5,10,0,0,36,36,22.5,422.5,78,3.06,9,0.368,0,1,0,0,61.1,HIGH,12.4,377,HIGH_backlog
82.4,1,0,43.9921533166226,82.4,6.0,0,1,0,10,24,6.9,243.7,25,0.46,19,0.06,0,0,1,1,12.0,LOW,1.0,30,LOW_streamlined
47.3,7,1,263.924634610132,26.7,30.9,13,1,0,35,36,16.6,404.8,76,2.63,17,0.396,0,0,0,1,52.3,HIGH,12.6,383,HIGH_backlog
70.1,3,0,120.87429063487616,64.2,13.2,2,1,0,21,24,14.0,403.0,86,1.47,9,0.19,0,0,0,0,25.7,MODERATE,3.4,103,MODERATE_standard
17.1,10,3,480.01939970770627,6.8,52.9,30,1,336,48,60,21.1,240.7,53,4.25,3,0.719,1,0,0,1,77.5,CRITICAL,30.2,918,CRITICAL_injunction
89.9,0,0,54.0107812242784,77.3,2.8,0,1,0,5,18,8.9,106.5,24,0.47,43,0.046,0,0,1,1,12.0,LOW,0.2,6,LOW_streamlined
54.9,7,2,218.25309872495268,42.6,35.8,20,1,109,31,48,23.8,730.8,147,2.68,24,0.463,0,0,0,0,50.9,HIGH,10.4,316,HIGH_backlog
26.1,10,3,516.8885623425284,23.6,43.5,10,1,316,34,36,28.6,1060.4,217,3.56,21,0.464,0,0,0,0,69.0,CRITICAL,19.2,584,CRITICAL_injunction
41.0,6,2,246.8533650289802,28.8,25.5,10,1,0,22,36,17.6,563.1,120,2.83,20,0.285,0,1,0,0,56.9,HIGH,11.1,337,HIGH_backlog
53.8,6,3,247.28095537641497,37.1,31.4,8,0,0,33,36,20.0,435.4,75,3.18,19,0.362,1,0,0,1,62.5,HIGH,9.6,292,HIGH_backlog
27.6,10,4,493.5931448125681,22.2,42.3,15,0,205,28,36,34.3,1167.1,305,5.2,8,0.453,0,1,0,1,87.5,CRITICAL,20.5,623,CRITICAL_injunction
68.6,4,0,166.68899000960636,53.0,15.0,2,1,0,16,36,12.1,297.7,52,1.9,35,0.141,0,0,0,1,31.0,MODERATE,7.2,219,MODERATE_standard
43.1,6,2,224.39243021837757,35.8,24.8,9,0,92,32,36,18.6,167.7,50,2.92,15,0.335,0,0,0,0,61.8,HIGH,11.4,347,HIGH_backlog
67.1,2,0,70.95931732383988,61.6,17.1,0,1,0,17,36,10.4,145.8,27,1.13,23,0.092,0,0,1,1,22.2,LOW,0.2,6,MODERATE_standard
26.8,10,2,380.97197000487984,15.8,44.6,104,0,339,39,60,26.9,967.0,299,4.79,4,0.767,1,0,0,0,92.6,CRITICAL,28.5,866,CRITICAL_injunction
90.7,0,0,51.57266171226776,82.7,1.9,0,1,0,17,18,8.2,24.0,4,0.64,24,0.015,0,0,1,1,12.0,LOW,1.8,55,LOW_streamlined
66.7,3,0,156.04920759901242,54.9,10.8,0,1,0,12,36,12.4,191.2,23,1.62,11,0.125,0,0,1,1,24.1,MODERATE,6.6,201,MODERATE_standard
51.0,7,2,298.89762506134537,47.0,31.2,3,0,58,34,48,19.0,370.3,66,2.41,17,0.364,1,1,0,0,64.0,HIGH,10.3,313,HIGH_backlog
73.5,4,0,111.29228034615565,71.4,14.7,0,1,0,22,36,10.7,90.7,13,1.1,12,0.081,0,0,0,0,22.1,LOW,1.1,33,MODERATE_standard
79.7,2,0,10.042684871870163,84.4,1.7,0,1,0,8,30,5.0,180.7,19,0.33,37,0.035,0,0,1,1,12.0,LOW,0.3,9,LOW_streamlined
66.2,4,1,77.26388913682126,66.3,12.7,0,1,0,16,36,13.4,60.4,20,1.17,29,0.133,0,0,1,1,22.7,LOW,2.2,67,MODERATE_standard
70.8,3,0,147.4451098170423,52.0,13.3,0,1,0,17,36,14.3,145.5,17,1.79,28,0.11,0,1,0,1,26.8,MODERATE,4.4,134,MODERATE_standard
64.8,4,0,176.32801350794242,62.4,11.3,0,1,0,17,36,14.7,210.1,36,1.78,31,0.134,0,0,1,0,23.7,LOW,1.0,30,MODERATE_standard
44.5,7,2,196.94682866412742,34.4,24.0,24,1,0,28,48,18.9,662.5,145,2.75,24,0.331,1,0,0,0,52.1,HIGH,13.0,395,HIGH_backlog
67.6,3,0,70.78295016000561,59.5,15.5,0,1,0,21,24,14.8,169.3,26,1.15,11,0.191,0,0,1,1,24.0,LOW,0.7,21,MODERATE_standard
26.6,12,2,445.6250906107326,12.6,61.9,19,0,127,37,60,27.6,1133.0,395,5.11,14,0.544,0,1,0,0,92.9,CRITICAL,25.8,784,CRITICAL_injunction
29.6,10,3,457.9606508378178,20.1,55.8,112,0,287,24,36,29.5,1133.3,252,3.73,19,0.702,1,0,0,0,86.4,CRITICAL,18.5,562,CRITICAL_injunction
79.7,1,0,58.33363333526465,79.4,7.3,0,1,0,11,18,7.6,128.0,23,0.9,35,0.025,0,0,1,1,12.0,LOW,2.0,61,LOW_streamlined
91.2,1,0,21.75777850042085,85.9,5.0,0,1,0,8,24,7.8,47.1,3,0.81,43,0.065,0,0,1,1,12.0,LOW,2.5,76,LOW_streamlined
68.7,2,0,89.25886231204858,60.8,10.9,0,1,0,20,24,11.4,224.8,25,1.25,13,0.091,0,1,0,0,17.9,LOW,1.3,40,MODERATE_standard
72.8,2,0,117.79068661294534,63.2,18.0,1,1,0,12,24,11.8,307.8,46,1.65,20,0.211,0,0,0,1,27.4,MODERATE,6.1,185,MODERATE_standard
60.5,3,0,173.59580951584053,52.2,13.4,0,1,0,23,36,11.7,241.8,37,1.16,19,0.1,0,0,0,1,24.2,MODERATE,5.1,155,MODERATE_standard
12.5,14,2,439.6118512481396,21.9,45.8,157,0,288,33,60,22.2,690.9,223,5.24,8,0.609,1,0,0,0,94.0,CRITICAL,29.6,900,CRITICAL_injunction
26.5,10,2,528.5992426371251,22.8,49.4,67,1,266,37,60,30.2,702.4,134,4.51,17,0.51,1,0,0,0,72.1,CRITICAL,17.2,523,CRITICAL_injunction
86.8,1,0,19.258796942252957,84.4,4.8,0,1,0,10,18,6.8,84.2,9,0.71,44,0.072,0,0,0,1,12.0,LOW,1.6,49,LOW_streamlined
47.3,9,1,279.95197956903286,37.9,32.5,17,0,0,25,36,22.9,264.6,71,2.96,14,0.277,0,1,0,1,60.5,HIGH,9.8,298,HIGH_backlog
67.6,4,1,171.26205226552173,69.8,14.6,0,1,0,19,24,15.9,66.4,15,1.62,9,0.144,0,0,1,0,26.8,MODERATE,3.1,94,MODERATE_standard
68.4,3,0,155.37963139251923,58.0,13.6,2,1,0,12,24,10.6,341.2,76,1.24,32,0.179,0,1,1,1,28.2,MODERATE,6.0,182,MODERATE_standard
86.8,0,0,40.39785919050226,77.5,7.6,0,1,0,9,18,8.7,53.7,9,0.89,29,0.043,0,0,1,1,12.0,LOW,1.4,43,LOW_streamlined
14.2,10,3,320.225344770698,21.3,36.5,96,1,206,36,48,22.2,778.4,174,3.59,21,0.454,1,0,0,1,72.9,CRITICAL,27.6,839,CRITICAL_injunction
59.5,4,0,165.38480090722123,53.9,16.6,2,1,0,22,24,10.1,384.1,58,1.79,29,0.156,0,1,0,0,37.8,MODERATE,5.9,179,MODERATE_standard
23.4,18,5,536.5290635252576,11.7,42.6,13,0,287,50,36,27.6,941.3,277,3.87,4,0.471,0,1,0,1,89.2,CRITICAL,25.1,763,CRITICAL_injunction
21.6,10,3,442.6383270144175,11.5,63.3,6,1,167,28,36,34.8,362.3,120,3.99,20,0.615,0,0,0,0,74.5,CRITICAL,20.7,629,CRITICAL_injunction
83.4,1,0,38.467347224652606,86.7,2.7,0,1,0,14,30,8.0,95.1,11,0.64,40,0.059,0,0,1,1,12.0,LOW,1.4,43,LOW_streamlined
12.3,18,5,432.9279175853265,19.1,57.9,104,0,238,41,48,34.3,582.1,163,3.88,22,0.54,1,0,0,1,94.0,CRITICAL,23.0,699,CRITICAL_injunction
63.6,4,1,162.33663764435371,62.4,17.9,1,1,0,18,36,10.2,124.0,30,1.3,22,0.199,0,0,0,1,31.7,MODERATE,5.6,170,MODERATE_standard
50.1,9,3,237.15525258311897,45.9,32.9,7,1,0,21,48,19.6,323.0,81,3.11,25,0.317,1,0,0,0,57.5,HIGH,12.6,383,HIGH_backlog
29.8,18,3,334.94367714588407,5.5,48.7,85,0,172,34,36,23.1,759.9,173,4.59,10,0.651,1,0,0,0,91.2,CRITICAL,26.0,790,CRITICAL_injunction
85.4,1,0,52.710837085683856,96.7,0.7,0,1,0,6,24,9.0,213.7,28,0.33,36,0.072,0,0,1,1,12.0,LOW,1.6,49,LOW_streamlined
70.5,5,0,79.57678514734596,67.4,15.6,0,1,0,10,24,11.3,212.5,23,1.92,32,0.125,0,0,0,1,22.8,LOW,1.3,40,MODERATE_standard
72.1,3,1,174.72095094194418,57.4,8.9,0,1,0,19,36,9.8,109.4,14,1.21,37,0.121,0,0,0,1,23.7,LOW,0.1,3,MODERATE_standard
25.5,14,2,293.2061928251915,12.0,54.8,6,0,324,50,60,31.3,474.2,132,4.53,14,0.495,0,0,0,0,93.4,CRITICAL,23.5,714,CRITICAL_injunction
21.8,10,4,423.4962239085015,13.1,52.2,169,1,208,32,60,33.3,1158.1,259,5.01,9,0.778,1,0,0,1,78.5,CRITICAL,31.4,955,CRITICAL_injunction
75.8,0,0,32.603828533956026,91.1,1.2,0,1,0,8,18,4.8,82.4,4,0.68,39,0.023,0,0,1,1,12.0,LOW,0.3,9,LOW_streamlined
26.3,14,4,532.9126611005045,18.4,46.0,15,1,165,35,60,29.1,1160.1,313,4.69,13,0.452,0,0,0,0,71.1,CRITICAL,30.9,939,CRITICAL_injunction
80.7,2,0,51.74975111024109,90.5,7.8,0,1,0,7,24,6.9,82.6,12,0.67,34,0.057,0,0,1,1,15.0,LOW,0.1,3,LOW_streamlined
35.0,10,3,535.1871614776796,22.4,64.8,12,0,313,34,48,33.7,804.8,257,4.65,12,0.487,0,1,0,0,85.5,CRITICAL,27.9,848,CRITICAL_injunction
79.6,1,0,49.699765543464125,91.5,7.4,0,1,0,6,18,5.8,224.5,23,0.74,47,0.059,0,0,0,1,12.0,LOW,0.3,9,LOW_streamlined
15.6,12,4,385.10014228509755,22.3,47.6,118,0,355,50,60,25.8,989.7,221,5.19,23,0.794,1,0,0,0,94.0,CRITICAL,23.8,724,CRITICAL_injunction
14.7,10,3,303.0078034634781,12.9,44.4,34,1,244,41,48,23.7,558.0,94,3.69,11,0.77,1,0,0,0,75.5,CRITICAL,31.6,961,CRITICAL_injunction
76.3,0,0,26.759671758602433,97.6,7.5,0,1,0,4,30,4.6,20.2,8,0.78,29,0.053,0,0,1,1,12.0,LOW,1.8,55,LOW_streamlined
22.4,12,4,461.1315798992878,5.2,56.4,15,0,295,32,48,32.2,1018.4,317,5.07,17,0.604,0,1,0,0,92.2,CRITICAL,20.7,629,CRITICAL_injunction
21.1,18,2,290.2551996592527,11.3,54.8,4,0,170,31,48,24.3,286.4,81,3.73,3,0.714,0,1,0,1,92.2,CRITICAL,30.6,930,CRITICAL_injunction
49.2,6,1,260.06260030593324,43.8,35.8,20,0,102,35,48,18.3,425.0,84,2.46,5,0.393,0,0,0,0,62.4,HIGH,8.4,255,HIGH_backlog
29.6,10,2,439.3033664338979,19.9,58.2,74,0,196,37,60,21.6,649.1,147,4.93,8,0.508,1,0,0,1,88.0,CRITICAL,21.0,638,CRITICAL_injunction
16.1,12,5,306.7005267952256,17.8,37.0,71,1,193,29,60,31.5,775.1,190,4.11,10,0.556,1,0,0,1,75.3,CRITICAL,28.6,869,CRITICAL_injunction
28.4,12,2,474.25876115764544,7.8,55.1,76,0,183,45,48,21.3,363.5,138,4.45,20,0.643,1,0,0,1,92.9,CRITICAL,31.6,961,CRITICAL_injunction
73.3,3,0,80.48784913356596,66.4,9.5,0,1,0,8,36,15.1,139.0,18,1.48,28,0.151,0,0,1,0,15.7,LOW,0.9,27,MODERATE_standard
78.6,1,0,35.04647022082527,90.6,0.8,0,1,0,12,30,5.8,94.7,10,0.5,25,0.077,0,0,1,1,12.0,LOW,0.5,15,LOW_streamlined
52.0,6,3,288.1116922739951,31.1,35.3,3,0,0,33,36,21.0,177.7,52,2.4,17,0.289,0,1,0,1,57.2,HIGH,10.3,313,HIGH_backlog
92.5,1,0,12.919811202957696,90.2,4.7,0,1,0,17,30,5.1,46.1,5,0.87,31,0.036,0,0,1,1,12.0,LOW,1.3,40,LOW_streamlined
91.8,0,0,12.768956707397896,97.7,4.6,0,1,0,4,24,4.3,83.4,7,0.82,42,0.034,0,0,1,1,12.0,LOW,2.4,73,LOW_streamlined
26.3,12,3,381.0085490754565,9.2,55.6,11,0,151,26,48,34.1,777.3,228,5.0,2,0.718,0,0,0,0,90.4,CRITICAL,16.2,492,CRITICAL_injunction
40.6,6,1,202.002795218845,35.2,25.3,8,0,44,32,48,23.0,159.3,45,2.46,9,0.415,1,0,0,1,54.4,HIGH,13.6,413,HIGH_backlog
17.8,12,3,524.4447436283,21.0,50.5,16,0,255,34,36,23.9,1454.3,338,4.72,14,0.589,0,0,0,0,93.8,CRITICAL,30.1,915,CRITICAL_injunction
95.9,0,0,36.29785496340203,81.0,5.3,0,1,0,13,24,4.3,202.6,21,0.48,35,0.078,0,0,0,1,12.0,LOW,1.9,58,LOW_streamlined
31.2,12,5,397.67362323945673,20.3,49.7,166,1,216,38,36,31.1,1015.9,323,5.2,12,0.658,1,0,0,0,72.3,CRITICAL,29.0,882,CRITICAL_injunction
41.5,9,1,224.14554975322042,43.8,33.5,7,0,0,36,36,20.4,260.2,53,3.19,11,0.485,0,0,0,0,59.3,HIGH,13.1,398,HIGH_backlog
66.1,3,0,166.6508062246831,68.4,16.1,1,1,0,20,24,12.7,246.1,40,1.88,27,0.163,0,1,1,1,30.1,MODERATE,4.3,131,MODERATE_standard
88.5,0,0,29.044357414734804,86.0,0.4,0,1,0,8,24,5.8,179.2,14,0.24,28,0.08,0,0,0,1,12.0,LOW,0.8,24,LOW_streamlined
21.3,10,3,438.57634874646214,13.6,49.9,34,0,299,43,48,30.1,276.2,60,4.05,7,0.612,1,0,0,0,94.0,CRITICAL,17.5,532,CRITICAL_injunction
52.3,6,3,225.2648145248097,33.4,22.4,18,1,0,34,36,18.5,364.0,78,3.25,23,0.379,0,0,0,0,50.5,HIGH,8.5,258,HIGH_backlog
50.8,7,2,183.64932497056384,29.1,31.7,19,1,0,22,48,20.3,367.0,102,3.38,17,0.259,0,0,0,1,54.8,HIGH,12.2,371,HIGH_backlog
91.0,1,0,28.825982034824246,94.7,3.5,0,1,0,5,24,8.5,160.6,23,0.4,46,0.064,0,0,0,0,12.0,LOW,0.1,3,LOW_streamlined
46.0,7,1,287.73609644213485,44.6,30.9,14,1,45,32,48,22.7,579.3,139,2.33,5,0.341,1,0,0,0,54.0,HIGH,14.9,453,HIGH_backlog
30.0,10,2,482.67556979572043,20.8,52.3,8,1,120,45,48,33.7,896.1,171,4.75,11,0.704,0,0,0,1,75.0,CRITICAL,23.5,714,CRITICAL_injunction
13.4,10,5,421.12714685791957,16.6,63.6,87,0,150,27,36,33.6,627.5,209,4.68,18,0.461,1,0,0,1,93.7,CRITICAL,20.3,617,CRITICAL_injunction
72.7,3,1,70.71435018373566,68.3,8.8,2,1,0,23,24,14.8,365.1,63,1.24,17,0.084,0,1,1,1,29.7,MODERATE,6.5,198,MODERATE_standard
23.3,10,2,354.5916523654847,6.5,38.8,19,0,133,26,36,21.2,1485.8,399,3.88,21,0.67,0,0,0,0,83.0,CRITICAL,21.9,666,CRITICAL_injunction
42.6,9,2,243.92494846735636,28.2,34.8,13,1,76,21,36,19.0,670.9,204,2.57,5,0.38,0,0,0,1,60.2,HIGH,10.3,313,HIGH_backlog
63.7,3,1,63.723723905393456,66.8,8.1,2,1,0,11,24,10.9,412.5,49,1.76,28,0.114,0,0,1,1,30.0,MODERATE,6.6,201,MODERATE_standard
62.8,2,0,126.21323259746734,63.2,13.8,0,1,0,19,36,11.8,114.2,22,1.27,32,0.148,0,0,1,1,23.3,LOW,1.7,52,MODERATE_standard
59.6,2,1,121.64097506600228,59.0,10.7,0,1,0,12,36,13.1,83.6,14,1.43,28,0.14,0,0,1,0,22.9,LOW,2.1,64,MODERATE_standard
61.9,2,1,142.7895567067846,64.4,12.3,1,1,0,21,36,12.8,192.5,42,1.61,9,0.141,0,0,0,1,30.3,MODERATE,5.6,170,MODERATE_standard
85.9,1,0,54.974994182942545,81.8,3.2,0,1,0,4,18,7.8,30.7,3,0.79,44,0.074,0,0,1,1,12.0,LOW,1.1,33,LOW_streamlined
79.0,0,0,16.72337764102776,86.1,4.7,0,1,0,10,24,6.6,236.7,30,0.23,43,0.034,0,0,1,0,12.0,LOW,0.8,24,LOW_streamlined
42.9,9,1,273.72592583362484,30.9,23.9,3,1,68,31,36,18.6,219.2,34,2.55,14,0.415,0,0,0,1,55.0,HIGH,14.8,450,HIGH_backlog
45.0,6,3,201.9562637975247,42.9,28.8,3,0,0,34,48,18.6,168.1,39,2.3,27,0.294,0,0,0,0,53.1,HIGH,14.9,453,HIGH_backlog
16.7,12,3,351.0536117893589,5.3,64.6,34,0,346,27,36,26.8,212.0,48,5.0,16,0.616,1,0,0,1,94.0,CRITICAL,27.9,848,CRITICAL_injunction
95.6,2,0,10.38304334452195,97.4,7.6,0,1,0,12,30,7.7,232.8,22,0.39,37,0.079,0,0,0,1,12.0,LOW,0.6,18,LOW_streamlined
42.9,8,2,192.98413131737811,33.4,30.5,17,0,0,28,36,19.1,741.3,205,3.54,15,0.43,0,0,0,0,62.4,HIGH,9.2,280,HIGH_backlog
39.2,7,1,222.64231825313527,29.6,34.4,17,0,66,21,36,19.3,250.8,85,3.28,15,0.482,0,1,0,0,65.5,HIGH,11.0,334,HIGH_backlog
69.9,2,1,158.8171651185856,51.0,13.0,1,1,0,19,36,13.7,442.6,81,1.86,30,0.206,0,0,0,1,29.0,MODERATE,4.7,143,MODERATE_standard
62.3,5,0,99.97398694664514,62.2,11.8,0,1,0,17,24,9.1,168.5,26,1.98,22,0.211,0,0,0,1,30.6,MODERATE,4.4,134,MODERATE_standard
59.1,3,0,89.84009834074072,54.8,14.0,0,1,0,18,36,14.7,94.1,24,1.67,38,0.087,0,0,0,0,28.0,MODERATE,6.1,185,MODERATE_standard
44.9,8,2,182.771822216542,39.0,26.5,12,0,0,35,36,20.2,419.4,81,2.99,23,0.458,0,1,0,0,54.6,HIGH,9.0,274,HIGH_backlog
86.1,1,0,16.092512512921147,87.7,0.4,0,1,0,4,24,7.5,144.6,18,0.51,41,0.047,0,0,1,1,12.0,LOW,0.8,24,LOW_streamlined
69.4,2,1,164.46509557270554,70.9,16.7,0,1,0,20,24,11.7,300.4,37,1.85,31,0.191,0,0,0,1,24.1,MODERATE,6.8,207,MODERATE_standard
72.2,3,0,126.43099307744524,50.9,11.1,2,1,0,14,36,13.8,448.4,95,1.57,29,0.086,0,0,0,1,26.4,MODERATE,3.9,119,MODERATE_standard
43.9,6,1,260.04067405950593,45.3,24.6,28,1,0,26,36,22.5,558.8,122,3.47,24,0.309,0,0,0,0,48.2,HIGH,11.5,350,HIGH_backlog
49.2,9,3,202.8379722190184,44.1,25.8,9,1,0,23,36,21.8,205.8,51,3.57,24,0.395,1,1,0,1,58.7,HIGH,13.8,420,HIGH_backlog
71.9,2,0,141.21207260287167,60.9,11.6,1,1,0,12,24,14.2,442.2,96,1.32,23,0.194,0,0,0,1,23.3,LOW,1.5,46,MODERATE_standard
48.6,6,2,212.1816088122717,44.2,34.7,27,1,112,22,48,17.3,551.2,163,2.29,11,0.395,0,0,0,0,49.0,HIGH,8.8,268,HIGH_backlog
29.3,14,3,357.3919502690304,15.2,56.2,76,0,261,33,60,20.2,693.9,208,5.3,14,0.754,1,0,0,0,93.4,CRITICAL,22.7,690,CRITICAL_injunction
44.3,7,2,279.8068106510773,41.7,25.9,12,0,0,33,48,17.2,703.0,223,2.61,17,0.336,1,0,0,0,52.6,HIGH,8.4,255,HIGH_backlog
47.7,7,1,181.1366329851793,27.9,34.0,5,1,0,36,36,21.4,165.7,23,3.51,6,0.332,1,1,0,1,63.9,HIGH,11.1,337,HIGH_backlog
54.7,6,1,267.25625659699193,29.4,28.3,5,1,0,26,48,20.5,219.4,42,2.54,6,0.256,0,1,0,1,50.1,HIGH,8.6,261,HIGH_backlog
21.6,10,5,317.396830012793,12.7,47.0,9,0,196,48,36,21.1,637.2,197,3.8,2,0.552,0,0,0,0,88.8,CRITICAL,26.3,800,CRITICAL_injunction
25.5,10,3,423.05836690165654,15.8,62.4,46,1,267,36,60,35.0,380.4,76,4.81,10,0.566,1,0,0,0,73.7,CRITICAL,29.9,909,CRITICAL_injunction
67.8,3,0,86.37263007178123,70.8,9.9,2,1,0,18,36,13.8,371.7,79,1.28,7,0.166,0,1,1,1,28.4,MODERATE,7.3,222,MODERATE_standard
15.8,12,3,280.0899013289791,7.1,47.8,6,0,147,25,60,25.6,478.6,135,3.61,4,0.531,0,1,0,0,93.9,CRITICAL,27.4,833,CRITICAL_injunction
45.1,9,1,216.57378632482727,45.5,29.9,1,1,0,37,36,21.8,107.5,30,3.56,26,0.301,0,1,0,0,60.1,HIGH,12.7,386,HIGH_backlog
44.0,7,1,283.45672343139506,41.5,23.1,17,1,84,35,36,20.3,493.6,89,2.57,25,0.393,1,0,0,1,49.6,HIGH,9.4,286,HIGH_backlog
40.9,7,3,221.88311162898054,31.2,21.7,10,1,0,27,36,23.3,243.1,46,2.79,9,0.291,1,0,0,1,55.6,HIGH,11.6,353,HIGH_backlog
36.0,12,3,354.4579568936539,13.1,48.7,6,0,355,41,60,33.1,576.7,137,4.13,8,0.486,0,1,0,0,89.5,CRITICAL,21.9,666,CRITICAL_injunction
67.8,2,1,104.65889138343144,55.7,11.7,1,1,0,23,24,14.7,430.6,65,1.43,18,0.189,0,0,0,1,27.8,MODERATE,4.1,125,MODERATE_standard
58.7,2,0,160.26443536561035,54.9,11.1,0,1,0,8,24,13.8,118.2,31,1.54,36,0.084,0,0,1,1,26.4,MODERATE,6.7,204,MODERATE_standard
35.6,10,2,435.93442973483855,17.6,36.1,6,0,193,34,48,30.0,694.8,122,4.58,10,0.514,0,1,0,0,85.1,CRITICAL,25.8,784,CRITICAL_injunction
23.2,12,5,368.8045267694165,11.3,55.6,4,0,161,42,60,23.6,357.8,82,4.43,19,0.706,0,0,0,1,93.0,CRITICAL,19.8,602,CRITICAL_injunction
47.5,6,1,298.7005805666663,27.7,33.4,12,1,68,19,36,18.6,375.0,91,2.33,19,0.396,1,0,0,1,52.8,HIGH,10.2,310,HIGH_backlog
77.1,1,0,56.347031156005436,83.4,6.1,0,1,0,9,30,4.1,184.4,35,0.89,37,0.046,0,0,0,1,12.0,LOW,1.3,40,LOW_streamlined
87.1,1,0,40.57154036139444,76.7,3.4,0,1,0,11,30,4.6,228.2,27,0.56,29,0.014,0,0,0,1,12.0,LOW,0.5,15,LOW_streamlined
38.3,6,3,305.6027072758661,36.3,29.7,5,1,65,30,48,22.2,231.7,35,3.5,13,0.451,0,0,0,1,60.1,HIGH,10.8,328,HIGH_backlog
28.3,12,5,366.0500527376188,10.2,59.8,20,1,242,50,48,25.8,1362.5,405,3.82,21,0.797,0,0,0,0,72.8,CRITICAL,27.2,827,CRITICAL_injunction
76.4,1,0,10.40263108126406,81.3,4.2,0,1,0,7,24,8.2,155.5,26,0.87,37,0.061,0,0,1,0,12.0,LOW,0.5,15,LOW_streamlined
89.8,0,0,23.03146489374832,83.2,0.7,0,1,0,12,30,4.9,229.8,34,0.3,25,0.045,0,0,0,1,12.0,LOW,1.5,46,LOW_streamlined
40.1,8,3,224.30643442930017,31.2,31.9,8,1,0,19,48,17.0,677.9,139,2.29,6,0.358,0,1,0,1,60.7,HIGH,12.9,392,HIGH_backlog
54.2,7,2,188.8408882669609,33.2,25.4,6,0,60,35,48,23.3,226.6,44,3.53,10,0.439,0,0,0,1,59.4,HIGH,9.7,295,HIGH_backlog
66.6,3,0,122.63159433645123,53.6,10.8,0,1,0,14,36,15.7,323.7,43,1.64,26,0.098,0,0,1,0,24.9,MODERATE,6.5,198,MODERATE_standard
25.3,18,3,362.8082630044895,7.5,43.0,156,0,265,51,36,22.5,1289.8,427,4.34,22,0.765,1,0,0,1,90.8,CRITICAL,24.5,745,CRITICAL_injunction
70.9,2,0,79.01125792874153,68.6,9.9,0,1,0,18,36,15.9,389.9,56,1.57,7,0.22,0,0,1,0,17.9,LOW,2.1,64,MODERATE_standard
41.6,6,1,183.74143059432447,45.6,32.7,6,0,116,19,48,22.9,564.3,118,2.68,6,0.375,0,0,0,1,61.8,HIGH,12.7,386,HIGH_backlog
59.0,2,0,161.92005055374926,72.0,10.8,0,1,0,16,36,11.1,95.0,17,1.33,36,0.123,0,1,1,0,23.7,LOW,1.9,58,MODERATE_standard
25.8,18,3,359.22094570523666,19.7,57.4,11,0,219,36,60,28.9,944.2,236,4.34,5,0.614,0,0,0,0,90.8,CRITICAL,18.6,565,CRITICAL_injunction
14.0,10,3,414.8817821024294,9.0,50.7,6,0,298,46,60,30.9,484.3,138,4.32,15,0.652,0,0,0,0,94.0,CRITICAL,25.6,778,CRITICAL_injunction
77.8,1,0,32.92069158960989,94.1,7.1,0,1,0,12,18,8.7,218.8,22,0.78,29,0.059,0,0,1,1,12.0,LOW,1.2,36,LOW_streamlined
24.7,18,5,331.71690080020585,22.9,53.5,274,0,237,39,36,33.6,1433.3,389,4.54,23,0.794,1,0,0,0,93.1,CRITICAL,30.0,912,CRITICAL_injunction
14.8,10,3,542.7846672454158,17.2,61.8,6,0,326,30,48,20.2,426.0,123,5.46,10,0.693,0,1,0,0,94.0,CRITICAL,22.3,678,CRITICAL_injunction
79.7,0,0,30.77482227684194,87.5,7.2,0,1,0,4,30,8.4,82.6,7,0.46,42,0.032,0,0,0,1,12.0,LOW,0.4,12,LOW_streamlined
86.1,1,0,36.834420593138645,95.7,4.2,0,1,0,16,30,7.7,29.3,6,0.36,43,0.047,0,0,1,1,12.0,LOW,1.1,33,LOW_streamlined
59.3,3,0,158.8700433392987,58.8,17.0,0,1,0,22,24,10.3,383.3,66,1.45,14,0.197,0,0,1,0,25.8,MODERATE,4.7,143,MODERATE_standard
62.7,2,1,96.58334289337029,52.7,13.3,0,1,0,10,36,10.6,55.7,12,1.73,35,0.169,0,0,1,1,26.4,MODERATE,4.7,143,MODERATE_standard
59.4,3,0,112.56182115096973,66.9,10.3,2,1,0,16,24,10.0,385.8,80,1.87,9,0.172,0,0,0,1,30.9,MODERATE,5.1,155,MODERATE_standard
77.1,1,0,40.295287265776906,94.3,6.9,0,1,0,6,30,5.8,228.1,24,0.36,36,0.074,0,0,1,1,12.0,LOW,0.1,3,LOW_streamlined
47.1,7,3,285.3689959488695,28.1,26.1,18,1,0,24,48,20.9,305.3,85,2.78,17,0.425,0,0,0,1,52.8,HIGH,9.3,283,HIGH_backlog
38.0,7,2,208.66357428859357,43.7,25.4,10,0,51,27,36,21.8,185.7,52,2.31,19,0.295,0,1,0,1,56.0,HIGH,9.8,298,HIGH_backlog
91.4,2,0,23.848214042110364,94.5,1.1,0,1,0,17,30,5.7,125.9,16,0.29,24,0.057,0,0,1,1,12.0,LOW,0.0,0,LOW_streamlined
59.6,2,0,161.635985004916,55.8,8.4,1,1,0,13,36,11.2,222.8,41,1.62,30,0.136,0,0,1,1,28.4,MODERATE,6.7,204,MODERATE_standard
48.1,8,1,271.9461754061155,33.3,21.8,21,1,68,21,48,22.3,391.8,114,2.39,13,0.366,0,1,0,1,51.6,HIGH,11.0,334,HIGH_backlog
71.8,3,0,128.52237010851644,64.4,8.9,0,1,0,15,36,12.4,373.4,68,1.44,16,0.167,0,0,1,1,17.9,LOW,1.9,58,MODERATE_standard
62.1,4,0,98.56969212240094,69.0,17.2,0,1,0,8,36,15.2,137.1,17,1.69,16,0.145,0,0,1,0,25.4,MODERATE,7.1,216,MODERATE_standard
17.7,12,5,357.114844651205,17.6,60.4,49,0,195,49,48,31.8,354.1,98,4.4,4,0.584,1,0,0,1,94.0,CRITICAL,30.8,936,CRITICAL_injunction
69.1,2,1,69.62305937338853,52.3,17.5,0,1,0,22,24,11.7,83.8,16,1.68,35,0.116,0,1,0,1,28.8,MODERATE,5.3,161,MODERATE_standard
87.9,0,0,52.002950913812356,97.9,1.4,0,1,0,17,18,4.7,248.7,33,0.67,44,0.047,0,0,0,1,12.0,LOW,0.9,27,LOW_streamlined
13.5,12,4,492.73200452207516,5.4,63.9,46,1,337,41,36,33.8,467.7,129,4.62,12,0.466,1,0,0,0,77.0,CRITICAL,22.6,687,CRITICAL_injunction
50.3,7,2,202.6296469939084,33.3,25.4,7,1,115,29,48,20.9,230.4,67,3.3,21,0.374,0,0,0,0,51.3,HIGH,10.4,316,HIGH_backlog
46.8,6,1,249.27746949478248,27.0,30.9,22,0,108,35,36,18.5,458.2,111,3.55,21,0.348,0,0,0,0,65.5,HIGH,8.1,246,HIGH_backlog
43.3,7,1,303.77456321274957,35.1,35.7,19,0,71,20,48,16.2,374.0,83,3.5,28,0.487,1,1,0,0,70.4,CRITICAL,29.5,897,HIGH_backlog
38.9,9,1,221.8181261882142,29.4,21.9,27,1,89,25,48,21.2,630.4,127,2.72,9,0.43,0,1,0,0,58.8,HIGH,9.0,274,HIGH_backlog
49.2,7,2,220.2001979075384,26.8,26.0,36,0,0,27,36,18.9,618.9,150,2.37,14,0.26,0,0,0,1,53.9,HIGH,11.8,359,HIGH_backlog
55.7,6,2,317.3143215493425,33.7,31.1,30,0,66,34,48,19.3,562.4,154,3.47,23,0.495,0,0,0,0,54.2,HIGH,11.1,337,HIGH_backlog
45.3,9,1,314.0690811597809,35.8,32.9,3,1,0,20,48,23.0,123.8,31,3.25,10,0.496,0,1,0,0,59.9,HIGH,11.3,344,HIGH_backlog
26.4,14,5,364.176293946075,23.2,57.9,30,1,216,48,48,27.1,216.6,64,5.29,14,0.552,1,0,0,0,75.9,CRITICAL,24.1,733,CRITICAL_injunction
30.0,18,5,452.334417243439,9.5,45.8,89,1,154,37,48,21.5,630.4,128,4.73,4,0.745,1,0,0,0,72.1,CRITICAL,27.4,833,CRITICAL_injunction
85.5,1,0,12.648588741018399,80.0,6.2,0,1,0,5,18,7.9,88.4,12,0.63,23,0.06,0,0,1,1,12.0,LOW,2.3,70,LOW_streamlined
86.3,1,0,33.8941497315995,95.9,1.4,0,1,0,7,30,8.1,229.9,30,0.52,32,0.01,0,0,0,1,12.0,LOW,1.2,36,LOW_streamlined
19.3,12,5,517.8954870235303,10.4,64.0,152,0,357,41,36,30.5,1163.2,338,3.92,10,0.567,1,0,0,1,91.0,CRITICAL,28.2,857,CRITICAL_injunction
92.0,0,0,22.983772779447463,87.3,1.8,0,1,0,17,18,7.1,170.2,23,0.23,46,0.074,0,0,1,1,12.0,LOW,2.2,67,LOW_streamlined
71.9,3,0,131.50018762808668,64.5,13.1,1,1,0,22,24,9.1,184.3,50,1.39,37,0.123,0,0,0,0,27.9,MODERATE,4.1,125,MODERATE_standard
92.5,2,0,22.275869524422983,79.0,5.4,0,1,0,9,30,5.2,72.7,4,0.77,15,0.026,0,0,1,1,12.0,LOW,1.4,43,LOW_streamlined
35.8,12,4,466.2120342977676,5.3,57.1,125,0,253,43,60,23.4,581.1,204,5.38,17,0.533,1,0,0,1,92.5,CRITICAL,30.8,936,CRITICAL_injunction
58.3,2,0,136.91572751967982,57.9,9.1,1,1,0,19,24,14.7,207.4,31,1.78,33,0.173,0,1,1,0,29.8,MODERATE,4.3,131,MODERATE_standard
94.8,1,0,17.49274602926472,82.7,2.5,0,1,0,13,24,8.7,207.1,11,0.56,45,0.034,0,0,0,1,12.0,LOW,1.2,36,LOW_streamlined
54.2,9,3,199.75104901271243,31.0,24.6,6,0,46,20,48,22.6,207.6,48,2.97,21,0.373,1,1,0,0,60.4,HIGH,9.1,277,HIGH_backlog
76.5,0,0,40.26176100840817,78.8,7.2,0,1,0,16,24,8.5,99.4,16,0.38,39,0.06,0,0,1,1,12.0,LOW,1.2,36,LOW_streamlined
44.4,6,2,317.4658676269197,28.0,33.4,29,0,67,20,48,21.3,538.7,136,2.36,29,0.37,0,0,0,0,60.9,HIGH,10.4,316,HIGH_backlog
26.9,12,3,543.0828112995823,21.5,53.6,12,0,174,27,60,23.9,702.4,256,3.67,23,0.697,0,1,0,1,89.1,CRITICAL,27.3,830,CRITICAL_injunction
70.4,5,0,135.34377239326426,52.1,14.3,0,1,0,18,36,14.6,304.6,43,1.95,26,0.116,0,0,0,0,27.5,MODERATE,3.3,100,MODERATE_standard
64.5,3,0,175.41017902054895,69.7,13.1,0,1,0,19,36,12.2,127.8,17,1.6,25,0.114,0,0,1,0,25.3,MODERATE,6.3,192,MODERATE_standard
29.2,12,2,387.4003886746849,6.1,44.3,129,1,162,46,60,25.8,1035.4,215,5.43,7,0.568,1,0,0,1,78.3,CRITICAL,22.4,681,CRITICAL_injunction
22.8,12,3,450.2907096645723,6.0,56.5,53,1,128,38,48,26.4,413.6,92,5.12,16,0.456,1,0,0,1,76.8,CRITICAL,19.6,596,CRITICAL_injunction
79.0,0,0,56.6009075662364,83.0,1.2,0,1,0,14,24,5.5,35.0,5,0.81,30,0.072,0,0,1,1,12.0,LOW,2.1,64,LOW_streamlined
35.4,18,2,317.5343342463547,16.5,57.3,96,0,133,31,60,30.0,598.3,134,3.98,4,0.593,1,0,0,0,86.6,CRITICAL,18.7,568,CRITICAL_injunction
44.3,9,1,259.8548987679468,29.8,25.8,27,1,0,36,48,22.5,589.7,144,2.24,21,0.399,0,0,0,1,53.9,HIGH,10.2,310,HIGH_backlog
16.1,14,3,513.417095428031,20.2,59.7,68,0,198,30,60,23.4,322.8,110,4.43,5,0.759,1,0,0,1,91.7,CRITICAL,25.2,766,CRITICAL_injunction
78.0,1,0,42.10930280173981,86.2,7.5,0,1,0,15,18,6.5,143.7,8,0.3,39,0.051,0,0,0,1,13.6,LOW,1.4,43,LOW_streamlined
52.2,7,3,181.79698419554316,42.9,32.4,26,1,0,30,36,17.3,513.3,136,2.67,19,0.38,0,0,0,1,55.5,HIGH,13.2,401,HIGH_backlog
14.5,14,2,492.33971905888586,5.8,59.8,10,0,236,28,60,32.1,763.8,200,4.91,19,0.718,0,0,0,1,94.0,CRITICAL,21.5,654,CRITICAL_injunction
68.0,5,0,125.8495998556101,55.5,9.9,1,1,0,23,24,10.1,193.5,46,1.35,16,0.111,0,1,1,0,31.3,MODERATE,4.5,137,MODERATE_standard
16.6,10,2,320.2323067211458,22.8,55.4,12,0,217,39,48,20.9,961.5,242,5.25,14,0.566,0,0,0,1,94.0,CRITICAL,21.4,651,CRITICAL_injunction
68.2,3,1,80.27450422302441,66.4,10.1,2,1,0,16,24,14.3,449.3,49,1.18,25,0.157,0,0,0,1,22.6,LOW,2.1,64,MODERATE_standard
68.1,4,0,147.67097197159404,68.7,8.1,0,1,0,10,24,9.7,55.2,8,1.58,15,0.216,0,0,1,0,22.6,LOW,0.9,27,MODERATE_standard
47.8,7,2,202.42866561537636,29.6,32.6,5,0,0,20,36,17.7,270.1,75,2.98,14,0.48,1,0,0,0,62.0,HIGH,11.4,347,HIGH_backlog
69.2,3,1,70.85835502194632,60.9,13.2,2,1,0,9,24,15.1,288.5,63,1.44,35,0.182,0,0,1,1,29.1,MODERATE,3.1,94,MODERATE_standard
44.6,6,1,270.80923167936044,34.8,31.7,5,0,80,18,36,18.5,254.2,56,2.56,4,0.318,0,1,0,1,63.2,HIGH,9.4,286,HIGH_backlog
90.5,0,0,46.462613470161806,92.4,5.5,0,1,0,17,18,5.2,148.6,27,0.5,44,0.011,0,0,0,1,12.0,LOW,2.1,64,LOW_streamlined
78.0,0,0,57.018865541832994,77.5,7.1,0,1,0,5,30,7.2,20.6,5,0.27,46,0.02,0,0,1,1,12.0,LOW,0.1,3,LOW_streamlined
67.9,3,0,178.60537006030933,57.8,15.3,0,1,0,15,36,13.1,82.0,20,1.3,25,0.195,0,0,0,0,24.3,MODERATE,4.5,137,MODERATE_standard
35.9,10,4,339.42683467239874,22.1,42.2,13,0,192,51,48,34.2,907.0,276,4.03,16,0.512,0,1,0,1,84.8,CRITICAL,21.4,651,CRITICAL_injunction
83.3,1,0,48.48031948902623,92.0,3.5,0,1,0,17,30,9.0,129.1,13,0.25,47,0.077,0,0,1,0,12.0,LOW,0.6,18,LOW_streamlined
53.7,7,2,277.3067025978978,34.7,28.7,19,1,0,23,48,20.5,508.6,106,3.49,23,0.348,0,0,0,1,53.0,HIGH,11.7,356,HIGH_backlog
94.2,0,0,47.93437773241371,87.0,0.5,0,1,0,16,30,7.3,230.5,25,0.41,16,0.068,0,0,0,1,12.0,LOW,1.1,33,LOW_streamlined
95.4,0,0,20.95474113500577,80.5,4.8,0,1,0,7,24,8.9,44.2,1,0.79,12,0.076,0,0,0,1,12.0,LOW,0.2,6,LOW_streamlined
60.5,4,0,160.8487986676457,53.5,11.4,0,1,0,20,24,15.6,299.2,51,1.71,13,0.13,0,0,0,1,30.5,MODERATE,5.5,167,MODERATE_standard
31.7,10,3,343.0963096222724,5.2,54.8,5,0,351,43,36,29.8,547.7,112,4.09,22,0.709,0,1,0,1,92.0,CRITICAL,22.1,672,CRITICAL_injunction
44.5,9,1,245.17280074398093,42.3,32.4,8,0,71,36,48,22.8,281.4,73,2.27,24,0.302,0,0,0,1,54.9,HIGH,11.6,353,HIGH_backlog
38.8,7,3,256.6260239280409,47.8,33.4,30,1,0,32,48,21.3,604.7,149,2.52,6,0.257,1,0,0,1,59.6,HIGH,10.8,328,HIGH_backlog
90.8,0,0,51.9761027861106,83.5,1.6,0,1,0,11,18,7.9,217.0,27,0.24,25,0.077,0,0,1,1,12.0,LOW,1.5,46,LOW_streamlined
12.3,12,2,285.96531171828923,23.7,50.6,12,0,205,36,36,33.8,818.2,255,5.49,22,0.705,0,1,0,0,94.0,CRITICAL,25.5,775,CRITICAL_injunction
33.7,18,4,391.7875394139474,5.6,51.2,17,0,223,47,48,27.0,1331.6,342,5.27,5,0.486,0,0,0,1,90.6,CRITICAL,19.5,593,CRITICAL_injunction
23.4,14,5,492.023855128779,5.2,35.4,14,0,194,44,48,27.1,1133.9,295,3.97,23,0.541,0,1,0,0,86.5,CRITICAL,26.9,818,CRITICAL_injunction
70.7,2,0,172.15047377002077,52.3,15.8,1,1,0,19,36,12.4,173.4,26,1.2,15,0.202,0,0,0,0,25.7,MODERATE,5.9,179,MODERATE_standard
34.0,12,3,349.9821502806696,13.1,45.4,9,0,287,27,36,31.4,868.9,194,5.15,9,0.718,0,1,0,0,91.3,CRITICAL,31.3,952,CRITICAL_injunction
73.3,3,0,121.91864399650288,54.1,12.3,0,1,0,12,36,13.2,435.0,59,1.42,31,0.099,0,1,1,0,24.4,MODERATE,5.1,155,MODERATE_standard
42.4,6,2,197.64089412871434,34.0,27.0,23,0,107,29,36,23.6,412.0,113,3.52,6,0.486,0,0,0,0,67.4,HIGH,13.4,407,HIGH_backlog
63.3,3,0,101.52366115134382,60.9,10.3,2,1,0,22,24,10.5,411.1,64,1.35,28,0.132,0,1,0,1,28.8,MODERATE,7.2,219,MODERATE_standard
27.1,12,4,539.7158579122704,8.1,40.2,15,0,221,43,36,31.5,929.8,311,3.73,21,0.672,0,1,0,0,85.1,CRITICAL,18.3,556,CRITICAL_injunction
32.3,12,2,418.6721022320222,14.3,62.8,69,0,238,36,60,24.5,515.6,155,4.66,22,0.761,1,0,0,0,88.4,CRITICAL,29.4,894,CRITICAL_injunction
30.8,12,3,539.5495207080476,22.9,60.1,17,0,240,26,36,25.0,1092.4,356,3.56,11,0.679,0,0,0,0,85.6,CRITICAL,16.1,489,CRITICAL_injunction
28.8,12,3,340.18601828400926,10.3,47.5,12,0,321,40,48,27.1,769.5,253,5.19,12,0.645,0,1,0,0,91.6,CRITICAL,17.1,520,CRITICAL_injunction
76.6,0,0,55.7978297732839,80.4,6.4,0,1,0,16,30,6.9,166.1,21,0.35,22,0.074,0,0,0,1,12.9,LOW,1.5,46,LOW_streamlined
60.6,2,0,164.49927723019613,68.9,11.0,1,1,0,22,36,11.3,236.0,29,1.47,21,0.199,0,1,0,1,29.6,MODERATE,5.4,164,MODERATE_standard
64.8,3,0,133.2986648596712,69.0,10.7,1,1,0,20,24,14.0,190.2,23,1.38,7,0.193,0,0,0,1,27.7,MODERATE,6.2,188,MODERATE_standard
52.4,9,1,314.760204062567,47.4,34.8,18,0,41,26,48,23.6,321.0,105,3.29,23,0.27,0,1,0,1,59.9,HIGH,10.8,328,HIGH_backlog
54.5,6,3,316.0088879062499,31.9,28.1,6,1,0,30,36,20.8,192.3,47,3.29,15,0.408,0,1,0,0,57.4,HIGH,14.7,447,HIGH_backlog
83.3,0,0,20.095107669996963,86.2,1.0,0,1,0,13,24,8.7,143.6,12,0.36,26,0.021,0,0,0,1,12.0,LOW,0.6,18,LOW_streamlined
94.5,1,0,53.84197030375929,82.8,3.8,0,1,0,6,18,5.9,134.1,17,0.49,27,0.075,0,0,1,1,12.0,LOW,0.6,18,LOW_streamlined
32.9,12,4,295.23186279401966,5.4,53.3,38,0,228,36,36,34.3,303.2,75,4.45,18,0.556,1,0,0,0,89.1,CRITICAL,23.7,720,CRITICAL_injunction
93.9,0,0,42.98350213497891,80.3,3.3,0,1,0,4,30,4.2,33.5,5,0.7,39,0.022,0,0,0,1,12.0,LOW,0.5,15,LOW_streamlined
94.1,1,0,40.79216779344965,86.1,5.7,0,1,0,8,24,5.8,202.4,23,0.5,23,0.08,0,0,1,1,12.0,LOW,0.1,3,LOW_streamlined
51.5,7,3,303.6928131143836,40.2,34.1,10,0,0,22,36,22.3,175.0,56,2.64,10,0.379,0,0,0,0,56.2,HIGH,13.6,413,HIGH_backlog
90.8,0,0,22.746328301045452,84.0,6.9,0,1,0,10,24,8.6,115.6,16,0.68,38,0.033,0,0,1,1,12.0,LOW,2.4,73,LOW_streamlined
68.3,5,0,60.67663482004651,55.1,15.6,0,1,0,15,36,11.9,367.2,68,1.49,33,0.123,0,0,1,1,27.3,MODERATE,3.3,100,MODERATE_standard
80.7,1,0,12.05438914837126,85.0,3.1,0,1,0,11,18,5.9,64.9,7,0.65,22,0.051,0,0,1,1,12.0,LOW,2.2,67,LOW_streamlined
65.4,2,1,68.94622618442786,54.1,17.6,4,1,0,16,36,12.4,408.1,93,1.54,16,0.21,0,0,0,1,29.6,MODERATE,4.3,131,MODERATE_standard
58.2,5,0,83.66423986212399,68.2,17.6,4,1,0,23,24,13.2,397.4,91,1.77,10,0.192,0,0,1,1,35.6,MODERATE,3.9,119,MODERATE_standard
77.7,1,0,58.360365080284524,91.9,1.8,0,1,0,9,30,4.1,224.8,13,0.73,30,0.073,0,0,1,1,12.0,LOW,1.1,33,LOW_streamlined
50.5,9,2,246.65325026544915,43.9,30.8,37,1,0,29,36,18.7,795.5,207,2.65,22,0.397,0,1,0,1,55.8,HIGH,12.0,365,HIGH_backlog
81.0,1,0,48.568538943611195,83.8,3.4,0,1,0,14,24,6.9,124.2,9,0.39,45,0.056,0,0,1,0,12.0,LOW,1.5,46,LOW_streamlined
30.3,18,3,341.7185058503006,16.5,61.0,69,0,282,39,60,22.8,560.9,190,4.86,10,0.728,1,0,0,1,93.5,CRITICAL,31.1,945,CRITICAL_injunction
33.3,12,2,486.1343826640941,18.4,41.9,7,0,160,43,48,23.8,548.8,158,5.07,18,0.539,0,1,0,0,90.7,CRITICAL,19.4,590,CRITICAL_injunction
76.4,0,0,15.150703956902536,78.6,1.7,0,1,0,15,18,6.8,62.0,10,0.62,42,0.039,0,0,0,1,12.0,LOW,1.4,43,LOW_streamlined
27.7,12,2,548.2224164644686,20.1,43.4,17,0,249,46,36,32.1,1110.6,358,5.42,21,0.634,0,0,0,0,91.2,CRITICAL,20.5,623,CRITICAL_injunction
23.7,14,4,467.6029404730971,10.5,53.5,19,0,209,47,36,26.5,1263.9,383,3.92,22,0.781,0,1,0,0,91.7,CRITICAL,19.8,602,CRITICAL_injunction
70.5,3,1,142.28797218629995,54.0,13.5,0,1,0,18,36,9.8,86.1,18,1.97,13,0.111,0,0,0,1,27.2,MODERATE,4.5,137,MODERATE_standard
25.6,12,2,449.9204810100555,21.5,46.9,16,0,215,43,48,20.4,1213.6,331,3.69,20,0.47,0,0,0,0,87.0,CRITICAL,20.4,620,CRITICAL_injunction
14.8,10,2,474.2260745726412,15.5,48.6,20,1,353,32,60,23.3,1314.5,415,4.83,11,0.471,0,0,0,0,75.8,CRITICAL,24.3,739,CRITICAL_injunction
28.4,14,5,326.30765220466554,9.1,60.5,66,0,352,44,60,31.7,655.0,149,4.07,14,0.592,1,0,0,0,87.8,CRITICAL,26.8,815,CRITICAL_injunction
22.9,12,4,549.2453888730613,8.0,40.9,11,0,330,49,60,31.2,946.0,235,5.29,3,0.775,0,0,0,1,90.4,CRITICAL,30.7,933,CRITICAL_injunction
14.8,12,4,433.87545165744564,20.2,41.6,10,0,129,38,48,31.9,692.4,202,3.63,22,0.525,0,1,0,0,86.2,CRITICAL,25.4,772,CRITICAL_injunction
41.3,9,2,238.535081190099,47.9,32.7,2,1,0,28,36,19.3,196.2,38,2.42,10,0.473,0,1,0,0,60.3,HIGH,14.6,444,HIGH_backlog
24.2,18,5,309.36742251951966,16.9,43.3,22,1,239,42,48,31.6,1304.7,445,4.13,17,0.776,0,0,0,0,71.4,CRITICAL,23.6,717,CRITICAL_injunction
69.1,2,0,134.49630261277832,55.3,16.7,0,1,0,11,24,12.1,102.4,12,1.19,9,0.189,0,1,1,1,24.8,MODERATE,6.9,210,MODERATE_standard
78.4,0,0,42.6729139102698,85.9,0.8,0,1,0,10,30,6.4,230.4,27,0.3,30,0.073,0,0,0,1,12.0,LOW,1.9,58,LOW_streamlined
83.3,0,0,46.78120751087545,90.1,3.1,0,1,0,14,18,4.2,143.2,14,0.33,35,0.017,0,0,1,0,12.0,LOW,2.2,67,LOW_streamlined
58.5,3,1,138.19825933808596,63.4,10.9,0,1,0,19,36,10.6,88.7,18,1.23,27,0.143,0,0,0,1,23.6,LOW,0.3,9,MODERATE_standard
28.2,14,2,467.73253295262003,18.9,55.9,21,0,293,41,48,34.9,1485.0,430,4.89,17,0.63,0,1,0,0,89.4,CRITICAL,31.9,970,CRITICAL_injunction
70.2,2,0,136.00294943677144,65.0,10.4,0,1,0,12,36,9.8,245.2,32,1.69,37,0.216,0,1,1,1,21.9,LOW,2.3,70,MODERATE_standard
87.7,0,0,46.17891058205747,96.6,7.8,0,1,0,13,24,8.1,186.8,23,0.83,14,0.031,0,0,1,1,12.0,LOW,1.1,33,LOW_streamlined
53.9,6,1,225.3345948381585,43.3,22.1,9,0,0,30,36,21.1,290.1,72,2.71,26,0.408,0,1,0,1,51.2,HIGH,10.7,325,HIGH_backlog
48.6,6,3,267.296936918469,26.0,32.6,10,1,0,37,36,20.3,271.3,51,3.38,5,0.399,0,0,0,0,56.3,HIGH,14.8,450,HIGH_backlog
77.1,0,0,12.927071097503898,93.3,0.8,0,1,0,16,30,6.0,213.4,19,0.77,16,0.057,0,0,1,1,12.0,LOW,0.2,6,LOW_streamlined
24.4,10,5,395.8632958011098,6.8,57.1,20,0,345,31,48,34.9,1389.3,407,4.55,8,0.727,0,1,0,1,91.4,CRITICAL,20.0,608,CRITICAL_injunction
49.9,6,1,200.49971583084601,28.3,20.1,5,1,0,32,36,22.0,244.1,59,3.3,18,0.272,0,0,0,0,49.7,HIGH,11.8,359,HIGH_backlog
72.5,2,0,125.7222867634973,54.8,13.7,0,1,0,13,24,11.3,381.4,75,1.67,8,0.1,0,0,0,1,22.6,LOW,0.2,6,MODERATE_standard
24.1,14,4,493.08928968545047,19.5,52.8,42,0,210,44,48,28.7,216.1,68,3.67,9,0.594,1,0,0,0,93.2,CRITICAL,16.3,496,CRITICAL_injunction
62.1,3,0,159.40428086762373,53.4,15.5,0,1,0,18,24,14.5,366.1,47,1.75,18,0.097,0,0,0,1,27.1,MODERATE,6.9,210,MODERATE_standard
41.2,7,1,225.00841699062673,25.3,23.3,21,0,107,25,48,18.0,549.6,133,2.39,9,0.493,0,0,0,0,62.6,HIGH,10.8,328,HIGH_backlog
55.6,7,2,240.05357571255618,43.0,29.7,8,0,80,26,36,19.8,243.7,49,2.68,8,0.485,0,1,0,1,59.3,HIGH,13.6,413,HIGH_backlog
51.3,7,2,222.5954596773667,44.1,32.5,10,0,0,23,36,20.8,750.1,167,2.78,8,0.295,1,1,0,1,62.0,HIGH,8.1,246,HIGH_backlog
79.7,1,0,14.059085269584646,91.8,2.8,0,1,0,9,18,7.2,129.1,8,0.53,45,0.03,0,0,1,1,12.0,LOW,1.8,55,LOW_streamlined
64.0,2,0,110.6545868460218,60.7,14.4,1,1,0,15,36,11.4,280.9,49,1.18,13,0.111,0,0,0,0,25.2,MODERATE,3.6,109,MODERATE_standard
25.7,18,5,285.04588284451467,6.1,47.6,94,0,331,48,48,21.2,427.0,130,3.89,23,0.747,1,0,0,0,91.0,CRITICAL,18.3,556,CRITICAL_injunction
77.3,1,0,15.902944988090708,79.2,3.7,0,1,0,17,24,5.2,227.6,21,0.34,31,0.071,0,0,0,1,12.0,LOW,2.0,61,LOW_streamlined
82.0,2,0,39.026575222886834,80.5,7.7,0,1,0,7,18,4.6,145.0,17,0.53,46,0.039,0,0,1,0,12.0,LOW,0.6,18,LOW_streamlined
89.4,1,0,52.7408282284559,85.4,6.4,0,1,0,7,30,8.4,38.3,4,0.66,22,0.044,0,0,0,1,12.0,LOW,1.4,43,LOW_streamlined
60.7,4,0,126.93052804137514,68.1,15.5,0,1,0,16,24,14.7,323.3,61,1.22,9,0.194,0,0,0,0,24.0,LOW,1.1,33,MODERATE_standard
30.6,12,2,401.9519065802963,8.8,54.5,17,0,352,44,60,29.6,1266.8,357,3.81,7,0.473,0,1,0,1,85.0,CRITICAL,19.3,587,CRITICAL_injunction
76.7,0,0,29.14841165954609,77.8,6.7,0,1,0,10,30,6.6,249.3,34,0.82,47,0.011,0,0,0,1,12.0,LOW,2.0,61,LOW_streamlined
22.1,18,3,493.2210719715887,23.4,63.5,134,0,163,43,48,28.0,911.1,338,5.0,21,0.752,1,0,0,1,85.3,CRITICAL,30.4,924,CRITICAL_injunction
60.7,4,0,179.2440628065846,57.4,16.2,0,1,0,9,36,12.3,142.3,31,1.76,7,0.145,0,0,0,1,25.2,MODERATE,6.8,207,MODERATE_standard
43.9,7,2,182.68240553084593,43.8,29.5,5,0,71,26,48,19.1,136.0,25,2.34,25,0.442,1,0,0,0,61.4,HIGH,11.2,340,HIGH_backlog
47.7,6,1,254.63700712949804,25.6,34.7,3,0,0,20,48,16.6,102.6,34,3.42,15,0.366,0,1,0,0,57.8,HIGH,10.2,310,HIGH_backlog
91.8,2,0,45.41772195714848,94.3,7.8,0,1,0,8,30,8.5,219.4,14,0.32,37,0.061,0,0,1,1,12.0,LOW,0.1,3,LOW_streamlined
94.2,0,0,58.75713496930505,84.2,6.1,0,1,0,8,18,7.6,69.6,13,0.47,35,0.05,0,0,0,1,12.0,LOW,1.6,49,LOW_streamlined
19.1,12,4,422.26717039168835,6.3,63.0,11,0,250,48,36,31.9,818.9,233,3.89,23,0.603,0,1,0,0,94.0,CRITICAL,23.2,705,CRITICAL_injunction
27.8,12,3,546.5872552245403,9.4,50.3,250,0,213,29,36,33.7,1457.8,503,4.19,16,0.788,1,0,0,1,87.7,CRITICAL,26.9,818,CRITICAL_injunction
18.1,12,2,548.2984681343328,17.2,47.1,15,0,300,49,60,26.6,956.5,314,4.74,3,0.623,0,1,0,0,92.7,CRITICAL,24.5,745,CRITICAL_injunction
17.0,10,2,514.7243228295321,15.3,45.4,4,0,154,26,36,27.4,392.0,88,5.41,15,0.701,0,1,0,0,94.0,CRITICAL,16.3,496,CRITICAL_injunction
52.8,6,1,275.17076817798755,33.4,32.1,2,0,76,34,48,21.1,123.8,30,2.95,7,0.365,0,0,0,0,57.6,HIGH,14.9,453,HIGH_backlog
70.2,2,1,81.7550966416695,60.4,9.2,3,1,0,18,24,12.2,381.9,84,1.63,23,0.196,0,1,1,1,29.4,MODERATE,4.7,143,MODERATE_standard
85.9,1,0,34.65544241241223,75.3,1.9,0,1,0,15,24,7.9,174.2,21,0.69,47,0.046,0,0,1,1,12.0,LOW,2.2,67,LOW_streamlined
39.0,6,2,316.32630301402196,33.6,31.5,26,0,0,27,36,22.2,500.9,136,3.23,27,0.301,1,1,0,0,61.0,HIGH,10.1,307,HIGH_backlog
66.8,4,0,96.35891167972255,71.3,14.9,0,1,0,15,24,9.7,107.2,20,1.68,12,0.116,0,0,1,0,25.7,MODERATE,4.8,146,MODERATE_standard
78.0,1,0,56.55039048245616,76.5,1.5,0,1,0,7,30,6.9,65.2,11,0.79,18,0.073,0,0,1,1,12.0,LOW,0.2,6,LOW_streamlined
95.9,1,0,52.967873925822595,80.5,1.9,0,1,0,7,30,5.9,135.8,16,0.81,24,0.024,0,0,1,1,12.0,LOW,1.7,52,LOW_streamlined
32.1,18,4,402.1552593460105,9.4,56.7,11,0,157,30,36,28.0,743.1,223,3.83,11,0.593,0,1,0,0,91.5,CRITICAL,19.1,581,CRITICAL_injunction
63.0,3,0,150.54284118759466,58.6,10.2,3,1,0,10,24,10.3,433.6,77,1.95,17,0.122,0,0,0,0,27.9,MODERATE,6.4,195,MODERATE_standard
35.5,12,2,359.44761018388454,6.3,47.9,7,0,260,45,60,24.6,439.8,142,4.87,20,0.597,0,1,0,0,92.5,CRITICAL,17.3,526,CRITICAL_injunction
40.5,6,3,295.3956610751011,48.0,27.5,5,0,0,29,48,17.7,213.3,34,2.22,22,0.411,0,0,0,1,55.2,HIGH,8.9,271,HIGH_backlog
16.7,14,3,290.6599495888139,8.8,46.9,164,1,124,24,60,25.4,1287.5,327,4.02,17,0.558,1,0,0,1,77.6,CRITICAL,27.6,839,CRITICAL_injunction
34.3,10,3,334.0725236681742,17.8,55.7,172,0,354,45,48,21.3,1260.1,342,4.94,5,0.453,1,0,0,0,88.9,CRITICAL,16.5,502,CRITICAL_injunction
91.0,0,0,29.013243930666047,80.3,6.6,0,1,0,14,24,8.3,147.3,20,0.25,32,0.059,0,0,0,1,12.0,LOW,0.6,18,LOW_streamlined
89.6,1,0,33.75945800210719,95.4,7.3,0,1,0,14,24,5.5,83.3,3,0.55,30,0.053,0,0,1,1,12.0,LOW,1.6,49,LOW_streamlined
19.0,12,5,528.5396623187467,14.9,60.2,21,0,135,38,48,26.7,1435.1,436,4.19,6,0.768,0,0,0,0,92.4,CRITICAL,23.4,711,CRITICAL_injunction
71.8,2,1,149.24369160342155,51.3,12.7,0,1,0,13,36,15.1,312.0,41,1.21,31,0.172,0,0,0,1,22.9,LOW,2.3,70,MODERATE_standard
43.7,6,1,208.52280775396895,43.4,23.6,6,1,0,31,36,21.8,529.6,118,3.18,12,0.359,0,1,0,1,52.7,HIGH,12.7,386,HIGH_backlog
15.9,10,2,511.6682472545647,18.4,63.7,23,0,165,31,48,35.0,1451.3,475,4.06,3,0.692,0,1,0,0,94.0,CRITICAL,29.1,885,CRITICAL_injunction
48.7,6,1,280.4468034768911,34.4,34.0,2,0,0,18,36,16.6,140.8,42,3.21,14,0.446,0,1,0,0,55.6,HIGH,12.1,368,HIGH_backlog
72.3,3,0,60.02416777611725,60.0,9.2,0,1,0,17,24,15.2,120.1,21,1.8,28,0.098,0,1,0,1,23.9,LOW,1.5,46,MODERATE_standard
81.4,0,0,27.531804073920394,81.1,4.8,0,1,0,16,30,8.6,75.3,7,0.47,41,0.024,0,0,1,1,12.0,LOW,2.0,61,LOW_streamlined
47.6,6,1,315.31807707987093,34.8,21.1,26,0,47,23,48,23.4,517.8,107,2.86,26,0.253,0,0,0,1,52.1,HIGH,11.7,356,HIGH_backlog
20.5,10,5,537.3322243000434,20.3,51.9,69,1,134,46,48,21.4,515.7,119,5.05,6,0.704,1,0,0,0,77.4,CRITICAL,29.4,894,CRITICAL_injunction
95.3,1,0,18.91496404178779,78.8,6.6,0,1,0,10,24,4.4,127.8,23,0.79,47,0.016,0,0,1,1,12.0,LOW,2.0,61,LOW_streamlined
88.6,1,0,57.93287072581674,96.5,7.0,0,1,0,15,30,8.8,119.4,15,0.63,38,0.059,0,0,1,1,12.0,LOW,0.0,0,LOW_streamlined
87.3,0,0,25.745031643246538,93.5,1.6,0,1,0,6,24,8.3,77.4,12,0.59,43,0.039,0,0,0,1,12.0,LOW,0.4,12,LOW_streamlined
29.4,12,2,370.9547425483835,22.8,42.8,5,0,203,38,36,23.0,452.2,111,5.36,5,0.759,0,1,0,0,89.7,CRITICAL,20.3,617,CRITICAL_injunction
21.1,14,3,388.7762460209616,18.9,35.9,159,0,166,49,60,26.6,1029.0,278,3.55,5,0.779,1,0,0,0,88.8,CRITICAL,29.4,894,CRITICAL_injunction
81.3,0,0,48.7518713271597,88.0,3.3,0,1,0,14,18,8.4,36.0,3,0.24,34,0.032,0,0,0,1,12.0,LOW,1.2,36,LOW_streamlined
87.3,0,0,28.344257581874444,94.9,2.2,0,1,0,8,30,7.0,243.7,38,0.81,41,0.028,0,0,1,1,12.0,LOW,1.9,58,LOW_streamlined
80.8,2,0,12.93203504132245,75.8,7.5,0,1,0,13,24,7.8,55.1,6,0.23,45,0.018,0,0,0,1,14.3,LOW,2.2,67,LOW_streamlined
84.0,0,0,37.062598138027205,81.3,1.9,0,1,0,16,24,8.3,124.8,14,0.74,40,0.041,0,0,1,1,12.0,LOW,1.7,52,LOW_streamlined
13.1,14,3,342.1077840673462,22.7,56.4,2,0,123,34,48,30.4,252.3,58,3.96,20,0.613,0,1,0,0,91.9,CRITICAL,28.1,854,CRITICAL_injunction
88.9,0,0,16.870493511699593,81.2,0.8,0,1,0,13,18,6.2,92.0,8,0.3,44,0.066,0,0,0,1,12.0,LOW,2.0,61,LOW_streamlined
70.7,3,1,91.99170921965008,61.2,10.8,1,1,0,16,24,15.6,359.3,55,1.82,30,0.19,0,1,1,1,29.4,MODERATE,4.1,125,MODERATE_standard
39.7,6,1,216.07266877713593,38.6,27.5,5,1,0,23,48,17.1,229.6,36,2.46,24,0.36,0,1,0,1,52.4,HIGH,13.6,413,HIGH_backlog
12.2,14,3,422.9933105978095,18.5,55.2,15,0,288,35,60,28.8,1159.0,316,3.66,16,0.691,0,0,0,1,91.9,CRITICAL,30.0,912,CRITICAL_injunction
42.2,9,3,210.80948006568065,33.3,24.1,15,0,0,36,36,23.8,365.1,101,3.04,4,0.259,0,1,0,1,61.1,HIGH,9.6,292,HIGH_backlog
39.7,7,1,271.3681490505313,44.9,32.9,17,1,0,20,48,19.9,347.3,70,2.5,16,0.489,0,1,0,0,54.5,HIGH,14.6,444,HIGH_backlog
13.0,12,5,405.56192146073863,23.3,39.4,4,0,125,29,36,23.7,232.0,87,4.37,15,0.51,0,0,0,0,87.5,CRITICAL,17.6,535,CRITICAL_injunction
30.2,12,3,318.3039782636875,22.7,62.5,221,0,346,28,60,33.3,1229.3,337,5.0,2,0.593,1,0,0,0,89.9,CRITICAL,30.3,921,CRITICAL_injunction
32.4,12,2,385.97224633324214,5.8,37.8,3,0,335,33,60,23.6,286.4,66,4.91,8,0.466,0,1,0,0,87.2,CRITICAL,25.9,787,CRITICAL_injunction
15.1,12,5,521.6060026106879,14.4,52.1,10,0,228,37,36,26.8,751.2,201,4.53,13,0.783,0,1,0,0,94.0,CRITICAL,20.4,620,CRITICAL_injunction
71.0,2,0,117.87793252635862,70.1,11.4,1,1,0,8,24,10.3,144.2,26,1.94,6,0.138,0,1,1,0,25.5,MODERATE,4.4,134,MODERATE_standard
50.9,6,1,204.90188869479192,39.4,21.6,33,1,85,34,48,17.4,506.6,136,3.59,14,0.274,0,0,0,1,47.4,HIGH,12.1,368,HIGH_backlog
31.0,10,2,507.45540935202996,22.8,51.7,18,0,233,36,48,34.5,1339.4,361,4.86,23,0.636,0,0,0,1,91.0,CRITICAL,21.9,666,CRITICAL_injunction
89.4,1,0,50.51242222120085,90.4,1.1,0,1,0,5,18,4.7,92.2,14,0.75,47,0.07,0,0,1,1,12.0,LOW,1.7,52,LOW_streamlined
25.4,10,3,498.37629865657277,12.3,43.0,15,0,122,27,36,27.0,963.0,316,4.08,12,0.592,0,0,0,0,83.2,CRITICAL,29.6,900,CRITICAL_injunction
14.7,18,4,357.7168791307365,14.9,50.4,11,0,177,47,48,21.9,774.2,236,5.01,17,0.663,0,1,0,1,94.0,CRITICAL,28.2,857,CRITICAL_injunction
29.0,10,5,342.9288550976098,8.0,41.0,9,0,187,44,60,26.2,507.2,182,4.93,21,0.514,0,0,0,0,87.2,CRITICAL,16.7,508,CRITICAL_injunction
28.0,12,3,489.09116212846413,10.1,41.0,15,0,159,40,48,23.8,1297.6,318,3.93,18,0.615,0,0,0,0,85.3,CRITICAL,22.7,690,CRITICAL_injunction
52.0,7,3,187.8327125238069,31.0,28.7,6,0,0,30,36,19.1,162.1,34,3.44,26,0.4,0,1,0,1,54.9,HIGH,10.5,319,HIGH_backlog
93.3,0,0,42.88685394937362,91.1,6.2,0,1,0,11,30,7.8,209.8,30,0.6,44,0.029,0,0,0,1,12.0,LOW,2.2,67,LOW_streamlined
93.9,0,0,22.18683310139049,87.7,4.2,0,1,0,16,24,8.1,82.0,9,0.27,29,0.054,0,0,1,1,12.0,LOW,1.9,58,LOW_streamlined
43.4,9,1,258.73218953196795,33.5,20.9,29,1,55,19,48,17.0,778.4,140,2.67,24,0.277,1,1,0,1,58.8,HIGH,8.1,246,HIGH_backlog
66.9,4,1,69.81826854776857,50.8,9.2,1,1,0,17,24,9.9,303.0,40,1.9,32,0.219,0,0,1,1,27.6,MODERATE,5.8,176,MODERATE_standard
73.7,5,0,125.98602713853026,52.5,12.6,2,1,0,15,36,11.2,429.9,74,1.55,24,0.114,0,1,0,1,31.2,MODERATE,6.4,195,MODERATE_standard
78.4,0,0,57.925413468010255,97.3,4.3,0,1,0,5,24,4.2,214.2,27,0.85,18,0.074,0,0,0,1,12.0,LOW,1.0,30,LOW_streamlined
50.2,7,1,215.5430375146105,31.0,23.7,27,1,45,25,36,23.1,387.7,115,2.38,5,0.391,1,1,0,0,49.6,HIGH,11.4,347,HIGH_backlog
83.3,0,0,20.74762250784604,96.2,6.8,0,1,0,14,18,8.6,149.6,14,0.33,13,0.033,0,0,1,1,12.0,LOW,2.4,73,LOW_streamlined
66.2,2,0,166.47552126050496,51.5,14.7,0,1,0,22,36,12.7,122.4,29,1.89,33,0.091,0,0,1,1,26.1,MODERATE,6.0,182,MODERATE_standard
34.6,10,3,467.2132059325089,15.6,58.9,184,0,350,41,60,29.1,1409.9,382,4.55,2,0.475,1,0,0,1,89.0,CRITICAL,21.4,651,CRITICAL_injunction
19.5,10,3,480.25829162251307,7.1,50.4,41,1,254,50,60,24.2,200.6,57,4.28,21,0.75,1,0,0,0,74.5,CRITICAL,19.8,602,CRITICAL_injunction
95.5,0,0,47.78878695661659,92.4,5.7,0,1,0,17,30,8.3,216.2,25,0.54,34,0.048,0,0,0,1,12.0,LOW,0.5,15,LOW_streamlined
58.5,2,0,169.85743234436575,70.9,14.3,2,1,0,17,36,9.1,343.0,65,1.67,22,0.129,0,0,0,1,30.0,MODERATE,3.2,97,MODERATE_standard
47.4,7,1,193.75712881386485,46.2,34.1,4,1,84,35,36,21.3,179.4,30,2.36,7,0.366,1,0,0,0,55.5,HIGH,8.8,268,HIGH_backlog
15.7,12,5,536.1921055480066,15.2,36.1,11,0,343,50,60,30.9,1047.0,227,4.03,22,0.684,0,0,0,0,88.3,CRITICAL,26.9,818,CRITICAL_injunction
80.5,1,0,54.12764317425506,84.3,0.4,0,1,0,8,30,8.9,240.1,28,0.77,28,0.061,0,0,0,1,12.0,LOW,1.2,36,LOW_streamlined
41.5,6,1,292.9442640861153,34.5,30.8,27,0,0,22,36,19.8,643.6,184,3.01,9,0.382,0,0,0,1,56.4,HIGH,11.3,344,HIGH_backlog
76.5,1,0,26.077485400635606,89.9,0.9,0,1,0,12,30,6.4,231.5,25,0.86,46,0.032,0,0,0,1,12.0,LOW,1.2,36,LOW_streamlined
68.2,3,1,176.63881182968714,52.9,14.2,1,1,0,16,36,10.2,326.4,46,1.47,9,0.114,0,0,1,1,30.3,MODERATE,5.4,164,MODERATE_standard
28.1,12,3,359.10916486611364,5.9,59.1,48,1,259,49,36,30.6,312.0,81,3.57,14,0.51,1,0,0,1,68.7,CRITICAL,23.1,702,CRITICAL_injunction
25.3,10,2,338.2250414422273,14.0,44.9,91,0,305,38,36,24.2,571.4,209,4.32,2,0.533,1,0,0,0,93.4,CRITICAL,25.7,781,CRITICAL_injunction
33.6,10,4,515.0683621210546,19.1,41.6,22,0,293,36,60,32.3,1429.9,447,3.77,17,0.772,0,0,0,0,84.2,CRITICAL,20.2,614,CRITICAL_injunction
39.5,6,2,211.2200253453869,34.7,21.0,11,0,0,18,48,19.6,649.7,167,3.29,22,0.402,0,0,0,0,55.8,HIGH,11.0,334,HIGH_backlog
50.2,9,2,189.64925098832035,40.5,34.2,10,1,66,24,48,17.8,476.7,126,2.85,21,0.346,0,1,0,0,59.8,HIGH,14.9,453,HIGH_backlog
35.7,14,2,288.37767945286873,21.5,59.0,194,0,215,25,48,24.0,1240.4,300,4.62,11,0.678,1,0,0,0,90.3,CRITICAL,27.2,827,CRITICAL_injunction
73.2,3,0,143.48766336388778,61.3,16.9,1,1,0,14,36,14.0,152.3,33,1.42,13,0.208,0,0,1,1,26.1,MODERATE,4.9,149,MODERATE_standard
73.1,5,0,64.79115013333806,50.1,17.0,2,1,0,22,36,9.4,370.9,53,1.41,27,0.136,0,0,1,1,29.9,MODERATE,5.1,155,MODERATE_standard
82.8,1,0,45.41054187940935,80.4,7.8,0,1,0,9,24,4.0,182.5,24,0.9,39,0.058,0,0,0,1,12.0,LOW,0.1,3,LOW_streamlined
48.1,6,2,300.0582188907784,43.1,32.2,11,1,0,19,48,22.4,488.8,162,2.33,26,0.328,0,1,0,1,54.6,HIGH,9.6,292,HIGH_backlog
46.1,7,1,254.11123824968655,45.2,22.1,23,0,0,31,36,22.4,572.9,109,3.14,20,0.355,0,1,0,0,54.9,HIGH,10.2,310,HIGH_backlog
41.3,7,3,253.52225422890842,38.6,35.3,11,1,0,22,48,19.2,623.2,147,3.4,5,0.305,1,1,0,0,62.6,HIGH,8.9,271,HIGH_backlog
47.0,8,2,262.17237908788326,39.6,28.3,19,1,0,30,36,18.1,377.0,108,3.49,23,0.388,0,0,0,1,55.2,HIGH,10.3,313,HIGH_backlog
46.0,8,2,209.48174517157022,41.9,25.9,26,1,0,23,48,16.9,523.1,120,2.57,5,0.401,1,0,0,0,58.1,HIGH,8.7,264,HIGH_backlog
54.4,7,3,242.92185175378597,41.6,32.5,13,1,62,26,48,16.4,316.6,87,2.38,19,0.402,0,0,0,1,54.1,HIGH,14.4,438,HIGH_backlog
46.3,7,1,233.79927958436573,44.2,31.7,4,1,0,20,48,22.3,166.2,26,2.85,24,0.426,1,0,0,1,56.2,HIGH,11.6,353,HIGH_backlog
81.4,0,0,17.769741677057468,85.1,7.1,0,1,0,11,18,7.4,95.8,14,0.22,28,0.049,0,0,0,1,12.0,LOW,2.4,73,LOW_streamlined
22.7,14,2,416.0588907901849,22.9,49.5,194,0,310,41,36,32.5,1347.2,406,4.07,20,0.513,1,0,0,0,93.0,CRITICAL,20.0,608,CRITICAL_injunction
51.7,6,2,316.6247845478878,28.6,26.0,4,0,0,37,36,20.0,133.9,31,3.6,17,0.491,0,0,0,1,58.1,HIGH,12.8,389,HIGH_backlog
52.3,9,2,290.7028772207001,26.6,26.9,11,0,0,36,48,22.9,374.2,95,2.2,10,0.262,0,0,0,1,58.6,HIGH,11.7,356,HIGH_backlog
87.8,0,0,45.45660277787939,93.8,6.3,0,1,0,8,24,7.6,58.6,6,0.35,16,0.062,0,0,1,1,12.0,LOW,2.3,70,LOW_streamlined
64.3,4,0,84.65504515564407,59.0,16.5,1,1,0,8,24,12.1,403.3,72,1.61,30,0.195,0,1,1,0,31.4,MODERATE,3.1,94,MODERATE_standard
62.8,2,0,171.106866447114,71.1,13.0,1,1,0,9,36,15.3,214.2,37,1.88,16,0.199,0,0,0,1,24.6,MODERATE,6.2,188,MODERATE_standard
69.1,4,0,96.67287097985063,60.4,14.8,3,1,0,20,36,13.8,372.1,64,1.99,6,0.151,0,0,0,0,30.7,MODERATE,6.9,210,MODERATE_standard
23.3,10,3,298.0871899784101,22.6,55.3,12,0,227,31,36,30.6,842.9,259,4.14,20,0.637,0,0,0,0,90.8,CRITICAL,28.3,860,CRITICAL_injunction
65.0,5,1,114.5968434093454,58.7,13.3,1,1,0,14,36,9.0,401.0,74,1.91,10,0.114,0,1,0,1,34.5,MODERATE,3.8,116,MODERATE_standard
51.8,8,2,281.7132860678923,37.2,25.6,48,0,0,21,48,19.7,798.5,229,3.13,11,0.328,0,1,0,1,58.0,HIGH,10.0,304,HIGH_backlog
58.2,4,1,119.99052328934407,52.9,14.4,0,1,0,21,36,10.5,174.7,29,1.67,11,0.107,0,0,1,1,30.4,MODERATE,7.5,228,MODERATE_standard
17.6,10,3,394.36589410706455,17.0,37.9,3,0,251,49,60,34.9,311.6,64,3.94,10,0.496,0,1,0,0,88.3,CRITICAL,19.9,605,CRITICAL_injunction
58.9,3,0,100.85905038342412,66.4,12.6,0,1,0,22,24,11.2,382.6,82,1.34,17,0.152,0,1,1,0,30.4,MODERATE,6.3,192,MODERATE_standard
34.8,10,2,440.7902406671773,20.5,47.6,107,0,244,34,36,34.0,961.5,209,5.07,19,0.603,1,0,0,1,87.9,CRITICAL,31.8,967,CRITICAL_injunction
89.7,0,0,20.16037966302156,92.4,6.0,0,1,0,17,24,6.5,125.5,13,0.46,26,0.065,0,0,1,1,12.0,LOW,1.7,52,LOW_streamlined
24.3,10,4,439.89404860229877,14.7,62.3,28,1,141,30,36,22.4,280.6,55,3.77,7,0.609,1,0,0,1,72.9,CRITICAL,30.0,912,CRITICAL_injunction
77.8,0,0,41.62747223092779,90.7,2.0,0,1,0,8,24,6.7,194.1,22,0.58,20,0.047,0,0,0,1,12.0,LOW,1.1,33,LOW_streamlined
20.5,14,5,511.54231790776385,17.4,48.8,10,0,310,51,36,34.3,628.3,215,3.96,15,0.761,0,1,0,0,92.0,CRITICAL,22.1,672,CRITICAL_injunction
83.7,2,0,47.06217587361508,77.3,2.7,0,1,0,11,18,4.7,110.6,15,0.56,32,0.022,0,0,0,1,12.0,LOW,1.6,49,LOW_streamlined
83.4,0,0,40.640142412990066,82.2,5.4,0,1,0,12,24,7.5,175.7,30,0.73,16,0.078,0,0,0,1,12.0,LOW,1.0,30,LOW_streamlined
62.0,3,1,152.40444284294628,70.2,13.8,0,1,0,10,24,13.2,73.0,14,1.12,17,0.088,0,0,1,1,25.4,MODERATE,3.3,100,MODERATE_standard
54.9,6,2,235.32597106930115,31.2,23.8,29,1,0,32,48,21.2,552.3,147,3.07,10,0.366,0,0,0,0,47.7,HIGH,14.2,432,HIGH_backlog
38.3,7,3,314.898326765563,47.6,26.7,9,0,0,33,36,18.5,350.3,91,2.3,15,0.479,0,1,0,1,60.1,HIGH,14.4,438,HIGH_backlog
90.0,0,0,24.703557958652212,83.7,5.8,0,1,0,13,30,4.7,188.2,20,0.52,44,0.056,0,0,1,1,12.0,LOW,0.4,12,LOW_streamlined
39.4,9,3,269.380784839845,29.1,31.8,15,0,0,25,36,20.6,527.3,134,3.15,21,0.279,1,0,0,1,67.8,HIGH,10.3,313,HIGH_backlog
66.3,5,0,119.26988193796427,66.8,10.2,0,1,0,18,36,9.9,73.6,16,1.94,16,0.107,0,1,1,1,28.1,MODERATE,5.8,176,MODERATE_standard
28.9,10,4,459.72483957112655,20.0,63.8,156,0,235,47,48,20.9,930.0,255,5.4,20,0.62,1,0,0,1,94.0,CRITICAL,29.2,888,CRITICAL_injunction
60.6,2,0,89.23731976801012,50.0,9.0,0,1,0,13,24,11.2,206.9,33,1.45,16,0.181,0,1,0,1,23.8,LOW,2.3,70,MODERATE_standard
45.2,8,1,285.03491315237454,38.6,23.0,19,1,60,24,48,22.2,293.0,81,3.36,24,0.304,0,1,0,0,57.4,HIGH,11.8,359,HIGH_backlog
78.5,1,0,33.39656089698404,75.2,1.3,0,1,0,7,24,8.0,139.7,13,0.63,41,0.045,0,0,1,1,13.5,LOW,1.6,49,LOW_streamlined
29.5,10,4,502.6017190859651,23.0,51.6,13,0,212,39,60,25.8,971.7,271,4.67,10,0.759,0,0,0,1,92.3,CRITICAL,26.2,796,CRITICAL_injunction
59.8,2,1,87.94736201805848,58.4,15.4,1,1,0,12,36,14.2,180.3,24,1.61,12,0.091,0,0,1,1,31.6,MODERATE,4.5,137,MODERATE_standard
39.9,6,2,235.6406129968835,39.0,25.4,12,0,101,20,48,22.9,337.3,85,3.44,17,0.349,0,0,0,0,67.8,HIGH,10.8,328,HIGH_backlog
65.2,4,0,172.07201410259688,53.3,17.5,0,1,0,20,24,10.6,159.1,19,1.77,8,0.168,0,1,0,1,33.1,MODERATE,7.2,219,MODERATE_standard
20.7,10,5,366.4123744626505,9.8,54.9,18,0,241,40,36,30.0,1121.7,366,3.72,13,0.587,0,0,0,0,94.0,CRITICAL,31.5,958,CRITICAL_injunction
38.9,8,1,311.69619989361263,31.4,25.3,7,1,0,31,48,17.6,211.2,58,2.6,23,0.369,1,1,0,1,57.7,HIGH,14.3,435,HIGH_backlog
92.6,0,0,26.99029727478812,87.2,0.7,0,1,0,11,18,7.2,177.7,28,0.22,33,0.03,0,0,1,1,12.0,LOW,0.4,12,LOW_streamlined
40.2,9,1,233.84035249673494,46.0,29.4,11,1,0,18,48,22.0,590.2,113,3.31,16,0.274,0,0,0,1,58.3,HIGH,13.1,398,HIGH_backlog
45.8,8,1,301.53618025128725,26.4,20.4,26,0,0,33,48,21.5,502.6,144,2.47,14,0.406,0,1,0,0,53.6,HIGH,11.2,340,HIGH_backlog
30.5,10,5,367.60783374724,23.6,42.5,16,0,303,48,60,26.8,1332.6,332,4.97,5,0.544,0,1,0,1,87.4,CRITICAL,27.1,824,CRITICAL_injunction
65.9,3,1,115.13151820710374,70.2,12.2,1,1,0,11,36,15.8,297.3,51,1.76,34,0.095,0,0,1,1,30.3,MODERATE,3.6,109,MODERATE_standard
35.5,18,5,304.3830921127192,16.6,42.3,145,0,181,34,36,25.3,1110.5,211,4.48,19,0.508,1,0,0,1,87.9,CRITICAL,17.0,517,CRITICAL_injunction
47.0,9,3,205.40541064294402,47.0,30.4,29,1,86,33,36,16.8,564.7,195,3.22,5,0.436,0,0,0,0,54.2,HIGH,11.0,334,HIGH_backlog
35.7,12,4,384.31844870553556,5.8,36.0,18,0,359,44,36,22.9,1163.9,365,3.52,6,0.76,0,1,0,1,77.8,CRITICAL,26.7,812,CRITICAL_injunction
45.8,7,1,266.32080506005286,28.9,26.9,14,1,88,33,48,22.0,497.6,111,3.25,9,0.25,1,1,0,1,57.1,HIGH,14.4,438,HIGH_backlog
67.7,4,0,86.82336746898372,58.0,14.2,1,1,0,19,24,10.7,217.4,30,1.88,27,0.136,0,0,1,1,27.2,MODERATE,5.1,155,MODERATE_standard
15.0,18,2,456.28952993492805,12.0,57.0,17,0,352,29,48,22.6,982.5,344,4.38,17,0.672,0,1,0,0,94.0,CRITICAL,21.2,644,CRITICAL_injunction
88.0,0,0,10.042455481085907,94.0,2.2,0,1,0,11,18,8.8,87.4,10,0.47,46,0.029,0,0,1,1,12.0,LOW,1.2,36,LOW_streamlined
38.7,7,1,305.359721713608,28.2,33.1,9,1,91,33,48,18.5,709.5,155,2.61,16,0.297,0,1,0,1,59.3,HIGH,13.4,407,HIGH_backlog
49.0,7,1,277.42884042658164,28.5,26.7,29,1,55,33,48,19.3,680.9,201,2.98,7,0.397,1,0,0,1,53.4,HIGH,10.4,316,HIGH_backlog
35.6,14,5,527.2495354591265,22.1,38.7,53,0,332,50,36,21.8,355.1,128,3.79,4,0.482,1,0,0,1,85.7,CRITICAL,26.9,818,CRITICAL_injunction
66.8,2,1,86.36689341954671,57.4,15.2,1,1,0,19,24,13.3,316.0,42,1.82,10,0.164,0,0,0,0,28.2,MODERATE,6.7,204,MODERATE_standard
60.6,3,0,96.22962486413778,69.0,16.9,1,1,0,22,36,16.0,307.3,59,1.7,38,0.138,0,0,0,0,30.6,MODERATE,5.0,152,MODERATE_standard
80.0,0,0,48.94319044906147,87.7,4.8,0,1,0,13,24,4.4,199.0,17,0.32,28,0.072,0,0,0,1,12.0,LOW,2.0,61,LOW_streamlined
91.8,0,0,45.18037052305779,81.2,3.2,0,1,0,11,18,5.7,45.5,6,0.89,18,0.063,0,0,0,1,12.0,LOW,0.6,18,LOW_streamlined
81.9,0,0,24.939778757469707,96.6,7.2,0,1,0,6,30,7.7,58.4,4,0.74,41,0.012,0,0,0,1,12.0,LOW,2.0,61,LOW_streamlined
31.8,14,2,421.22978585626703,18.9,64.4,130,0,264,25,48,25.8,727.9,200,5.38,13,0.789,1,0,0,0,90.9,CRITICAL,28.7,872,CRITICAL_injunction
19.7,18,3,375.8540181327747,16.3,53.7,58,0,308,30,48,28.1,237.5,84,4.15,9,0.715,1,0,0,1,91.0,CRITICAL,31.1,945,CRITICAL_injunction
94.5,2,0,58.17594141778842,91.2,7.4,0,1,0,12,24,8.0,90.9,9,0.49,29,0.075,0,0,1,1,12.0,LOW,2.1,64,LOW_streamlined
42.5,8,3,313.8692123114661,43.3,35.7,3,1,0,21,36,18.5,146.7,36,2.25,11,0.339,0,0,0,1,57.7,HIGH,13.6,413,HIGH_backlog
94.9,1,0,47.23169036342728,92.0,5.9,0,1,0,10,24,4.1,126.4,13,0.85,41,0.029,0,0,0,1,12.0,LOW,1.5,46,LOW_streamlined
48.0,8,1,190.32325316179393,41.5,32.3,3,1,89,20,36,21.8,120.2,37,3.46,26,0.305,0,0,0,1,56.0,HIGH,9.6,292,HIGH_backlog
34.5,14,4,547.1069214070476,18.8,39.0,16,0,283,32,60,22.9,1045.1,330,4.3,12,0.525,0,0,0,0,85.2,CRITICAL,27.5,836,CRITICAL_injunction
68.2,2,0,119.11563407306005,55.1,10.5,0,1,0,13,36,14.9,424.3,87,1.73,28,0.102,0,1,0,1,23.0,LOW,0.9,27,MODERATE_standard
28.4,14,3,463.43332061245087,7.3,57.4,3,0,310,31,60,30.5,290.8,66,3.58,13,0.508,0,0,0,0,89.5,CRITICAL,20.1,611,CRITICAL_injunction
65.3,2,1,98.87327427643461,59.5,14.3,0,1,0,8,24,9.9,131.4,32,1.6,6,0.125,0,1,0,0,28.0,MODERATE,4.0,122,MODERATE_standard
43.0,9,2,202.10386218140752,32.0,23.7,5,0,0,32,48,19.3,372.0,88,3.0,19,0.267,0,0,0,0,60.3,HIGH,11.4,347,HIGH_backlog
92.9,1,0,53.23681183059496,86.7,2.4,0,1,0,14,30,4.1,138.6,16,0.67,33,0.016,0,0,1,0,12.0,LOW,2.2,67,LOW_streamlined
88.9,1,0,50.17397099603718,92.9,5.8,0,1,0,10,18,4.6,134.1,8,0.79,25,0.047,0,0,1,1,12.0,LOW,1.2,36,LOW_streamlined
68.8,4,0,115.51560608102699,64.2,17.2,0,1,0,22,24,12.7,212.3,32,1.39,28,0.206,0,0,0,0,25.9,MODERATE,7.4,225,MODERATE_standard
12.4,12,2,414.72520305874934,10.8,39.4,10,0,179,26,36,24.1,867.4,207,5.14,23,0.612,0,1,0,1,93.9,CRITICAL,30.9,939,CRITICAL_injunction
62.4,3,0,137.93759345752383,58.4,14.6,2,1,0,21,36,10.6,236.3,65,1.54,17,0.215,0,1,1,0,31.7,MODERATE,4.1,125,MODERATE_standard
79.7,0,0,40.26083585675457,82.1,2.9,0,1,0,7,24,8.0,36.1,5,0.86,14,0.029,0,0,1,1,12.0,LOW,0.9,27,LOW_streamlined
49.2,6,3,233.5525071164873,32.0,34.0,8,0,66,35,36,20.0,595.5,145,3.45,26,0.437,0,0,0,0,63.9,HIGH,10.4,316,HIGH_backlog
38.5,8,1,219.78067500253957,26.6,35.3,39,1,110,26,36,21.1,690.1,169,3.13,27,0.437,0,0,0,0,59.5,HIGH,10.9,331,HIGH_backlog
66.9,3,1,161.80983941034737,56.1,15.5,0,1,0,23,36,12.8,276.5,38,1.68,12,0.183,0,0,0,0,25.2,MODERATE,4.4,134,MODERATE_standard
76.5,0,0,59.89492547112314,93.5,0.9,0,1,0,4,24,7.8,40.6,5,0.62,47,0.032,0,0,1,1,12.0,LOW,1.8,55,LOW_streamlined
61.2,2,0,118.06681671214677,71.2,16.4,0,1,0,20,24,14.5,168.3,16,1.79,29,0.195,0,0,1,1,26.5,MODERATE,3.7,112,MODERATE_standard
75.7,1,0,20.877181604875535,81.7,4.2,0,1,0,17,30,4.1,213.8,26,0.49,14,0.03,0,0,0,1,14.7,LOW,0.7,21,LOW_streamlined
44.9,6,1,185.82835737448374,29.2,25.3,9,1,115,29,48,21.0,470.2,120,3.07,13,0.283,0,0,0,1,53.5,HIGH,13.8,420,HIGH_backlog
19.0,18,5,415.9554617784121,19.6,52.8,32,0,225,41,36,20.4,263.4,64,3.83,3,0.694,1,0,0,0,92.9,CRITICAL,17.0,517,CRITICAL_injunction
17.2,18,3,436.6045590545307,14.2,51.3,17,0,350,46,48,29.2,1417.0,351,3.51,14,0.577,0,0,0,1,94.0,CRITICAL,24.1,733,CRITICAL_injunction
62.4,2,0,62.64957408664855,70.7,12.0,0,1,0,21,36,13.3,326.3,35,1.94,36,0.15,0,1,0,1,24.5,MODERATE,5.6,170,MODERATE_standard
24.6,18,3,393.80569881143225,17.6,56.0,20,0,311,41,48,22.5,1350.4,418,3.97,23,0.605,0,0,0,0,90.1,CRITICAL,27.9,848,CRITICAL_injunction
52.3,7,2,231.94872244908552,32.1,33.1,9,1,75,35,48,22.3,165.5,45,2.36,22,0.286,0,1,0,0,51.1,HIGH,10.2,310,HIGH_backlog
32.0,12,4,359.66896122246465,12.1,60.9,6,1,181,30,48,25.8,559.3,120,3.6,12,0.709,0,0,0,0,69.9,CRITICAL,27.3,830,CRITICAL_injunction
40.4,6,1,209.16360686990444,39.8,23.8,21,1,106,25,48,21.7,732.1,198,3.1,27,0.265,1,1,0,1,54.1,HIGH,10.9,331,HIGH_backlog
43.2,8,3,262.3278494274549,32.5,23.9,13,1,0,32,36,17.0,366.7,75,3.51,20,0.257,1,0,0,0,59.7,HIGH,13.7,416,HIGH_backlog
83.1,0,0,27.839292568482414,92.9,4.7,0,1,0,14,18,6.7,77.5,15,0.43,23,0.03,0,0,1,1,12.0,LOW,2.1,64,LOW_streamlined
75.9,1,0,46.906896841071365,85.2,5.5,0,1,0,10,30,5.8,95.1,11,0.71,29,0.024,0,0,1,1,12.0,LOW,0.0,0,LOW_streamlined
23.9,12,3,418.9249626468418,23.4,56.7,156,0,175,46,36,30.1,1276.4,357,3.78,22,0.657,1,0,0,0,87.8,CRITICAL,30.3,921,CRITICAL_injunction
91.0,0,0,33.789996690394915,85.8,0.5,0,1,0,7,24,4.1,169.2,20,0.63,33,0.066,0,0,0,1,12.0,LOW,0.1,3,LOW_streamlined
53.7,8,2,299.0308948951663,44.6,22.7,11,1,0,22,36,17.3,376.3,77,2.58,15,0.469,0,0,0,1,48.3,HIGH,14.4,438,HIGH_backlog
66.4,3,0,78.9048045109871,71.2,9.2,0,1,0,11,24,11.9,169.1,16,1.37,8,0.215,0,0,0,1,19.3,LOW,2.3,70,MODERATE_standard
52.9,9,3,319.0850950884642,29.6,24.0,28,0,0,26,48,23.0,548.8,136,2.4,8,0.298,1,1,0,0,59.1,HIGH,8.8,268,HIGH_backlog
28.6,18,2,332.9157505719685,19.1,47.3,24,0,218,50,36,22.5,1487.1,490,4.22,16,0.734,0,1,0,1,90.8,CRITICAL,22.1,672,CRITICAL_injunction
58.1,2,1,69.54729740062577,52.2,16.3,1,1,0,9,24,9.8,169.7,39,1.61,31,0.136,0,0,0,1,30.7,MODERATE,5.8,176,MODERATE_standard
91.2,1,0,36.5961994548807,95.6,0.4,0,1,0,14,24,5.2,191.6,13,0.61,32,0.026,0,0,1,1,12.0,LOW,0.1,3,LOW_streamlined
72.8,2,0,74.42151950349535,68.6,13.7,0,1,0,18,24,12.4,352.6,44,1.4,30,0.206,0,0,0,1,20.3,LOW,0.5,15,MODERATE_standard
23.7,12,4,347.412470305868,14.2,51.1,73,0,291,39,36,33.4,469.8,136,4.16,20,0.781,1,0,0,0,90.6,CRITICAL,31.2,948,CRITICAL_injunction
79.7,0,0,17.408438006460095,82.6,7.5,0,1,0,15,30,4.9,90.0,11,0.51,30,0.074,0,0,0,1,12.8,LOW,0.5,15,LOW_streamlined
20.1,12,3,524.2161181288814,22.1,48.3,190,0,178,49,36,24.9,1070.4,358,4.21,22,0.8,1,0,0,0,91.1,CRITICAL,27.2,827,CRITICAL_injunction
50.2,6,1,281.9867357769586,31.6,20.2,13,1,0,32,36,18.0,709.2,198,3.01,22,0.333,1,1,0,0,52.4,HIGH,13.8,420,HIGH_backlog
47.4,6,3,313.4399275683296,41.8,29.4,14,1,81,19,36,16.6,434.0,79,2.66,6,0.497,0,0,0,1,50.7,HIGH,12.6,383,HIGH_backlog
40.2,6,1,260.61388045874526,37.5,22.5,9,1,0,35,36,20.3,741.2,146,2.74,23,0.276,0,0,0,0,51.4,HIGH,11.1,337,HIGH_backlog
62.3,3,0,161.40584554409168,65.0,17.3,1,1,0,14,24,14.0,168.8,30,1.35,26,0.14,0,0,1,1,28.8,MODERATE,5.3,161,MODERATE_standard
38.9,7,1,289.7626675279693,34.9,20.4,25,1,87,20,48,16.2,611.0,152,3.55,12,0.362,1,1,0,1,58.5,HIGH,13.1,398,HIGH_backlog
40.7,9,1,224.78752271862754,47.0,29.9,36,1,118,34,48,17.9,631.7,180,3.14,25,0.308,0,0,0,1,55.5,HIGH,14.3,435,HIGH_backlog
65.6,3,0,124.78959562343508,51.9,17.9,0,1,0,9,36,13.0,420.6,68,1.62,34,0.135,0,1,1,1,28.7,MODERATE,3.0,91,MODERATE_standard
40.1,7,1,252.70348979556212,25.9,25.0,30,1,0,20,48,20.8,719.5,156,2.29,14,0.326,0,1,0,1,57.5,HIGH,12.4,377,HIGH_backlog
59.9,4,0,104.96660522308053,58.1,15.7,0,1,0,23,24,11.3,67.6,11,1.99,39,0.107,0,0,0,1,32.1,MODERATE,5.4,164,MODERATE_standard
18.7,12,3,365.1251405494047,7.2,52.3,9,0,236,49,36,33.8,535.1,181,4.5,20,0.561,0,1,0,0,94.0,CRITICAL,28.6,869,CRITICAL_injunction
38.7,7,1,199.14388636632788,36.3,33.4,8,1,0,20,36,22.7,577.0,122,3.58,27,0.382,0,0,0,0,54.9,HIGH,14.6,444,HIGH_backlog
21.7,18,2,388.9342848035666,6.9,57.4,73,0,272,46,36,24.6,513.2,118,3.95,23,0.481,1,0,0,1,94.0,CRITICAL,27.8,845,CRITICAL_injunction
67.9,2,0,155.8595508588455,62.4,11.8,0,1,0,18,24,14.3,292.6,59,1.42,9,0.192,0,0,0,1,24.2,MODERATE,3.2,97,MODERATE_standard
24.8,10,2,331.7998085754009,20.8,41.1,123,1,348,42,60,29.0,1034.3,257,4.78,22,0.531,1,0,0,1,74.5,CRITICAL,23.6,717,CRITICAL_injunction
81.5,0,0,59.052741920515494,96.5,7.8,0,1,0,8,30,9.0,103.2,10,0.45,28,0.077,0,0,1,1,13.5,LOW,0.5,15,LOW_streamlined
59.4,2,0,112.59646564825088,71.8,13.6,0,1,0,9,36,12.9,62.5,13,1.36,16,0.139,0,1,1,1,26.8,MODERATE,6.8,207,MODERATE_standard
25.9,12,3,454.0300119903735,11.9,59.8,91,0,198,32,36,28.8,519.1,177,4.28,17,0.508,1,0,0,1,90.2,CRITICAL,22.8,693,CRITICAL_injunction
68.7,3,1,170.5804472510753,70.9,14.4,0,1,0,21,24,12.4,191.1,43,1.76,18,0.102,0,0,0,1,24.6,MODERATE,6.9,210,MODERATE_standard
61.5,4,0,121.02228379351028,71.4,12.3,1,1,0,22,24,14.1,330.6,77,1.73,31,0.144,0,0,0,1,26.5,MODERATE,5.1,155,MODERATE_standard
77.7,1,0,31.07626998900123,82.3,2.6,0,1,0,16,18,7.1,154.4,18,0.48,31,0.014,0,0,0,1,12.0,LOW,2.5,76,LOW_streamlined
73.1,3,0,128.57499356624,63.0,16.5,0,1,0,12,36,12.7,111.4,15,1.8,37,0.126,0,0,1,1,24.8,MODERATE,4.8,146,MODERATE_standard
41.0,7,3,248.64143227184746,26.1,22.5,20,1,0,31,36,16.4,461.2,130,2.76,6,0.276,0,0,0,1,52.6,HIGH,12.8,389,HIGH_backlog
23.5,10,5,504.39158022905156,22.8,60.8,3,1,290,39,48,20.9,282.4,73,4.69,16,0.578,0,0,0,0,74.0,CRITICAL,28.8,876,CRITICAL_injunction
45.9,6,1,296.55747035281655,35.6,24.3,42,1,58,24,48,21.2,787.3,217,3.6,19,0.407,0,0,0,1,53.2,HIGH,13.8,420,HIGH_backlog
93.2,0,0,14.702203798832677,90.1,6.5,0,1,0,13,18,5.7,181.4,23,0.8,46,0.027,0,0,0,1,12.0,LOW,1.4,43,LOW_streamlined
64.7,3,1,110.8185134054851,61.7,16.0,0,1,0,21,36,14.6,267.1,65,1.19,27,0.178,0,0,0,0,26.8,MODERATE,4.9,149,MODERATE_standard
76.7,1,0,28.63913799709299,95.0,5.0,0,1,0,15,18,7.7,238.5,37,0.5,42,0.047,0,0,0,1,12.0,LOW,0.2,6,LOW_streamlined
49.2,9,2,250.5285607374699,27.3,34.1,6,1,0,20,36,23.7,359.2,73,2.48,19,0.271,0,1,0,1,57.1,HIGH,14.9,453,HIGH_backlog
27.4,12,4,399.68735055910196,7.9,54.9,16,0,159,35,48,24.7,1068.1,338,3.92,4,0.582,0,1,0,0,92.6,CRITICAL,17.2,523,CRITICAL_injunction
47.8,8,2,294.25786622566073,44.2,22.9,7,1,68,22,36,21.3,193.6,48,2.37,22,0.493,0,1,0,1,50.1,HIGH,13.6,413,HIGH_backlog
41.8,8,3,206.8921775298434,31.7,25.6,34,0,0,20,48,20.0,660.7,154,3.07,27,0.298,0,0,0,1,58.7,HIGH,12.4,377,HIGH_backlog
42.4,7,2,210.32582020526576,36.1,27.9,6,0,66,30,36,17.4,139.9,33,2.59,12,0.389,0,0,0,1,58.9,HIGH,9.8,298,HIGH_backlog
17.3,10,4,331.81982739488666,13.1,54.0,189,0,223,35,36,24.8,1160.4,376,5.39,9,0.572,1,0,0,0,94.0,CRITICAL,18.1,550,CRITICAL_injunction
94.0,0,0,27.19931529859015,82.0,3.0,0,1,0,16,18,7.6,30.4,11,0.35,35,0.075,0,0,0,1,12.0,LOW,0.3,9,LOW_streamlined
90.4,1,0,13.102380718064085,82.7,7.0,0,1,0,4,24,7.5,43.4,5,0.25,33,0.052,0,0,0,1,12.0,LOW,0.2,6,LOW_streamlined
68.5,3,0,90.25427569241882,51.3,17.8,1,1,0,9,36,15.9,279.3,40,1.68,34,0.138,0,0,1,1,25.3,MODERATE,6.2,188,MODERATE_standard
79.1,1,0,30.796096901471493,92.2,3.5,0,1,0,16,30,7.4,49.8,10,0.58,21,0.055,0,0,1,1,12.6,LOW,1.7,52,LOW_streamlined
85.1,0,0,52.41885693363083,75.7,3.1,0,1,0,14,30,5.9,233.1,38,0.52,21,0.029,0,0,0,1,12.0,LOW,1.5,46,LOW_streamlined
15.7,10,4,430.856166553277,16.7,47.6,94,0,221,25,60,27.8,453.3,129,3.82,4,0.551,1,0,0,0,94.0,CRITICAL,25.4,772,CRITICAL_injunction
51.6,9,1,199.30470883898698,26.2,29.4,25,1,96,27,48,21.6,509.7,140,3.48,13,0.39,1,0,0,0,59.6,HIGH,13.7,416,HIGH_backlog
38.1,9,1,182.70177255622295,43.8,32.4,8,1,116,22,36,16.8,464.2,78,2.37,22,0.417,0,0,0,1,57.8,HIGH,13.7,416,HIGH_backlog
68.6,5,1,68.81025889015537,50.6,11.6,0,1,0,15,24,12.1,439.9,74,1.67,12,0.161,0,0,1,1,27.0,MODERATE,6.4,195,MODERATE_standard
82.3,0,0,33.4380396237612,91.7,3.4,0,1,0,13,24,7.3,223.7,21,0.58,33,0.048,0,0,0,1,12.0,LOW,1.0,30,LOW_streamlined
60.8,4,1,81.84971199003058,65.0,10.9,2,1,0,8,24,13.0,262.8,60,1.13,16,0.193,0,0,0,1,29.5,MODERATE,3.9,119,MODERATE_standard
27.9,14,3,311.79578503635605,5.0,49.9,5,0,226,45,60,31.0,386.6,103,5.42,10,0.64,0,1,0,0,92.0,CRITICAL,21.3,648,CRITICAL_injunction
34.5,10,2,536.2977213013954,22.7,47.8,7,0,164,47,60,27.3,475.0,159,5.07,20,0.752,0,0,0,0,87.6,CRITICAL,25.7,781,CRITICAL_injunction
60.0,2,0,173.42787898435,68.5,15.0,0,1,0,12,24,11.7,69.8,11,1.94,15,0.111,0,0,1,1,27.3,MODERATE,3.4,103,MODERATE_standard
68.3,4,0,146.07644852460533,64.5,16.7,0,1,0,14,24,15.9,77.8,15,1.24,37,0.153,0,1,0,1,26.7,MODERATE,4.9,149,MODERATE_standard
69.2,3,0,154.3329957309885,56.2,13.9,1,1,0,22,36,11.3,177.0,26,1.7,18,0.145,0,0,0,1,29.9,MODERATE,6.6,201,MODERATE_standard
15.2,12,4,453.1456202462323,7.3,36.6,5,1,272,38,60,26.1,520.1,114,4.43,19,0.566,0,0,0,1,72.4,CRITICAL,20.7,629,CRITICAL_injunction
38.0,9,3,319.1612639286776,34.9,21.0,5,1,0,31,36,18.4,333.3,77,3.15,7,0.325,1,0,0,1,58.6,HIGH,11.3,344,HIGH_backlog
65.1,3,0,122.10501664126909,71.1,13.9,0,1,0,8,36,11.8,327.0,71,1.53,12,0.15,0,0,1,1,24.2,MODERATE,3.4,103,MODERATE_standard
75.7,2,0,11.38711133863193,96.8,0.3,0,1,0,16,18,7.6,176.7,19,0.36,37,0.071,0,0,1,1,12.9,LOW,0.6,18,LOW_streamlined
58.2,4,0,140.9024892970386,52.7,13.7,0,1,0,14,36,13.5,425.3,66,1.66,15,0.117,0,0,1,0,30.8,MODERATE,4.6,140,MODERATE_standard
27.8,14,2,382.2130495510669,5.2,47.4,10,1,206,24,48,27.4,708.6,210,4.22,14,0.534,0,0,0,0,73.4,CRITICAL,29.7,903,CRITICAL_injunction
88.7,2,0,40.30838506675478,77.6,6.1,0,1,0,11,30,5.8,240.0,21,0.37,32,0.072,0,0,0,1,12.0,LOW,1.0,30,LOW_streamlined
59.2,2,0,139.3611134397591,52.8,8.5,1,1,0,22,36,13.2,252.7,38,1.68,29,0.186,0,0,1,1,30.7,MODERATE,5.8,176,MODERATE_standard
83.2,0,0,39.85916147389223,75.5,4.2,0,1,0,15,30,8.4,62.7,6,0.55,17,0.018,0,0,0,0,13.1,LOW,1.2,36,LOW_streamlined
39.0,7,3,246.2322412006058,43.7,32.1,9,1,0,33,48,23.2,476.7,130,3.59,14,0.292,0,1,0,1,64.8,HIGH,11.9,362,HIGH_backlog
43.9,8,2,200.64648689616033,29.0,32.7,15,0,0,21,36,19.2,344.5,71,2.63,21,0.446,0,0,0,1,63.4,HIGH,12.4,377,HIGH_backlog
52.1,8,1,269.817460916241,25.6,27.6,21,0,0,29,36,19.6,507.3,107,2.22,24,0.426,0,1,0,1,60.8,HIGH,10.7,325,HIGH_backlog
85.8,1,0,32.98547532207641,82.3,5.5,0,1,0,7,24,6.9,45.9,2,0.61,41,0.056,0,0,0,1,12.0,LOW,0.4,12,LOW_streamlined
59.7,4,1,103.93100840943704,68.7,12.8,1,1,0,13,24,14.0,393.8,69,1.52,11,0.139,0,0,1,1,29.7,MODERATE,3.5,106,MODERATE_standard
18.4,14,3,407.1931273969518,13.4,63.2,22,1,324,28,48,21.2,1487.6,458,4.12,16,0.628,0,0,0,0,75.2,CRITICAL,23.6,717,CRITICAL_injunction
54.1,7,3,249.13041583637155,43.9,24.0,8,0,87,31,48,20.1,344.6,78,3.3,10,0.254,1,1,0,1,64.3,HIGH,11.6,353,HIGH_backlog
54.9,6,2,181.91226537330184,28.0,28.2,19,0,0,23,48,20.2,675.5,193,3.58,17,0.487,0,1,0,0,54.3,HIGH,10.6,322,HIGH_backlog
68.3,3,0,135.15177648903997,53.5,14.1,0,1,0,18,36,13.0,287.6,30,1.39,23,0.149,0,0,0,1,21.1,LOW,0.7,21,MODERATE_standard
47.6,8,1,235.65543619423,32.8,30.7,10,0,0,28,48,17.6,152.1,51,3.42,27,0.407,0,1,0,0,58.7,HIGH,12.9,392,HIGH_backlog
42.9,6,1,237.21404861579177,32.5,31.6,21,0,0,34,36,22.5,727.4,199,3.6,24,0.368,0,1,0,0,60.2,HIGH,8.0,243,HIGH_backlog
31.2,14,5,434.5618980468174,7.8,49.3,2,1,133,28,36,31.9,260.8,56,4.75,22,0.642,0,0,0,1,76.7,CRITICAL,22.2,675,CRITICAL_injunction
68.3,3,0,142.84558735550834,56.9,16.1,0,1,0,12,36,13.9,129.5,28,1.22,28,0.127,0,0,0,1,21.6,LOW,1.3,40,MODERATE_standard
67.4,3,0,119.32461542386312,69.8,11.3,1,1,0,23,36,15.4,168.5,37,1.74,29,0.182,0,0,0,0,24.7,MODERATE,3.8,116,MODERATE_standard
88.2,1,0,34.34848943601425,85.1,6.0,0,1,0,12,30,8.7,58.8,5,0.57,19,0.057,0,0,0,1,12.0,LOW,2.0,61,LOW_streamlined
31.9,14,4,420.5605637389338,17.2,35.1,15,0,314,32,60,31.8,1091.6,313,3.57,2,0.744,0,0,0,0,82.6,CRITICAL,18.8,572,CRITICAL_injunction
68.9,3,1,87.09203313974287,60.1,13.6,1,1,0,17,24,12.5,350.4,38,1.51,7,0.197,0,0,0,1,29.7,MODERATE,3.3,100,MODERATE_standard
86.7,2,0,52.19272834897572,86.8,6.4,0,1,0,8,30,8.6,126.5,15,0.46,31,0.069,0,0,1,0,12.0,LOW,0.4,12,LOW_streamlined
62.5,2,0,158.66715903077505,58.7,10.4,0,1,0,13,24,13.6,349.8,58,1.48,15,0.137,0,0,0,1,21.9,LOW,1.7,52,MODERATE_standard
61.2,3,1,166.6299740268886,52.4,17.0,0,1,0,10,24,11.4,202.9,24,1.25,31,0.188,0,1,1,0,32.1,MODERATE,4.9,149,MODERATE_standard
52.5,8,1,191.6580335678516,42.5,21.7,3,0,0,24,48,17.2,150.6,38,2.7,14,0.332,0,0,0,0,49.6,HIGH,14.2,432,HIGH_backlog
55.9,7,2,280.839503660897,33.5,23.6,34,1,0,23,48,20.0,614.1,167,2.67,21,0.296,0,0,0,1,47.6,HIGH,9.1,277,HIGH_backlog
69.8,2,0,68.13880463654264,52.3,13.2,0,1,0,15,24,10.7,141.5,16,1.69,6,0.165,0,0,1,0,22.5,LOW,0.4,12,MODERATE_standard
70.5,3,0,105.55064044071614,55.3,14.7,2,1,0,8,36,10.2,207.0,56,1.12,18,0.182,0,0,0,0,24.2,MODERATE,7.5,228,MODERATE_standard
52.8,7,2,215.19195809367014,40.3,34.8,32,0,74,28,36,22.3,666.7,186,2.77,5,0.427,1,0,0,1,67.4,HIGH,14.5,441,HIGH_backlog
47.2,8,3,241.88424742810383,42.1,35.9,24,0,66,25,48,16.7,576.1,125,2.73,18,0.426,0,1,0,0,67.8,HIGH,9.2,280,HIGH_backlog
15.2,12,5,461.950937573395,9.8,39.5,185,1,133,43,60,30.3,1110.3,354,4.75,16,0.541,1,0,0,0,79.8,CRITICAL,21.8,663,CRITICAL_injunction
44.0,9,2,313.88847732261263,29.0,22.5,22,0,79,35,48,22.6,641.3,127,2.78,25,0.439,0,1,0,0,66.4,HIGH,11.5,350,HIGH_backlog
59.9,4,0,97.48347873250327,54.6,9.6,2,1,0,8,24,14.3,439.4,59,1.47,8,0.162,0,0,1,1,26.8,MODERATE,5.6,170,MODERATE_standard
75.4,2,0,51.52666744778815,95.3,5.5,0,1,0,10,24,4.2,127.5,14,0.66,29,0.076,0,0,1,0,15.6,LOW,2.4,73,LOW_streamlined
67.9,2,1,72.03965131406336,71.4,12.8,0,1,0,15,24,13.2,337.9,51,1.68,32,0.15,0,0,0,1,23.3,LOW,0.9,27,MODERATE_standard
46.6,8,3,313.30046732942674,38.7,28.7,4,0,111,33,36,16.4,375.2,63,3.39,5,0.437,0,1,0,1,67.7,HIGH,11.1,337,HIGH_backlog
94.7,1,0,27.47077733592984,88.4,4.6,0,1,0,14,18,4.3,116.3,13,0.72,21,0.043,0,0,0,1,12.0,LOW,2.1,64,LOW_streamlined
43.5,8,1,228.4812386839755,30.0,29.8,27,1,84,26,36,22.8,471.9,125,2.54,5,0.296,1,1,0,1,63.5,HIGH,13.3,404,HIGH_backlog
22.9,12,4,397.9675887257433,18.6,52.4,11,0,181,48,48,20.2,999.8,238,4.77,11,0.471,0,0,0,0,91.6,CRITICAL,18.7,568,CRITICAL_injunction
45.3,6,1,183.0582376415282,25.5,29.9,9,0,58,18,48,20.3,677.5,142,3.6,27,0.265,0,0,0,1,55.9,HIGH,8.6,261,HIGH_backlog
35.6,10,3,463.30301599046965,21.1,50.8,14,0,175,51,36,20.9,1069.1,297,4.27,16,0.797,0,0,0,1,87.2,CRITICAL,30.7,933,CRITICAL_injunction
42.2,6,1,244.7484830510989,31.3,34.9,16,1,42,31,48,20.3,768.1,149,2.84,10,0.332,0,0,0,0,52.1,HIGH,11.9,362,HIGH_backlog
93.8,1,0,30.74768658360593,84.3,7.9,0,1,0,16,24,6.3,214.4,30,0.78,18,0.025,0,0,0,1,12.0,LOW,2.0,61,LOW_streamlined
38.6,7,1,309.7950445043822,30.9,28.4,6,0,92,30,36,16.1,304.3,62,2.57,27,0.411,0,1,0,0,64.4,HIGH,10.5,319,HIGH_backlog
25.4,12,5,417.85534222012006,21.9,48.7,141,1,205,36,48,27.8,739.6,235,4.56,17,0.529,1,0,0,0,71.6,CRITICAL,28.5,866,CRITICAL_injunction
78.8,0,0,15.330912356489915,78.7,0.1,0,1,0,13,24,5.0,160.1,21,0.74,39,0.067,0,0,0,1,12.0,LOW,1.3,40,LOW_streamlined
85.3,0,0,14.608142084915551,77.1,0.1,0,1,0,17,18,8.5,212.9,23,0.8,46,0.059,0,0,1,1,12.0,LOW,2.3,70,LOW_streamlined
92.2,0,0,21.440829267173697,75.5,4.8,0,1,0,15,24,5.7,178.9,23,0.63,14,0.012,0,0,1,1,12.0,LOW,0.3,9,LOW_streamlined
50.6,7,2,248.90799693671812,36.2,33.4,33,0,105,36,36,23.9,663.1,191,2.69,27,0.332,0,0,0,1,66.0,HIGH,12.3,374,HIGH_backlog
29.3,12,4,429.101329631996,19.9,45.7,11,1,135,45,60,25.5,1192.1,232,5.37,13,0.731,0,0,0,0,72.7,CRITICAL,16.9,514,CRITICAL_injunction
87.2,0,0,44.792005192996065,87.4,3.5,0,1,0,13,18,7.7,187.6,20,0.21,21,0.016,0,0,0,0,12.0,LOW,1.5,46,LOW_streamlined
73.9,2,0,113.04803497990092,70.7,17.4,0,1,0,12,36,14.8,390.1,78,1.76,34,0.209,0,0,1,0,19.1,LOW,0.9,27,MODERATE_standard
41.7,8,1,249.77569684590907,40.5,29.3,4,0,0,23,48,17.8,204.4,35,3.45,12,0.45,0,0,0,1,57.0,HIGH,8.3,252,HIGH_backlog
66.7,4,1,130.08279014596218,70.3,8.8,2,1,0,15,36,13.6,294.7,46,1.45,29,0.217,0,0,1,1,25.5,MODERATE,7.3,222,MODERATE_standard
58.9,3,0,131.1101491146456,68.6,8.9,3,1,0,18,24,12.6,447.1,85,1.47,36,0.185,0,0,1,1,25.4,MODERATE,5.6,170,MODERATE_standard
82.4,0,0,37.66247129733151,92.1,2.9,0,1,0,6,30,7.0,187.1,16,0.71,44,0.039,0,0,0,1,12.0,LOW,2.2,67,LOW_streamlined
84.1,0,0,33.43541497914916,76.9,3.9,0,1,0,16,30,8.2,81.1,15,0.85,35,0.068,0,0,1,1,12.0,LOW,1.8,55,LOW_streamlined
50.9,7,2,223.61420576155757,37.4,34.9,5,0,96,25,48,20.7,293.2,64,3.56,11,0.321,0,0,0,1,66.8,HIGH,12.2,371,HIGH_backlog
13.8,12,3,334.6732768064084,6.8,46.8,91,0,207,47,60,22.5,583.0,207,4.9,20,0.546,1,0,0,1,94.0,CRITICAL,17.2,523,CRITICAL_injunction
44.0,6,3,223.2623746430251,29.2,34.1,19,0,118,31,48,22.0,683.3,201,2.35,26,0.287,0,0,0,0,71.4,CRITICAL,28.2,857,HIGH_backlog
77.4,0,0,37.03905327362301,93.6,3.0,0,1,0,17,18,8.3,192.2,18,0.21,45,0.078,0,0,1,1,12.0,LOW,1.9,58,LOW_streamlined
52.1,6,2,260.5789249753656,38.8,28.5,11,0,0,30,48,17.9,488.9,118,3.26,8,0.354,0,1,0,1,56.4,HIGH,14.0,426,HIGH_backlog
56.0,8,1,192.52381395804233,30.6,32.2,30,1,47,18,48,20.1,564.8,144,2.92,20,0.311,0,0,0,1,51.7,HIGH,10.3,313,HIGH_backlog
52.8,6,3,226.8747624686872,47.2,28.4,8,0,64,31,48,24.0,159.0,60,2.34,8,0.473,0,0,0,1,59.0,HIGH,13.5,410,HIGH_backlog
52.1,6,1,235.0644992734776,35.2,35.2,36,1,53,19,36,19.0,732.4,160,3.42,22,0.264,0,1,0,0,53.3,HIGH,8.6,261,HIGH_backlog
78.2,0,0,25.71626122762571,80.2,1.4,0,1,0,16,24,8.9,80.2,8,0.34,41,0.017,0,0,1,1,12.0,LOW,0.8,24,LOW_streamlined
39.9,9,1,271.46849036223773,39.0,29.2,10,1,0,32,48,20.0,698.9,145,2.53,15,0.422,0,1,0,1,56.7,HIGH,8.3,252,HIGH_backlog
58.1,2,1,97.45611779513317,62.0,9.9,0,1,0,23,24,11.1,115.7,9,1.1,15,0.11,0,0,0,1,24.6,MODERATE,4.1,125,MODERATE_standard
17.3,12,3,392.32463290316014,20.3,65.0,6,1,306,27,48,30.8,627.1,136,4.32,20,0.637,0,0,0,1,72.9,CRITICAL,20.2,614,CRITICAL_injunction
26.9,10,3,424.4814601052681,18.2,58.9,297,0,162,39,48,31.0,1385.0,420,3.9,7,0.55,1,0,0,1,88.5,CRITICAL,29.4,894,CRITICAL_injunction
93.5,1,0,12.45993333224387,75.9,1.0,0,1,0,17,30,4.3,182.4,23,0.31,24,0.04,0,0,1,1,12.0,LOW,2.5,76,LOW_streamlined
34.4,14,4,522.6872406915181,16.0,53.8,3,0,184,42,36,23.0,315.2,62,3.57,10,0.746,0,1,0,1,90.7,CRITICAL,29.4,894,CRITICAL_injunction
63.8,2,1,151.5906868483384,60.1,14.4,0,1,0,20,24,15.2,154.7,19,1.59,28,0.141,0,0,0,1,26.4,MODERATE,4.9,149,MODERATE_standard
34.4,14,3,500.01650983269417,5.8,46.3,22,1,269,38,60,23.7,1253.2,454,5.31,4,0.745,0,0,0,1,75.2,CRITICAL,18.1,550,CRITICAL_injunction
81.5,1,0,31.208949560349915,84.3,7.3,0,1,0,16,18,6.1,36.8,6,0.58,24,0.065,0,0,0,1,12.0,LOW,1.7,52,LOW_streamlined
86.1,0,0,57.28846478393485,79.3,4.4,0,1,0,4,18,5.4,244.2,34,0.31,47,0.031,0,0,0,1,12.0,LOW,1.0,30,LOW_streamlined
83.0,0,0,17.94287679925558,83.6,4.8,0,1,0,15,30,6.9,186.7,20,0.58,18,0.048,0,0,0,0,12.0,LOW,1.8,55,LOW_streamlined
81.6,0,0,25.108207082427455,79.8,5.2,0,1,0,4,18,8.2,101.6,14,0.44,20,0.047,0,0,0,1,12.0,LOW,1.9,58,LOW_streamlined
52.4,6,3,272.0274630588615,40.9,25.7,13,1,51,35,36,22.8,607.9,124,2.23,23,0.393,1,0,0,0,54.4,HIGH,10.9,331,HIGH_backlog
40.9,9,3,298.90884015095855,27.9,28.8,16,0,0,34,48,19.2,734.9,188,2.75,5,0.487,0,1,0,1,62.3,HIGH,8.7,264,HIGH_backlog
43.5,7,1,293.5420212758945,41.3,31.5,33,0,59,32,48,19.6,682.4,177,2.68,22,0.458,0,1,0,1,62.4,HIGH,14.6,444,HIGH_backlog
39.7,9,2,190.11724964098437,33.6,29.8,14,0,52,27,36,19.6,365.8,69,3.24,4,0.257,0,1,0,0,66.4,HIGH,10.8,328,HIGH_backlog
60.4,3,0,78.53856297475035,72.0,16.5,1,1,0,9,24,10.6,213.9,28,1.48,15,0.178,0,0,0,1,29.6,MODERATE,6.7,204,MODERATE_standard
58.6,3,0,123.4117414071251,67.8,17.2,1,1,0,11,24,13.6,184.3,26,1.78,22,0.213,0,0,0,1,30.4,MODERATE,6.0,182,MODERATE_standard
45.3,7,1,233.42060981202255,31.7,23.7,8,0,0,28,48,21.0,195.8,55,3.15,24,0.462,0,1,0,1,54.8,HIGH,9.0,274,HIGH_backlog
45.0,6,1,203.14583297200443,45.8,20.4,14,0,92,19,36,23.1,537.4,151,2.84,5,0.441,1,0,0,0,56.9,HIGH,11.3,344,HIGH_backlog
71.5,3,0,64.45226943757164,56.6,11.7,0,1,0,9,24,15.3,410.1,74,1.96,20,0.138,0,0,0,0,25.3,MODERATE,4.9,149,MODERATE_standard
16.8,18,4,460.30614599367254,17.6,62.6,14,0,162,49,60,34.2,1222.9,286,3.83,2,0.694,0,0,0,1,92.0,CRITICAL,19.8,602,CRITICAL_injunction
82.3,1,0,35.30391300589176,83.7,1.2,0,1,0,7,24,8.1,190.5,25,0.65,21,0.049,0,0,0,1,12.0,LOW,1.5,46,LOW_streamlined
35.5,12,2,504.92528111861753,19.4,45.8,13,0,316,35,60,24.5,1350.1,263,4.91,6,0.454,0,0,0,0,88.9,CRITICAL,22.2,675,CRITICAL_injunction
29.8,14,3,428.06032218509586,10.0,64.8,20,0,329,36,48,25.2,1477.5,405,3.64,19,0.644,0,1,0,0,89.0,CRITICAL,18.9,575,CRITICAL_injunction
75.2,2,0,25.422790516359775,81.1,5.4,0,1,0,5,30,5.8,178.2,27,0.53,23,0.067,0,0,0,0,13.5,LOW,0.9,27,LOW_streamlined
94.1,1,0,10.744838750121147,92.6,7.4,0,1,0,15,18,8.6,175.4,13,0.45,13,0.039,0,0,1,1,12.0,LOW,1.1,33,LOW_streamlined
23.6,14,3,502.0164696956755,16.4,44.5,8,0,163,49,48,25.0,496.1,167,4.87,7,0.604,0,1,0,0,92.3,CRITICAL,27.6,839,CRITICAL_injunction
66.2,4,0,77.52182577876172,52.8,8.2,0,1,0,17,24,12.3,202.7,27,1.33,13,0.214,0,0,0,1,23.5,LOW,0.1,3,MODERATE_standard
58.3,3,0,144.6607265031949,52.5,16.1,1,1,0,15,36,11.9,217.7,46,1.76,10,0.171,0,0,1,0,32.6,MODERATE,4.4,134,MODERATE_standard
25.5,12,3,333.06749133888064,9.7,58.7,20,0,267,24,48,34.9,1313.1,403,4.23,14,0.565,0,1,0,0,93.5,CRITICAL,29.8,906,CRITICAL_injunction
62.3,4,1,78.26799629165386,51.9,8.5,0,1,0,15,24,10.7,432.9,65,1.69,38,0.122,0,0,1,0,28.5,MODERATE,3.6,109,MODERATE_standard
52.3,7,3,271.435755228378,25.2,35.2,7,0,100,26,48,21.7,172.7,46,3.55,26,0.454,0,0,0,1,68.2,CRITICAL,19.8,602,HIGH_backlog
94.2,0,0,28.79047347107239,83.6,3.0,0,1,0,16,30,7.3,166.1,8,0.45,12,0.041,0,0,0,1,12.0,LOW,0.5,15,LOW_streamlined
43.1,6,3,190.65315622697625,39.8,26.4,25,0,119,21,48,22.5,630.9,148,2.4,22,0.301,0,0,0,0,63.4,HIGH,10.2,310,HIGH_backlog
89.1,0,0,46.27388445512443,77.8,7.0,0,1,0,13,24,7.2,149.4,14,0.51,12,0.014,0,0,0,1,12.0,LOW,1.1,33,LOW_streamlined
17.4,12,3,363.5559317511538,8.7,36.6,6,0,210,30,36,34.6,332.3,120,5.11,22,0.645,0,0,0,0,91.2,CRITICAL,18.7,568,CRITICAL_injunction
32.8,14,3,392.54273473260736,19.2,44.5,32,0,217,30,36,28.2,209.3,48,4.68,7,0.569,1,0,0,1,90.6,CRITICAL,18.9,575,CRITICAL_injunction
51.0,8,1,309.97020616269015,45.0,30.9,7,0,0,30,36,22.2,370.2,77,2.7,24,0.489,0,1,0,1,57.1,HIGH,14.0,426,HIGH_backlog
85.1,1,0,30.910247080755866,78.9,7.4,0,1,0,6,24,4.7,150.9,15,0.79,46,0.03,0,0,1,1,12.5,LOW,0.0,0,LOW_streamlined
80.7,0,0,40.513501415410516,92.0,7.3,0,1,0,17,24,4.1,145.3,19,0.7,38,0.065,0,0,1,1,12.0,LOW,1.6,49,LOW_streamlined
49.8,9,2,186.99910645068832,37.5,22.8,40,0,0,23,36,21.7,712.6,164,2.95,11,0.294,1,1,0,1,57.7,HIGH,14.2,432,HIGH_backlog
67.3,2,0,156.14416919123408,66.6,11.0,0,1,0,13,24,10.3,159.2,24,1.66,38,0.153,0,0,1,1,21.0,LOW,0.8,24,MODERATE_standard
28.5,14,4,413.19171454230434,10.2,40.0,93,0,235,38,60,33.2,362.4,125,4.97,8,0.588,1,0,0,0,90.4,CRITICAL,20.5,623,CRITICAL_injunction
94.1,0,0,24.128363852858794,76.6,2.5,0,1,0,7,18,6.4,133.8,26,0.2,32,0.033,0,0,0,1,12.0,LOW,0.7,21,LOW_streamlined
81.5,0,0,30.384624267835893,75.5,6.2,0,1,0,7,24,8.8,131.2,9,0.33,34,0.024,0,0,1,1,12.0,LOW,1.1,33,LOW_streamlined
34.5,10,2,523.1931591345156,17.2,52.0,38,0,165,50,48,28.6,282.8,67,5.37,9,0.515,1,0,0,0,89.8,CRITICAL,23.4,711,CRITICAL_injunction
64.3,2,0,79.52432424380339,71.1,9.0,0,1,0,10,36,13.8,84.7,17,1.17,24,0.188,0,1,1,0,20.8,LOW,0.2,6,MODERATE_standard
90.6,0,0,39.50037016517598,98.0,2.9,0,1,0,12,24,5.4,223.3,33,0.28,32,0.035,0,0,1,1,12.0,LOW,1.4,43,LOW_streamlined
59.6,4,0,150.9054460182968,68.3,16.7,0,1,0,18,24,12.4,121.3,19,1.76,35,0.205,0,1,0,1,30.7,MODERATE,5.9,179,MODERATE_standard
88.2,0,0,51.964170096092154,84.9,2.7,0,1,0,12,24,7.8,22.3,11,0.28,20,0.012,0,0,0,1,12.0,LOW,0.6,18,LOW_streamlined
18.0,14,3,510.54001519596795,16.7,36.5,160,0,359,25,36,20.0,960.0,254,3.72,8,0.459,1,0,0,0,92.7,CRITICAL,26.0,790,CRITICAL_injunction
90.8,1,0,29.43863068115535,97.2,0.8,0,1,0,12,18,7.6,101.8,11,0.73,42,0.023,0,0,1,1,12.0,LOW,0.1,3,LOW_streamlined
40.4,7,3,218.1116169564715,38.3,29.8,17,1,0,24,48,16.1,404.3,94,2.96,13,0.453,0,0,0,0,54.2,HIGH,11.0,334,HIGH_backlog
50.3,8,1,218.85231565247216,39.8,33.0,40,1,46,29,36,22.4,791.7,204,2.74,6,0.356,0,1,0,1,54.3,HIGH,12.1,368,HIGH_backlog
39.8,6,1,248.51407658530047,25.8,26.7,2,1,108,20,36,21.7,179.3,32,3.35,20,0.377,0,1,0,1,54.5,HIGH,8.3,252,HIGH_backlog
27.8,12,5,509.34868155400125,15.1,53.3,103,0,121,27,36,26.5,669.6,140,4.9,4,0.592,1,0,0,1,83.9,CRITICAL,21.4,651,CRITICAL_injunction
83.7,0,0,22.65898164046301,96.9,4.2,0,1,0,11,24,7.8,243.4,22,0.44,41,0.014,0,0,1,1,12.0,LOW,2.2,67,LOW_streamlined
46.3,8,1,193.26184795009084,33.3,34.7,8,1,72,25,36,19.1,333.0,69,3.35,4,0.324,0,0,0,0,59.0,HIGH,14.4,438,HIGH_backlog
59.4,2,1,143.76296529114026,70.4,14.9,1,1,0,22,24,9.1,316.8,68,1.31,26,0.15,0,0,0,1,30.7,MODERATE,4.2,128,MODERATE_standard
69.7,2,1,80.16917530049903,60.5,14.6,0,1,0,17,24,13.7,211.8,28,1.92,29,0.111,0,1,0,1,24.8,MODERATE,3.1,94,MODERATE_standard
39.6,6,3,265.6995488388504,28.6,32.5,19,0,0,20,36,20.6,729.4,152,3.04,29,0.306,0,1,0,1,63.4,HIGH,11.8,359,HIGH_backlog
50.9,8,2,292.6587599491389,47.9,27.5,9,0,0,18,36,20.2,243.4,62,2.98,15,0.295,0,0,0,1,55.2,HIGH,10.0,304,HIGH_backlog
44.5,9,1,221.7468022994533,44.7,33.7,33,1,0,32,36,20.0,694.9,186,2.56,22,0.317,0,0,0,0,53.6,HIGH,12.4,377,HIGH_backlog
32.4,18,3,337.2483863020405,21.2,63.7,98,0,293,49,60,24.2,1287.2,268,4.18,17,0.617,1,0,0,1,86.2,CRITICAL,18.3,556,CRITICAL_injunction
40.7,9,1,191.13223076431663,45.0,26.0,16,1,0,32,48,17.9,231.0,70,2.89,19,0.281,0,0,0,0,56.4,HIGH,14.9,453,HIGH_backlog
50.4,7,3,226.8558931544365,40.8,27.3,23,0,0,18,36,21.5,461.2,105,2.84,25,0.447,0,0,0,0,59.9,HIGH,8.7,264,HIGH_backlog
73.7,3,1,177.09653042513338,65.2,14.0,3,1,0,18,24,12.8,378.2,73,1.48,35,0.216,0,1,1,1,32.8,MODERATE,5.4,164,MODERATE_standard
31.4,10,4,439.4629421714749,21.0,54.6,10,0,160,48,48,24.2,687.9,210,4.07,15,0.79,0,0,0,0,87.2,CRITICAL,19.6,596,CRITICAL_injunction
52.5,7,1,211.91918522975618,43.1,30.3,17,1,107,25,36,22.1,741.2,150,2.3,23,0.261,1,0,0,1,49.1,HIGH,13.7,416,HIGH_backlog
65.5,4,0,60.873439677006964,59.1,11.2,0,1,0,21,36,15.5,275.9,33,1.16,37,0.084,0,0,0,0,17.9,LOW,1.3,40,MODERATE_standard
43.0,7,1,195.52936547488858,40.3,20.9,39,0,0,31,36,22.9,765.6,177,2.64,6,0.44,0,0,0,0,50.7,HIGH,8.1,246,HIGH_backlog
83.8,1,0,48.05542208773109,77.8,3.1,0,1,0,12,24,5.2,33.2,1,0.8,33,0.044,0,0,0,1,12.0,LOW,1.0,30,LOW_streamlined
54.7,6,1,252.74098791417063,27.3,30.9,36,1,83,37,48,16.1,736.0,180,3.24,8,0.456,1,0,0,1,52.3,HIGH,12.9,392,HIGH_backlog
73.6,4,0,62.25688351557588,68.8,8.6,1,1,0,9,36,9.0,177.5,30,1.28,22,0.144,0,0,0,1,23.1,LOW,1.9,58,MODERATE_standard
23.5,12,5,508.0508213736563,8.5,38.9,5,0,351,24,36,27.2,273.9,105,4.6,20,0.695,0,1,0,1,91.0,CRITICAL,18.3,556,CRITICAL_injunction
73.3,2,0,167.31318554930803,56.7,16.1,1,1,0,8,36,9.9,395.7,73,1.41,22,0.085,0,0,1,1,25.3,MODERATE,5.7,173,MODERATE_standard
87.0,1,0,54.87431901169777,90.9,4.1,0,1,0,4,18,6.3,30.0,4,0.21,34,0.057,0,0,1,1,12.0,LOW,0.4,12,LOW_streamlined
95.8,0,0,14.008866122167815,84.8,5.7,0,1,0,4,18,7.4,229.4,27,0.42,20,0.037,0,0,1,1,12.0,LOW,1.7,52,LOW_streamlined
79.5,0,0,31.72530988079201,94.0,3.1,0,1,0,12,18,8.7,222.9,20,0.55,38,0.068,0,0,1,1,12.0,LOW,1.9,58,LOW_streamlined
45.1,7,1,276.27929537932096,38.2,21.1,16,1,71,31,48,17.2,491.8,100,2.85,28,0.45,0,1,0,1,50.6,HIGH,10.7,325,HIGH_backlog
48.9,6,2,240.3848362025063,36.4,28.1,5,1,88,19,48,16.1,153.8,39,2.38,10,0.419,0,1,0,0,54.4,HIGH,14.0,426,HIGH_backlog
69.1,3,0,101.4293917388896,70.8,10.4,0,1,0,11,36,14.7,272.6,33,1.91,32,0.199,0,0,1,1,23.3,LOW,2.3,70,MODERATE_standard
21.8,18,5,492.9814827151083,23.6,39.6,9,0,277,43,36,21.6,743.9,181,5.3,21,0.712,0,0,0,0,86.7,CRITICAL,31.5,958,CRITICAL_injunction
72.5,2,1,139.52972267551377,52.9,8.1,2,1,0,18,24,15.7,258.1,46,1.62,21,0.191,0,0,0,1,29.8,MODERATE,4.7,143,MODERATE_standard
16.4,12,4,513.689445134785,6.2,45.4,6,0,316,46,48,24.3,446.3,125,3.77,5,0.789,0,1,0,0,89.0,CRITICAL,28.9,879,CRITICAL_injunction
63.6,3,0,67.77213035923896,50.4,15.0,0,1,0,16,36,14.1,118.3,19,1.68,36,0.153,0,0,1,1,25.7,MODERATE,6.2,188,MODERATE_standard
36.0,12,5,405.7476024739361,9.3,48.0,234,0,152,50,60,26.3,1420.5,433,4.27,9,0.761,1,0,0,1,86.2,CRITICAL,27.2,827,CRITICAL_injunction
41.8,8,1,260.30086036664227,44.8,30.7,36,1,0,31,36,18.5,744.2,168,3.5,23,0.283,0,0,0,1,56.8,HIGH,10.2,310,HIGH_backlog
49.8,8,2,278.66359869951634,41.1,26.1,21,1,0,24,48,17.5,403.9,93,2.54,5,0.428,0,0,0,1,50.9,HIGH,9.7,295,HIGH_backlog
52.8,7,3,313.28269365679733,45.1,29.4,3,0,88,32,48,22.3,168.7,39,3.35,4,0.433,1,0,0,0,69.2,CRITICAL,27.2,827,HIGH_backlog
67.9,4,1,151.8970993787948,65.9,8.2,4,1,0,20,24,12.0,401.1,89,1.99,32,0.161,0,0,1,0,31.6,MODERATE,4.5,137,MODERATE_standard
22.5,12,4,444.00706092190956,21.8,36.7,7,0,246,38,60,22.7,668.7,156,4.06,13,0.726,0,0,0,0,91.8,CRITICAL,19.3,587,CRITICAL_injunction
79.8,0,0,42.22965815055001,97.1,3.4,0,1,0,17,30,5.6,224.2,22,0.28,34,0.074,0,0,1,1,12.0,LOW,1.0,30,LOW_streamlined
65.4,2,1,142.82048996965233,70.0,11.4,0,1,0,20,36,13.8,373.9,49,1.94,30,0.122,0,0,0,1,27.2,MODERATE,4.8,146,MODERATE_standard
35.5,10,5,437.5546428522441,11.2,35.4,42,1,267,27,60,21.8,512.2,102,4.49,16,0.502,1,0,0,0,72.4,CRITICAL,31.9,970,CRITICAL_injunction
89.8,0,0,12.59090642339555,77.0,7.5,0,1,0,13,18,6.7,80.0,9,0.64,26,0.066,0,0,0,1,12.0,LOW,2.5,76,LOW_streamlined
78.2,2,0,37.90460201835747,89.2,2.6,0,1,0,7,18,6.7,103.0,24,0.22,42,0.013,0,0,1,0,12.0,LOW,1.1,33,LOW_streamlined
94.3,0,0,14.85549274510833,77.5,7.5,0,1,0,14,24,6.9,110.3,16,0.77,31,0.071,0,0,0,1,12.0,LOW,0.7,21,LOW_streamlined
69.8,3,0,60.09775407705058,65.1,10.9,1,1,0,20,36,10.8,376.4,64,1.94,15,0.141,0,1,0,1,27.9,MODERATE,5.5,167,MODERATE_standard
70.5,2,1,156.18755935669287,55.3,13.6,2,1,0,16,24,9.2,272.6,56,1.84,26,0.153,0,0,0,1,27.8,MODERATE,6.5,198,MODERATE_standard
87.2,0,0,16.198899718,80.1,4.5,0,1,0,17,24,7.8,67.8,5,0.43,39,0.036,0,0,0,0,12.0,LOW,1.6,49,LOW_streamlined
89.9,0,0,44.24973613237931,77.1,7.9,0,1,0,16,18,7.5,125.7,14,0.76,45,0.035,0,0,1,1,12.0,LOW,0.9,27,LOW_streamlined
30.0,10,4,384.142992652777,8.3,48.2,85,0,249,33,48,25.2,1023.0,206,4.2,4,0.658,1,0,0,0,89.3,CRITICAL,20.7,629,CRITICAL_injunction
62.1,4,1,101.19580863161382,57.5,13.8,0,1,0,12,36,13.9,164.9,23,1.69,12,0.209,0,0,0,1,29.8,MODERATE,6.3,192,MODERATE_standard
90.1,1,0,18.96133218569733,77.6,2.4,0,1,0,7,30,4.6,115.9,10,0.59,34,0.014,0,0,1,1,12.0,LOW,1.3,40,LOW_streamlined
20.9,10,4,443.38359646605636,16.1,56.2,3,0,332,28,60,26.3,422.0,79,4.48,10,0.703,0,1,0,0,93.1,CRITICAL,27.6,839,CRITICAL_injunction
13.7,18,2,525.1409506590677,6.9,44.2,12,0,329,25,36,23.1,866.7,253,3.64,4,0.646,0,1,0,0,89.7,CRITICAL,24.5,745,CRITICAL_injunction
41.1,7,2,256.10681500726776,32.0,31.7,8,0,0,30,36,23.7,581.4,136,2.84,12,0.324,1,0,0,1,61.0,HIGH,12.8,389,HIGH_backlog
55.3,7,3,254.7618701008616,45.2,33.6,6,0,119,36,48,16.8,144.5,38,3.33,11,0.34,0,1,0,1,72.5,CRITICAL,17.9,544,HIGH_backlog
58.2,2,0,90.97572986223562,62.5,12.4,1,1,0,23,24,14.0,281.5,31,1.95,27,0.159,0,0,1,1,26.9,MODERATE,4.6,140,MODERATE_standard
62.8,2,0,98.43822882837114,62.0,16.6,0,1,0,18,36,15.2,438.6,112,1.79,34,0.087,0,0,0,1,25.3,MODERATE,6.4,195,MODERATE_standard
76.7,1,0,43.80963747887208,77.8,0.0,0,1,0,13,24,6.2,240.7,32,0.23,34,0.016,0,0,1,1,12.0,LOW,1.3,40,LOW_streamlined
23.1,18,5,428.3965882372853,19.9,56.0,33,0,125,41,60,33.0,420.1,82,3.56,15,0.485,1,0,0,1,83.7,CRITICAL,22.8,693,CRITICAL_injunction
58.5,3,0,168.63654339209148,66.9,11.6,0,1,0,19,24,9.5,313.5,35,1.57,18,0.215,0,1,0,0,26.6,MODERATE,3.5,106,MODERATE_standard
85.3,1,0,19.760573177982096,93.9,7.8,0,1,0,11,24,8.1,128.6,17,0.72,47,0.019,0,0,1,1,12.0,LOW,1.8,55,LOW_streamlined
35.8,10,2,532.4132460295566,20.0,46.7,15,1,172,43,36,27.2,1076.3,314,4.3,15,0.517,0,0,0,1,69.6,CRITICAL,21.9,666,CRITICAL_injunction
62.5,3,0,179.30495878872605,57.2,12.9,0,1,0,19,24,11.5,156.2,23,1.66,36,0.169,0,0,1,1,25.2,MODERATE,6.6,201,MODERATE_standard
80.5,2,0,49.302818296761224,91.9,2.0,0,1,0,8,24,7.4,73.9,6,0.4,31,0.027,0,0,1,1,15.4,LOW,0.3,9,LOW_streamlined
95.1,0,0,24.436468037619655,80.9,7.1,0,1,0,14,30,6.2,144.6,11,0.45,39,0.028,0,0,1,0,12.0,LOW,1.1,33,LOW_streamlined
39.5,9,1,229.7803804728988,45.0,32.0,9,1,51,37,48,18.1,411.9,96,2.61,13,0.355,0,0,0,0,53.0,HIGH,14.6,444,HIGH_backlog
43.0,8,3,276.3035310896316,42.5,29.2,28,1,0,31,48,21.1,733.3,149,3.26,7,0.294,0,0,0,1,61.3,HIGH,11.5,350,HIGH_backlog
82.1,0,0,32.99798097465729,76.3,7.5,0,1,0,16,24,7.6,192.5,27,0.46,31,0.012,0,0,1,1,13.6,LOW,0.6,18,LOW_streamlined
68.0,4,0,64.3858679927303,57.6,13.3,0,1,0,20,24,13.9,284.7,30,1.23,36,0.188,0,0,1,1,25.6,MODERATE,5.1,155,MODERATE_standard
93.4,0,0,34.84275791540037,79.3,5.9,0,1,0,17,30,6.9,218.1,19,0.75,20,0.019,0,0,1,1,12.0,LOW,0.4,12,LOW_streamlined
32.0,10,3,345.3823441264628,13.4,52.7,9,1,261,39,48,27.6,770.3,190,4.97,8,0.611,0,0,0,0,73.0,CRITICAL,20.8,632,CRITICAL_injunction
93.8,2,0,27.36994981395284,78.2,2.3,0,1,0,4,24,4.7,103.3,12,0.42,30,0.016,0,0,0,1,12.0,LOW,1.7,52,LOW_streamlined
38.1,7,2,281.04542921625386,37.4,20.1,11,0,96,25,36,20.1,590.4,105,2.4,13,0.393,0,1,0,0,64.6,HIGH,15.0,456,HIGH_backlog
67.3,2,0,120.53047443934082,71.6,13.4,0,1,0,17,24,11.1,201.4,27,1.57,28,0.174,0,0,0,1,20.3,LOW,2.0,61,MODERATE_standard
73.9,3,1,126.62709484334118,52.8,8.5,0,1,0,15,24,14.1,378.5,74,1.48,7,0.171,0,1,1,1,19.8,LOW,1.9,58,MODERATE_standard
40.9,6,2,263.3155604858332,32.6,25.0,1,0,0,30,48,20.3,124.5,21,2.21,6,0.421,1,0,0,1,55.1,HIGH,8.8,268,HIGH_backlog
62.8,3,0,76.53676591205308,66.0,17.3,0,1,0,17,24,14.3,177.1,30,1.51,13,0.209,0,0,1,1,27.2,MODERATE,6.8,207,MODERATE_standard
32.1,10,3,457.76376287628796,11.7,38.7,1,0,179,30,48,31.1,225.4,38,4.26,8,0.785,0,1,0,0,86.3,CRITICAL,20.0,608,CRITICAL_injunction
67.8,2,0,178.29630402637247,50.9,15.8,2,1,0,18,36,14.6,328.1,71,1.93,15,0.16,0,0,1,1,32.3,MODERATE,4.8,146,MODERATE_standard
50.0,6,1,313.6214791183728,47.6,21.4,58,1,0,24,36,22.4,746.2,237,2.55,6,0.307,0,0,0,0,46.5,HIGH,10.0,304,HIGH_backlog
47.8,8,1,180.1963314958811,31.4,22.9,11,1,0,26,36,16.5,335.2,82,2.44,22,0.37,1,0,0,1,54.6,HIGH,9.1,277,HIGH_backlog
80.5,0,0,44.12304893224634,83.3,2.4,0,1,0,17,30,6.5,215.7,24,0.87,15,0.066,0,0,0,1,12.0,LOW,0.9,27,LOW_streamlined
24.8,18,3,496.4217987453285,19.4,51.1,76,0,176,45,48,30.8,816.6,172,3.87,4,0.651,1,0,0,0,91.9,CRITICAL,29.5,897,CRITICAL_injunction
16.4,18,2,387.7247092315516,18.4,61.4,104,1,122,28,60,24.3,578.1,146,4.26,4,0.648,1,0,0,1,75.4,CRITICAL,16.7,508,CRITICAL_injunction
69.4,3,1,162.45831262359485,70.6,13.6,1,1,0,8,36,15.7,371.0,49,1.39,11,0.192,0,1,1,0,31.7,MODERATE,5.6,170,MODERATE_standard
44.1,6,1,201.88063933745775,46.1,30.3,2,1,115,27,36,19.3,175.3,52,2.99,27,0.33,0,1,0,0,51.7,HIGH,13.3,404,HIGH_backlog
73.0,3,0,131.20251910784162,67.8,15.9,0,1,0,11,36,14.5,329.8,46,1.86,8,0.207,0,0,1,0,20.1,LOW,2.0,61,MODERATE_standard
54.1,7,2,266.2707205977766,40.8,22.4,10,1,50,22,36,19.1,263.7,59,2.8,20,0.352,1,0,0,1,51.9,HIGH,14.6,444,HIGH_backlog
16.7,14,2,528.658570062568,16.9,47.6,2,0,351,28,36,25.4,207.6,51,4.83,5,0.736,0,0,0,1,93.8,CRITICAL,25.5,775,CRITICAL_injunction
42.5,7,1,241.50884278159327,41.8,27.8,1,1,53,22,36,19.9,123.5,21,3.17,9,0.269,1,0,0,0,51.1,HIGH,8.4,255,HIGH_backlog
78.3,1,0,14.622160599527037,90.0,5.7,0,1,0,17,30,5.4,215.2,23,0.29,45,0.04,0,0,1,0,12.0,LOW,0.7,21,LOW_streamlined
44.6,9,2,281.73584194393675,45.7,20.7,13,1,0,18,36,22.4,610.2,108,2.98,21,0.445,0,0,0,1,51.5,HIGH,9.0,274,HIGH_backlog
65.9,3,0,106.61086160947528,55.3,13.5,2,1,0,14,24,12.5,404.8,54,1.26,19,0.134,0,0,1,1,25.4,MODERATE,6.8,207,MODERATE_standard
64.6,2,0,113.79494930458368,55.4,15.1,0,1,0,13,36,9.4,53.5,15,1.22,23,0.113,0,1,0,0,26.7,MODERATE,3.8,116,MODERATE_standard
79.3,0,0,13.44413671093358,88.4,5.2,0,1,0,10,18,7.8,233.5,17,0.61,42,0.028,0,0,1,1,12.0,LOW,1.6,49,LOW_streamlined
46.1,6,3,295.5033534271656,31.8,33.6,3,1,0,27,48,21.4,139.1,34,2.31,15,0.271,0,1,0,0,56.6,HIGH,8.2,249,HIGH_backlog
50.8,7,3,289.8422474843719,35.2,31.4,8,0,0,18,36,23.3,203.6,51,2.32,14,0.366,0,0,0,1,54.9,HIGH,14.1,429,HIGH_backlog
16.9,10,3,404.0807695598331,14.9,56.1,171,0,120,30,36,28.8,1448.7,315,4.71,18,0.761,1,0,0,0,89.5,CRITICAL,21.5,654,CRITICAL_injunction
49.2,6,2,200.991816045978,30.2,24.1,19,1,0,23,36,18.5,518.4,149,3.14,9,0.472,0,0,0,1,48.7,HIGH,9.8,298,HIGH_backlog
73.5,3,0,64.82003603171826,50.8,16.2,0,1,0,19,24,9.6,306.1,45,1.35,16,0.136,0,0,1,1,21.3,LOW,1.9,58,MODERATE_standard
20.8,12,3,350.04737600522765,11.1,47.6,3,0,337,33,48,24.6,310.5,78,4.9,9,0.602,0,1,0,1,94.0,CRITICAL,16.4,499,CRITICAL_injunction
48.7,8,3,304.2182650299583,44.3,28.9,3,1,0,18,36,21.0,329.9,56,3.42,5,0.389,0,1,0,1,59.5,HIGH,8.2,249,HIGH_backlog
27.0,10,5,481.22263675905276,15.7,49.8,3,0,343,49,60,28.7,296.7,78,4.52,23,0.522,0,0,0,1,88.6,CRITICAL,20.0,608,CRITICAL_injunction
73.9,2,0,71.64569058373391,63.2,17.3,0,1,0,22,36,10.0,401.6,75,1.27,18,0.163,0,0,1,1,22.3,LOW,1.1,33,MODERATE_standard
25.3,14,3,326.6624404441787,6.0,50.1,16,0,286,37,48,23.2,954.0,339,5.09,12,0.513,0,0,0,0,91.8,CRITICAL,30.0,912,CRITICAL_injunction
43.3,8,2,233.1896922184043,43.5,27.9,10,1,0,21,48,21.0,543.7,127,3.31,27,0.369,1,0,0,0,59.1,HIGH,9.4,286,HIGH_backlog
84.5,0,0,49.27413429161522,81.4,1.5,0,1,0,11,30,8.9,24.9,5,0.33,24,0.03,0,0,0,1,12.0,LOW,2.1,64,LOW_streamlined
62.1,3,0,164.42204231668813,53.3,11.7,2,1,0,17,36,15.0,391.4,88,1.85,24,0.171,0,0,0,0,29.7,MODERATE,3.4,103,MODERATE_standard
95.5,0,0,41.09837311501895,96.3,2.0,0,1,0,12,18,4.9,142.4,19,0.73,47,0.065,0,0,1,1,12.0,LOW,1.0,30,LOW_streamlined
92.7,1,0,59.84280734753449,85.9,2.1,0,1,0,4,30,8.0,127.7,12,0.22,25,0.027,0,0,1,0,12.0,LOW,0.7,21,LOW_streamlined
51.2,8,2,220.92121589892042,32.6,28.3,8,1,0,22,48,19.8,279.0,54,2.62,10,0.489,1,1,0,0,57.4,HIGH,9.3,283,HIGH_backlog
68.7,3,0,162.01635405955273,51.3,12.3,0,1,0,23,24,12.8,66.2,12,1.76,28,0.129,0,0,0,0,25.5,MODERATE,6.8,207,MODERATE_standard
73.9,5,0,171.59880291575777,67.2,14.1,0,1,0,23,36,13.4,252.0,39,1.85,24,0.154,0,0,0,0,18.2,LOW,1.5,46,MODERATE_standard
39.5,7,1,238.05292513256353,37.2,31.9,20,0,47,22,36,18.7,576.4,104,3.57,18,0.322,0,1,0,0,63.6,HIGH,10.4,316,HIGH_backlog
44.0,7,2,288.2178656399332,47.7,34.9,5,1,112,32,36,17.4,160.9,38,3.37,7,0.392,1,0,0,1,56.1,HIGH,9.8,298,HIGH_backlog
71.3,3,0,150.2971670654798,65.6,10.1,2,1,0,16,36,14.3,312.9,72,1.34,37,0.187,0,1,0,1,26.5,MODERATE,4.1,125,MODERATE_standard
48.6,9,1,218.13951245347957,42.3,27.6,8,0,0,19,48,16.2,299.1,72,2.35,15,0.358,0,1,0,0,59.6,HIGH,11.4,347,HIGH_backlog
35.9,18,3,515.6625913393218,12.4,57.0,145,1,173,32,48,23.7,1070.0,274,4.58,8,0.501,1,0,0,0,70.5,CRITICAL,30.4,924,CRITICAL_injunction
84.4,1,0,47.87958504199681,90.2,7.5,0,1,0,9,18,5.5,160.8,20,0.7,19,0.039,0,0,1,1,12.0,LOW,0.6,18,LOW_streamlined
47.9,9,1,229.26530162178867,46.7,28.2,23,0,0,29,48,18.4,701.3,117,2.52,9,0.41,0,0,0,1,55.9,HIGH,9.2,280,HIGH_backlog
73.8,3,1,173.64399746308692,66.1,16.2,0,1,0,21,24,13.2,238.4,36,1.24,11,0.162,0,0,0,1,23.8,LOW,1.7,52,MODERATE_standard
27.8,10,5,323.82626373694745,23.9,62.6,9,0,229,42,48,21.5,830.6,192,4.75,12,0.67,0,1,0,0,92.4,CRITICAL,25.9,787,CRITICAL_injunction
63.7,3,0,140.539482396912,55.2,16.0,2,1,0,10,24,14.1,370.9,57,1.88,19,0.179,0,0,0,0,29.8,MODERATE,6.0,182,MODERATE_standard
67.9,3,1,149.2282956095609,56.8,8.9,0,1,0,19,36,12.4,175.6,25,1.21,15,0.116,0,0,0,0,24.8,MODERATE,3.8,116,MODERATE_standard
32.7,12,3,458.1506362932804,13.5,63.6,90,0,328,45,48,26.8,419.5,141,4.23,23,0.531,1,0,0,1,87.6,CRITICAL,22.4,681,CRITICAL_injunction
62.0,3,1,168.56301696548442,60.2,12.3,2,1,0,13,36,13.3,445.3,63,1.14,26,0.093,0,0,1,0,30.9,MODERATE,4.8,146,MODERATE_standard
70.2,3,0,128.34752887978996,53.2,10.2,3,1,0,10,36,13.6,390.8,77,1.2,22,0.13,0,0,0,0,25.3,MODERATE,7.2,219,MODERATE_standard
40.8,8,1,302.9742732753705,43.9,31.1,14,1,0,27,48,19.9,242.6,65,2.29,6,0.349,1,0,0,0,56.2,HIGH,14.4,438,HIGH_backlog
19.0,12,2,527.9867380273665,19.7,58.4,284,0,179,40,36,29.2,1218.2,436,4.31,15,0.616,1,0,0,0,94.0,CRITICAL,17.3,526,CRITICAL_injunction
68.4,5,0,130.91338407980544,54.2,17.6,0,1,0,9,36,9.4,88.6,13,1.77,22,0.181,0,0,0,0,31.1,MODERATE,5.4,164,MODERATE_standard
93.2,1,0,52.54617877021428,97.9,3.8,0,1,0,8,24,4.5,187.5,12,0.38,16,0.042,0,0,0,1,12.0,LOW,1.5,46,LOW_streamlined
69.5,2,1,152.38884396139952,63.8,13.8,0,1,0,20,36,13.1,265.8,31,1.93,11,0.176,0,1,1,0,26.8,MODERATE,4.4,134,MODERATE_standard
71.4,2,1,149.959438015005,64.1,15.2,1,1,0,19,36,12.6,310.0,74,1.56,25,0.196,0,0,1,0,27.3,MODERATE,5.8,176,MODERATE_standard
17.6,12,5,451.98401708954515,10.4,44.8,10,0,177,29,48,33.0,634.8,208,4.76,6,0.577,0,1,0,0,94.0,CRITICAL,27.8,845,CRITICAL_injunction
15.1,14,3,438.26645623585523,8.0,42.3,121,0,315,29,60,33.7,1031.9,250,3.96,14,0.477,1,0,0,1,93.7,CRITICAL,28.1,854,CRITICAL_injunction
70.3,3,1,155.61748339035694,68.5,14.4,0,1,0,16,36,11.8,193.7,21,1.44,37,0.176,0,1,1,1,30.9,MODERATE,6.4,195,MODERATE_standard
64.0,3,0,166.01902982372974,68.4,9.6,0,1,0,13,24,9.1,127.9,25,1.16,11,0.084,0,0,1,0,19.2,LOW,0.4,12,MODERATE_standard
49.2,6,1,256.9345440064914,36.6,29.4,13,1,0,33,36,20.5,537.1,132,3.49,27,0.253,0,0,0,1,52.4,HIGH,12.1,368,HIGH_backlog
17.1,10,5,359.9049677267552,17.0,47.1,144,0,188,35,36,25.9,1037.2,324,4.6,15,0.72,1,0,0,0,92.5,CRITICAL,24.9,757,CRITICAL_injunction
61.5,4,0,140.84138754664758,63.3,10.2,0,1,0,23,24,14.6,316.2,42,1.7,31,0.201,0,0,0,1,25.5,MODERATE,7.0,213,MODERATE_standard
54.9,7,3,285.040217069881,42.8,21.9,13,0,47,18,48,22.4,589.6,145,3.14,12,0.386,0,1,0,0,54.8,HIGH,8.7,264,HIGH_backlog
79.3,1,0,45.04968103275138,91.3,0.4,0,1,0,14,24,7.2,215.6,19,0.37,29,0.061,0,0,1,1,12.0,LOW,1.2,36,LOW_streamlined
58.1,3,0,166.5605240636769,57.1,8.3,2,1,0,16,24,14.4,298.7,48,1.37,31,0.157,0,1,0,0,29.5,MODERATE,5.8,176,MODERATE_standard
31.5,12,2,372.79392092215664,6.6,56.4,17,0,244,46,60,30.5,1240.4,356,4.6,14,0.629,0,0,0,1,90.8,CRITICAL,23.1,702,CRITICAL_injunction
73.8,4,0,132.6732318687623,61.9,9.5,2,1,0,14,24,14.8,299.4,49,1.59,30,0.129,0,0,0,0,24.0,MODERATE,6.7,204,MODERATE_standard
66.7,3,1,164.5507695936206,60.7,15.3,0,1,0,18,24,14.5,138.2,23,1.73,29,0.088,0,0,0,0,30.9,MODERATE,5.9,179,MODERATE_standard
73.9,3,0,81.07150567494506,71.6,14.5,0,1,0,20,36,14.1,260.4,41,1.1,28,0.101,0,0,0,0,19.8,LOW,1.7,52,MODERATE_standard
64.7,5,1,82.74405890968112,55.8,8.0,1,1,0,19,24,9.5,103.9,25,1.42,34,0.095,0,0,1,1,28.3,MODERATE,4.2,128,MODERATE_standard
68.2,3,0,119.82715806208647,53.3,9.3,0,1,0,11,24,13.1,68.8,16,1.52,7,0.128,0,0,1,1,23.2,LOW,1.6,49,MODERATE_standard
47.1,7,2,307.29093210301426,40.0,28.8,7,0,0,29,48,21.6,341.9,84,2.46,29,0.414,0,0,0,1,55.1,HIGH,11.7,356,HIGH_backlog
83.6,0,0,55.233214605690655,82.0,0.5,0,1,0,14,18,8.9,156.0,17,0.35,27,0.078,0,0,1,1,12.0,LOW,1.9,58,LOW_streamlined
45.8,9,1,271.68999092439435,35.3,28.5,22,1,92,18,48,19.5,442.2,104,2.41,17,0.483,0,1,0,0,55.5,HIGH,8.9,271,HIGH_backlog
58.3,2,0,69.8823150770292,52.5,13.1,1,1,0,15,36,11.5,319.0,65,1.55,20,0.119,0,0,0,1,31.7,MODERATE,5.6,170,MODERATE_standard
95.0,1,0,28.82423317218789,77.1,5.4,0,1,0,12,24,8.6,232.2,17,0.4,29,0.062,0,0,1,1,12.0,LOW,0.5,15,LOW_streamlined
46.6,8,1,292.05937336051494,27.1,22.6,14,0,0,25,48,23.3,538.6,132,2.43,24,0.355,0,0,0,1,48.4,HIGH,14.3,435,HIGH_backlog
69.6,3,0,100.05675560817193,55.5,13.6,0,1,0,9,24,11.8,228.4,46,1.8,16,0.087,0,0,0,1,26.0,MODERATE,5.7,173,MODERATE_standard
24.4,18,5,324.6466539005074,21.9,62.9,134,1,222,28,60,30.3,749.4,224,4.38,21,0.701,1,0,0,0,73.9,CRITICAL,21.4,651,CRITICAL_injunction
75.6,0,0,10.466517743033457,82.2,3.3,0,1,0,16,30,7.6,83.2,13,0.54,37,0.041,0,0,1,1,12.0,LOW,2.2,67,LOW_streamlined
54.5,6,1,221.08059258444382,28.2,32.8,16,0,0,22,48,17.5,343.4,94,2.75,7,0.368,1,0,0,0,54.5,HIGH,11.2,340,HIGH_backlog
22.4,12,3,420.0521976674778,18.6,37.4,137,0,358,30,36,31.6,729.8,187,4.58,18,0.616,1,0,0,1,91.6,CRITICAL,20.2,614,CRITICAL_injunction
94.3,1,0,27.668764580856617,86.4,4.9,0,1,0,11,18,5.0,239.8,17,0.79,14,0.067,0,0,1,1,12.0,LOW,2.5,76,LOW_streamlined
94.8,0,0,50.82823480156629,86.9,4.5,0,1,0,14,30,9.0,46.9,4,0.64,25,0.025,0,0,1,1,12.0,LOW,2.1,64,LOW_streamlined
88.3,1,0,51.805666658526526,89.7,2.5,0,1,0,10,30,7.7,150.6,19,0.42,28,0.018,0,0,0,1,12.0,LOW,1.4,43,LOW_streamlined
45.7,8,1,265.90564856404364,25.1,21.5,3,1,65,25,36,20.8,118.5,32,2.51,17,0.395,1,0,0,1,53.3,HIGH,8.9,271,HIGH_backlog
28.7,18,5,295.5341110841548,13.4,48.0,57,0,224,24,60,21.8,383.7,111,5.2,3,0.461,1,0,0,1,92.0,CRITICAL,26.3,800,CRITICAL_injunction
50.0,7,3,298.1355002940487,33.8,21.2,4,0,87,23,48,22.9,128.6,22,2.99,13,0.343,0,0,0,0,60.6,HIGH,13.7,416,HIGH_backlog
53.8,6,1,222.3284523641137,25.2,20.2,2,0,107,24,36,19.1,207.0,41,3.03,17,0.369,0,0,0,1,57.9,HIGH,8.6,261,HIGH_backlog
62.0,3,0,148.47218563469082,64.1,12.6,0,1,0,10,36,14.9,145.5,20,2.0,21,0.219,0,0,0,0,29.2,MODERATE,6.0,182,MODERATE_standard
75.8,0,0,36.27290867822689,93.6,7.5,0,1,0,4,18,7.7,184.2,13,0.44,39,0.044,0,0,0,1,12.0,LOW,1.0,30,LOW_streamlined
67.7,2,0,160.48536353582722,70.9,17.2,0,1,0,11,36,12.8,155.7,23,1.83,35,0.142,0,1,0,1,26.8,MODERATE,5.0,152,MODERATE_standard
93.4,0,0,25.141107558725665,80.8,0.8,0,1,0,12,24,4.9,237.5,22,0.81,27,0.077,0,0,0,1,12.0,LOW,2.5,76,LOW_streamlined
80.9,0,0,22.92475977675696,96.0,7.4,0,1,0,8,24,4.5,197.7,22,0.31,30,0.032,0,0,0,1,12.0,LOW,1.1,33,LOW_streamlined
29.5,18,4,453.49514893537923,15.3,47.7,12,0,308,44,60,21.7,840.2,253,4.55,23,0.577,0,1,0,1,87.3,CRITICAL,24.9,757,CRITICAL_injunction
52.1,6,1,263.5406393334084,31.2,31.3,5,1,0,22,36,18.9,279.2,49,3.55,21,0.464,0,0,0,1,52.7,HIGH,8.5,258,HIGH_backlog
24.9,12,3,496.8602626967287,13.4,64.9,11,0,184,32,48,22.6,1061.4,232,5.01,11,0.77,0,1,0,0,91.8,CRITICAL,27.7,842,CRITICAL_injunction
76.8,2,0,52.017958714943546,79.1,5.5,0,1,0,5,30,5.5,60.4,5,0.82,13,0.048,0,0,1,0,13.5,LOW,2.1,64,LOW_streamlined
41.0,8,1,239.2441820910226,31.1,35.3,18,1,81,26,36,17.8,465.4,100,2.92,16,0.302,0,0,0,0,55.3,HIGH,12.0,365,HIGH_backlog
26.5,18,3,478.00179337222437,16.6,42.4,3,0,228,32,48,27.9,260.0,65,4.89,19,0.681,0,1,0,0,90.8,CRITICAL,29.1,885,CRITICAL_injunction
53.9,7,2,258.4252974633588,30.2,20.9,55,0,0,22,36,23.0,768.1,234,2.6,10,0.375,0,0,0,1,49.4,HIGH,9.1,277,HIGH_backlog
68.0,4,1,164.41703296913494,60.6,8.4,0,1,0,22,36,13.7,212.8,32,1.14,38,0.209,0,0,0,1,21.6,LOW,0.3,9,MODERATE_standard
66.9,3,0,105.33530218922866,64.5,14.9,1,1,0,22,36,11.2,269.1,52,1.93,34,0.161,0,0,1,0,29.8,MODERATE,5.7,173,MODERATE_standard
23.5,12,5,373.3505884894747,18.1,63.3,26,0,308,33,36,30.8,1431.0,522,4.84,4,0.798,0,0,0,1,91.0,CRITICAL,25.5,775,CRITICAL_injunction
30.4,10,3,408.0154757624143,18.1,43.9,6,0,307,41,36,25.1,744.1,123,4.41,15,0.668,0,1,0,0,90.3,CRITICAL,29.4,894,CRITICAL_injunction
88.6,2,0,56.108549142509254,79.8,1.1,0,1,0,10,18,7.6,179.9,19,0.43,35,0.058,0,0,0,1,12.0,LOW,1.9,58,LOW_streamlined
49.5,9,1,222.93942155932476,38.2,27.2,40,1,0,19,36,20.1,768.2,163,3.25,18,0.468,0,0,0,1,56.7,HIGH,10.0,304,HIGH_backlog
19.9,10,2,342.0207783661385,6.6,48.2,119,0,258,38,60,25.0,1132.3,261,4.02,23,0.719,1,0,0,0,94.0,CRITICAL,16.4,499,CRITICAL_injunction
58.5,3,0,100.35635188507848,66.0,11.8,0,1,0,20,24,15.1,92.7,16,1.96,25,0.123,0,0,1,1,24.3,MODERATE,5.2,158,MODERATE_standard
13.2,10,5,433.72292294340247,14.3,63.3,52,1,228,32,60,26.5,510.5,148,3.79,11,0.549,1,0,0,0,74.6,CRITICAL,16.1,489,CRITICAL_injunction
90.0,1,0,43.04679281966305,92.1,4.9,0,1,0,6,24,8.8,121.2,20,0.8,20,0.074,0,0,0,1,12.0,LOW,1.1,33,LOW_streamlined
34.0,12,3,374.96118620995776,17.5,53.1,2,0,258,51,36,32.3,302.4,57,4.53,8,0.482,0,0,0,1,90.1,CRITICAL,30.1,915,CRITICAL_injunction
71.7,3,0,130.06107808166098,57.5,13.9,0,1,0,10,24,9.5,123.2,13,1.91,14,0.195,0,0,0,0,25.0,MODERATE,3.7,112,MODERATE_standard
63.4,3,1,143.36315004649663,66.3,8.9,0,1,0,15,36,9.4,74.4,18,1.55,39,0.123,0,0,0,1,24.6,MODERATE,5.9,179,MODERATE_standard
35.8,12,2,312.185709284332,22.9,46.6,95,0,127,30,36,34.5,636.2,192,4.34,7,0.666,1,0,0,1,83.7,CRITICAL,18.8,572,CRITICAL_injunction
15.8,10,2,465.0261227772846,19.4,58.2,95,0,300,25,36,23.0,907.9,255,4.67,18,0.54,1,0,0,0,89.1,CRITICAL,21.0,638,CRITICAL_injunction
66.5,2,1,170.489002713464,62.6,9.0,0,1,0,14,36,14.1,52.5,13,1.52,14,0.184,0,0,0,0,22.6,LOW,0.8,24,MODERATE_standard
93.1,0,0,58.99675173656421,96.9,0.5,0,1,0,10,24,4.9,113.9,18,0.51,23,0.04,0,0,1,1,12.0,LOW,2.4,73,LOW_streamlined
69.8,2,0,171.86024124435656,67.1,14.6,1,1,0,13,36,9.8,352.1,65,1.18,30,0.124,0,0,1,0,25.2,MODERATE,7.0,213,MODERATE_standard
14.5,14,4,303.87148904477095,8.1,45.0,6,0,329,36,60,30.5,407.8,129,4.52,8,0.76,0,0,0,0,94.0,CRITICAL,29.7,903,CRITICAL_injunction
66.0,4,1,173.27471083821072,60.4,8.3,0,1,0,8,36,10.6,174.0,32,1.58,16,0.149,0,0,0,1,27.7,MODERATE,5.6,170,MODERATE_standard
73.0,2,1,110.89076515212787,56.0,15.6,3,1,0,11,36,13.5,373.1,79,1.36,10,0.175,0,0,1,1,28.5,MODERATE,4.1,125,MODERATE_standard
62.3,4,0,73.78141826476653,50.9,9.2,0,1,0,18,24,10.7,214.4,33,1.5,32,0.115,0,1,0,1,27.8,MODERATE,3.8,116,MODERATE_standard
78.3,0,0,59.742740278487446,87.1,5.1,0,1,0,11,18,4.1,67.6,8,0.84,42,0.039,0,0,0,0,12.0,LOW,1.6,49,LOW_streamlined
13.7,18,3,516.5934396611664,23.7,44.4,14,0,127,31,36,24.7,1003.6,290,4.95,6,0.519,0,1,0,0,90.6,CRITICAL,21.0,638,CRITICAL_injunction
41.2,6,1,214.30661935937684,45.6,22.1,12,0,0,25,48,22.5,300.3,64,3.45,13,0.323,0,1,0,0,52.5,HIGH,12.9,392,HIGH_backlog
61.1,3,1,80.89734339497359,69.5,12.2,1,1,0,9,36,9.7,324.5,46,1.32,16,0.157,0,1,1,0,33.0,MODERATE,3.0,91,MODERATE_standard
69.0,5,0,89.35464938539414,66.6,10.0,0,1,0,12,24,11.8,208.5,42,1.33,6,0.171,0,0,1,1,17.7,LOW,0.5,15,MODERATE_standard
95.1,1,0,56.45494303459585,97.2,6.1,0,1,0,14,24,7.5,24.2,6,0.84,17,0.067,0,0,0,1,12.0,LOW,0.8,24,LOW_streamlined
23.3,12,2,513.5628948996498,8.2,46.6,118,1,211,40,48,21.5,818.7,232,5.05,8,0.49,1,0,0,0,75.4,CRITICAL,30.7,933,CRITICAL_injunction
38.1,7,3,304.86368867214105,35.1,23.7,12,0,0,36,36,22.3,212.3,55,2.48,29,0.251,0,1,0,0,59.1,HIGH,12.4,377,HIGH_backlog
89.2,1,0,20.699084186358455,96.4,4.4,0,1,0,8,24,7.6,91.4,7,0.41,21,0.037,0,0,1,1,12.0,LOW,2.4,73,LOW_streamlined
27.8,18,4,424.9235897674254,10.7,35.5,60,0,236,37,48,28.5,603.4,124,4.26,15,0.562,1,0,0,1,88.8,CRITICAL,17.5,532,CRITICAL_injunction
40.9,7,2,209.40121398030735,42.3,24.1,31,0,110,31,36,21.9,500.8,148,3.01,21,0.371,0,1,0,1,63.5,HIGH,14.2,432,HIGH_backlog
74.0,3,0,173.832855677412,62.5,8.8,1,1,0,12,24,13.3,332.0,64,1.31,19,0.181,0,0,1,1,22.2,LOW,0.3,9,MODERATE_standard
49.7,7,2,228.14331136066932,36.9,30.1,33,1,0,18,48,19.5,674.5,139,2.5,19,0.471,0,0,0,0,51.0,HIGH,11.1,337,HIGH_backlog
14.5,10,3,513.6233950570256,6.6,64.6,7,0,205,34,60,31.5,611.9,143,4.85,16,0.746,0,1,0,1,94.0,CRITICAL,21.1,641,CRITICAL_injunction
92.0,1,0,52.01457653994244,88.4,5.1,0,1,0,5,24,8.3,76.6,8,0.32,19,0.011,0,0,1,1,12.0,LOW,0.7,21,LOW_streamlined
28.5,10,2,485.16115154676055,6.4,36.7,15,0,138,41,60,32.8,1382.1,305,5.49,12,0.629,0,0,0,1,82.7,CRITICAL,31.5,958,CRITICAL_injunction
33.6,10,5,361.39510571043877,6.0,62.7,15,0,172,24,60,32.9,1056.8,301,3.64,7,0.791,0,0,0,1,84.8,CRITICAL,18.1,550,CRITICAL_injunction
63.7,5,1,96.0061003300569,65.9,16.5,0,1,0,14,36,12.7,140.7,25,1.67,11,0.087,0,0,0,0,34.3,MODERATE,5.5,167,MODERATE_standard
53.8,7,2,261.28838916366624,33.1,29.3,25,1,98,37,48,16.2,472.3,113,2.33,6,0.308,0,1,0,1,55.8,HIGH,13.6,413,HIGH_backlog
66.0,2,0,132.91214839605072,69.0,15.7,0,1,0,19,36,15.0,362.3,49,1.49,7,0.16,0,0,1,0,24.4,MODERATE,4.5,137,MODERATE_standard
77.3,0,0,39.30855924078425,93.4,2.9,0,1,0,8,24,4.8,231.5,21,0.25,43,0.033,0,0,0,1,12.0,LOW,2.2,67,LOW_streamlined
91.9,0,0,36.92771253282104,90.7,3.3,0,1,0,7,24,4.6,110.6,10,0.58,20,0.042,0,0,1,1,12.0,LOW,2.1,64,LOW_streamlined
70.5,5,0,174.26475051022248,56.1,17.9,0,1,0,10,24,14.2,90.5,15,1.41,16,0.17,0,0,0,1,28.6,MODERATE,7.1,216,MODERATE_standard
65.5,4,0,115.5301297955734,60.1,12.9,1,1,0,17,36,10.4,277.7,55,1.33,28,0.096,0,0,0,1,27.3,MODERATE,3.6,109,MODERATE_standard
73.2,3,1,166.8950824484049,59.6,11.6,1,1,0,20,36,13.7,422.1,74,1.87,8,0.133,0,1,1,1,31.0,MODERATE,3.8,116,MODERATE_standard
27.6,12,3,319.714169949046,16.0,44.8,8,0,209,36,36,31.0,756.0,168,4.91,21,0.671,0,0,0,1,90.4,CRITICAL,19.1,581,CRITICAL_injunction
71.3,2,1,142.8552930549821,62.8,15.1,0,1,0,19,36,11.2,114.0,21,1.76,24,0.158,0,0,0,1,26.8,MODERATE,3.5,106,MODERATE_standard
70.8,3,0,117.89573389967515,68.9,17.8,0,1,0,17,36,14.9,351.3,59,1.87,34,0.164,0,0,1,1,22.1,LOW,0.8,24,MODERATE_standard
12.4,10,2,465.3517784291607,8.3,37.2,13,1,129,44,60,20.5,992.5,279,4.9,13,0.58,0,0,0,0,76.8,CRITICAL,24.9,757,CRITICAL_injunction
38.5,8,1,288.206944375533,28.6,23.2,6,1,65,34,48,17.5,546.2,133,3.34,14,0.393,0,1,0,1,56.8,HIGH,12.9,392,HIGH_backlog
40.7,6,1,233.19471456141486,26.1,24.4,34,1,0,19,36,18.5,780.2,229,3.24,17,0.487,1,1,0,1,59.7,HIGH,9.5,289,HIGH_backlog
53.8,6,1,261.44223459375695,26.1,34.5,10,1,77,26,48,22.7,495.1,115,2.98,24,0.343,0,0,0,0,53.4,HIGH,10.5,319,HIGH_backlog
31.4,18,5,546.663696127857,22.7,43.9,10,0,247,34,60,28.5,676.5,215,5.17,12,0.592,0,1,0,0,92.4,CRITICAL,26.5,806,CRITICAL_injunction
95.3,0,0,23.86020928284714,76.3,4.9,0,1,0,13,30,5.8,55.1,5,0.52,39,0.045,0,0,0,1,12.0,LOW,0.6,18,LOW_streamlined
45.7,8,2,274.8782123021798,28.0,24.8,10,1,0,32,36,18.3,748.3,165,3.32,8,0.402,0,1,0,1,54.8,HIGH,11.8,359,HIGH_backlog
14.1,10,4,489.5352733617939,18.1,53.1,12,0,246,30,48,22.2,996.9,250,3.55,23,0.555,0,0,0,1,94.0,CRITICAL,27.4,833,CRITICAL_injunction
68.2,4,1,131.66319721360526,69.1,13.8,0,1,0,12,36,13.9,271.5,52,1.87,34,0.181,0,0,1,1,27.8,MODERATE,4.2,128,MODERATE_standard
50.4,7,2,304.87611315719687,34.4,21.2,28,1,91,23,36,18.6,421.3,117,3.58,26,0.324,0,0,0,0,52.4,HIGH,12.8,389,HIGH_backlog
53.9,9,1,246.2371896063159,34.2,28.3,34,0,61,24,36,20.5,639.5,139,3.19,19,0.421,1,0,0,1,59.1,HIGH,13.8,420,HIGH_backlog
41.8,7,1,210.93573034209498,45.1,22.6,17,1,0,35,48,21.3,771.6,189,2.9,24,0.328,0,0,0,0,50.1,HIGH,11.7,356,HIGH_backlog
63.1,4,0,143.65452446685026,71.3,10.2,0,1,0,20,36,15.9,109.6,12,1.63,9,0.089,0,0,1,0,23.9,LOW,1.6,49,MODERATE_standard
73.1,5,1,62.26808727977009,54.8,17.3,1,1,0,17,24,10.7,307.1,38,1.47,25,0.178,0,0,1,1,32.0,MODERATE,5.9,179,MODERATE_standard
69.8,3,0,131.4821970161565,64.3,13.3,0,1,0,20,36,14.9,427.6,58,1.38,23,0.081,0,0,0,0,22.4,LOW,0.5,15,MODERATE_standard
34.7,14,2,407.4918363019597,21.9,35.1,11,0,357,29,60,29.7,770.2,226,3.75,12,0.614,0,1,0,0,79.6,CRITICAL,31.9,970,CRITICAL_injunction
83.5,0,0,17.58808069565876,84.5,0.3,0,1,0,13,30,4.9,28.8,4,0.53,24,0.041,0,0,0,1,12.0,LOW,0.4,12,LOW_streamlined
38.1,7,1,308.3340672792052,34.4,24.2,5,1,0,27,48,22.1,253.1,54,3.31,6,0.426,0,0,0,1,53.3,HIGH,8.3,252,HIGH_backlog
80.3,0,0,24.38751173028257,83.3,4.0,0,1,0,6,18,8.9,25.4,5,0.44,27,0.01,0,0,1,1,12.0,LOW,1.0,30,LOW_streamlined
16.9,10,3,283.2650275976222,5.3,55.9,22,0,230,44,60,27.8,1379.8,451,4.74,4,0.513,0,1,0,0,94.0,CRITICAL,24.6,748,CRITICAL_injunction
93.9,0,0,59.245121808751804,87.2,2.6,0,1,0,8,18,8.1,155.8,18,0.64,14,0.015,0,0,0,1,12.0,LOW,0.7,21,LOW_streamlined
51.2,7,1,269.80898914045963,32.6,35.1,12,0,0,20,36,22.0,566.4,148,3.36,27,0.386,0,0,0,1,57.0,HIGH,12.6,383,HIGH_backlog
39.6,6,1,290.2532397305296,32.3,21.8,27,1,0,22,36,23.6,765.8,165,3.07,5,0.266,0,0,0,0,53.1,HIGH,11.8,359,HIGH_backlog
38.9,7,1,261.8695084351244,29.8,35.9,15,1,83,36,36,19.2,522.2,109,3.23,4,0.385,0,0,0,1,60.4,HIGH,9.0,274,HIGH_backlog
65.5,3,0,79.13632143849894,59.8,16.0,2,1,0,22,24,14.2,390.5,68,1.1,25,0.201,0,0,0,1,26.8,MODERATE,4.5,137,MODERATE_standard
65.5,2,0,155.90159186411714,51.0,13.9,0,1,0,8,36,13.4,211.4,38,1.19,36,0.208,0,0,1,1,22.7,LOW,2.4,73,MODERATE_standard
49.4,7,2,236.93295009261908,35.7,27.3,8,1,0,32,36,23.4,251.0,53,2.23,6,0.361,1,0,0,1,58.2,HIGH,10.8,328,HIGH_backlog
62.3,2,0,151.59238027211447,58.2,14.6,1,1,0,15,36,12.3,336.8,60,1.37,34,0.203,0,0,0,1,30.6,MODERATE,3.3,100,MODERATE_standard
41.1,8,1,210.04947117947683,35.6,28.1,31,0,101,25,48,17.0,747.6,137,2.51,18,0.464,1,0,0,0,63.3,HIGH,13.8,420,HIGH_backlog
34.6,14,3,291.3250409202316,12.8,49.5,180,0,187,48,60,20.7,1140.3,263,3.54,22,0.538,1,0,0,0,87.0,CRITICAL,17.3,526,CRITICAL_injunction
45.7,9,1,311.4305063196646,39.5,34.0,11,0,112,32,48,20.4,283.9,86,3.41,18,0.4,0,1,0,1,72.7,CRITICAL,18.3,556,HIGH_backlog
79.7,1,0,23.44556755990299,90.5,0.1,0,1,0,6,30,4.5,116.8,20,0.44,22,0.042,0,0,1,1,12.0,LOW,0.8,24,LOW_streamlined
22.7,10,4,503.8346261695929,7.8,47.2,76,0,190,45,36,34.0,895.6,210,4.75,19,0.451,1,0,0,0,93.3,CRITICAL,29.9,909,CRITICAL_injunction
70.8,4,0,72.28394651435477,64.8,13.3,0,1,0,23,24,13.2,373.8,60,1.11,36,0.149,0,0,0,1,23.9,LOW,2.3,70,MODERATE_standard
77.2,0,0,38.50519212950868,89.1,1.1,0,1,0,5,24,6.9,248.6,41,0.83,34,0.079,0,0,0,1,12.0,LOW,1.8,55,LOW_streamlined
72.7,5,0,112.21080561064241,66.2,9.4,1,1,0,10,36,11.4,415.4,63,1.45,31,0.173,0,0,1,0,26.6,MODERATE,5.0,152,MODERATE_standard
49.7,9,1,298.8502319868786,26.7,25.8,13,0,0,31,36,20.8,309.3,73,3.1,22,0.456,0,0,0,1,55.0,HIGH,14.6,444,HIGH_backlog
38.8,7,1,192.4310350383673,38.3,23.5,21,1,0,18,36,22.0,687.0,128,3.29,24,0.492,1,0,0,0,49.7,HIGH,14.4,438,HIGH_backlog
29.3,10,2,538.901110905601,11.8,37.4,11,0,289,50,48,20.1,1014.0,228,4.16,11,0.661,0,1,0,0,86.0,CRITICAL,17.1,520,CRITICAL_injunction
43.5,6,1,299.4173570215662,37.0,27.5,7,1,109,35,36,22.8,746.0,136,2.48,16,0.404,1,1,0,1,57.9,HIGH,14.6,444,HIGH_backlog
93.9,1,0,54.90866520431454,88.2,2.8,0,1,0,13,24,8.4,128.2,16,0.53,44,0.041,0,0,1,0,12.0,LOW,1.9,58,LOW_streamlined
44.1,8,2,192.5142038296039,41.2,33.5,16,1,109,37,48,21.7,472.8,87,2.55,29,0.411,1,1,0,0,62.5,HIGH,13.0,395,HIGH_backlog
92.1,0,0,27.55944829265546,84.7,2.3,0,1,0,10,18,8.4,76.4,7,0.75,25,0.019,0,0,0,1,12.0,LOW,1.9,58,LOW_streamlined
16.9,18,3,304.08557187937055,19.1,59.7,8,0,208,34,48,32.6,584.6,171,4.29,12,0.594,0,1,0,1,90.6,CRITICAL,25.2,766,CRITICAL_injunction
76.8,0,0,24.399793683901216,91.2,0.1,0,1,0,11,30,6.2,23.2,1,0.25,26,0.032,0,0,1,1,12.0,LOW,0.4,12,LOW_streamlined
34.3,10,5,345.7399253063037,18.8,56.9,92,1,354,49,48,22.3,771.4,154,4.54,12,0.747,1,0,0,1,69.8,CRITICAL,19.3,587,CRITICAL_injunction
17.4,14,3,331.52233252045016,22.6,45.6,17,0,342,25,48,28.5,1099.1,359,3.83,23,0.625,0,0,0,1,90.3,CRITICAL,24.1,733,CRITICAL_injunction
26.7,14,3,421.901117696942,7.5,63.3,10,0,350,31,60,29.1,761.0,210,5.16,13,0.537,0,1,0,0,92.5,CRITICAL,24.3,739,CRITICAL_injunction
75.2,0,0,13.449019890156201,85.3,0.6,0,1,0,5,30,5.3,158.9,16,0.57,38,0.039,0,0,0,1,12.0,LOW,1.5,46,LOW_streamlined
26.6,10,2,457.1414485216369,23.9,53.2,19,0,195,50,36,25.2,1241.4,399,5.29,14,0.486,0,1,0,1,92.7,CRITICAL,18.8,572,CRITICAL_injunction
43.7,9,3,211.4736927089407,29.2,21.2,7,0,0,34,36,21.4,149.5,42,2.46,5,0.456,0,0,0,1,55.2,HIGH,8.8,268,HIGH_backlog
81.7,0,0,32.188165075468795,87.3,0.7,0,1,0,4,18,4.9,170.6,20,0.46,36,0.035,0,0,1,1,12.2,LOW,1.6,49,LOW_streamlined
40.6,7,1,245.40370353049815,37.0,30.0,15,0,0,22,48,19.2,247.4,81,3.54,8,0.323,0,1,0,1,60.6,HIGH,8.1,246,HIGH_backlog
50.2,9,3,213.08342332033084,29.4,31.9,15,0,64,37,36,19.8,439.9,72,2.34,8,0.265,0,0,0,0,62.3,HIGH,11.8,359,HIGH_backlog
91.3,1,0,32.346172592508324,82.7,4.1,0,1,0,4,30,4.0,38.6,3,0.86,21,0.068,0,0,0,1,12.0,LOW,0.4,12,LOW_streamlined
53.2,7,3,241.63913327807535,38.1,23.6,36,0,97,31,48,19.9,757.0,194,2.82,17,0.323,1,0,0,0,64.9,HIGH,11.0,334,HIGH_backlog
79.7,0,0,56.63399961844039,85.4,5.4,0,1,0,17,24,6.7,47.4,4,0.41,19,0.072,0,0,1,0,12.0,LOW,0.6,18,LOW_streamlined
27.7,12,3,471.3742841234206,18.5,47.2,5,0,130,36,36,24.9,329.0,104,4.59,3,0.696,0,1,0,0,89.4,CRITICAL,26.3,800,CRITICAL_injunction
38.8,7,2,241.75547209892645,47.8,31.8,20,1,119,37,36,16.7,742.0,147,2.79,28,0.278,1,0,0,0,57.1,HIGH,11.0,334,HIGH_backlog
82.4,0,0,10.993803112349362,83.5,8.0,0,1,0,6,30,5.9,244.1,29,0.73,30,0.056,0,0,0,1,12.0,LOW,1.7,52,LOW_streamlined
95.8,1,0,35.81158976256944,88.8,5.2,0,1,0,16,24,8.3,208.1,22,0.49,13,0.075,0,0,1,1,12.0,LOW,1.3,40,LOW_streamlined
61.4,4,0,118.38567307931498,58.1,10.9,1,1,0,10,24,12.5,332.7,43,1.65,16,0.116,0,0,0,1,29.2,MODERATE,4.3,131,MODERATE_standard
95.3,0,0,35.20501484625538,83.4,0.2,0,1,0,6,18,6.0,181.3,21,0.7,46,0.046,0,0,1,1,12.0,LOW,2.2,67,LOW_streamlined
39.1,9,2,275.1179120189512,35.2,20.9,7,1,0,22,48,19.6,700.7,154,2.73,28,0.268,0,1,0,0,59.3,HIGH,11.5,350,HIGH_backlog
78.7,1,0,52.517283073343314,81.2,3.0,0,1,0,12,24,7.2,149.5,11,0.58,36,0.012,0,0,0,1,12.0,LOW,0.2,6,LOW_streamlined
91.9,1,0,12.56434396713262,87.1,7.2,0,1,0,15,24,4.4,131.1,12,0.28,44,0.014,0,0,1,1,12.0,LOW,0.1,3,LOW_streamlined
90.4,1,0,32.90078091225523,78.4,2.7,0,1,0,9,30,4.4,243.8,23,0.75,33,0.044,0,0,0,1,12.0,LOW,1.3,40,LOW_streamlined
64.8,2,0,118.70718125880184,66.7,12.1,0,1,0,19,24,11.6,71.0,16,1.41,11,0.127,0,1,1,1,27.8,MODERATE,5.0,152,MODERATE_standard
80.9,0,0,16.04743507583524,93.0,5.9,0,1,0,7,30,8.7,55.6,7,0.79,17,0.014,0,0,1,1,12.0,LOW,0.7,21,LOW_streamlined
32.9,12,3,358.57270794095814,21.1,52.9,123,0,256,33,60,34.2,790.6,168,4.7,5,0.452,1,0,0,0,86.7,CRITICAL,28.8,876,CRITICAL_injunction
58.7,5,0,96.96248853151117,58.2,10.9,0,1,0,21,24,15.5,192.5,25,1.38,13,0.182,0,0,0,0,25.1,MODERATE,5.1,155,MODERATE_standard
59.5,2,1,170.72322161315196,58.6,8.0,1,1,0,22,24,12.4,213.5,55,1.48,24,0.112,0,1,1,1,31.2,MODERATE,5.8,176,MODERATE_standard
84.7,0,0,16.09643344731236,89.2,1.2,0,1,0,9,30,7.5,57.2,5,0.22,25,0.02,0,0,0,0,12.0,LOW,2.1,64,LOW_streamlined
12.6,12,3,420.2000451317202,23.3,56.8,14,0,120,36,48,33.3,816.2,284,5.27,13,0.493,0,0,0,0,90.4,CRITICAL,17.5,532,CRITICAL_injunction
15.0,12,4,403.0568592485714,22.2,41.1,57,1,179,44,48,28.8,654.8,153,4.44,10,0.693,1,0,0,0,73.6,CRITICAL,16.6,505,CRITICAL_injunction
94.5,1,0,56.458718628998106,94.7,5.5,0,1,0,13,18,6.6,186.2,26,0.72,45,0.04,0,0,1,1,12.0,LOW,2.4,73,LOW_streamlined
30.7,18,4,341.9504928822085,23.7,45.8,17,0,349,28,36,20.5,1055.7,343,3.95,2,0.788,0,1,0,0,88.9,CRITICAL,31.2,948,CRITICAL_injunction
42.0,6,3,223.89894417768977,31.6,31.2,14,0,0,23,48,17.1,261.1,72,3.13,10,0.322,0,0,0,1,60.7,HIGH,8.4,255,HIGH_backlog
44.5,6,1,202.86572715519975,30.6,24.6,15,0,0,25,48,19.2,602.4,107,2.78,6,0.455,0,0,0,0,52.4,HIGH,9.8,298,HIGH_backlog
81.8,1,0,57.51207877360414,89.9,1.1,0,1,0,8,24,5.7,72.2,10,0.63,26,0.049,0,0,1,1,12.0,LOW,2.2,67,LOW_streamlined
87.2,0,0,13.139902037656679,78.5,5.8,0,1,0,14,24,7.1,86.9,10,0.85,32,0.015,0,0,1,0,12.0,LOW,0.3,9,LOW_streamlined
87.0,2,0,28.050770180786106,90.6,3.6,0,1,0,6,30,7.1,149.4,11,0.81,15,0.066,0,0,1,1,12.0,LOW,2.5,76,LOW_streamlined
84.1,0,0,47.73177516098017,81.5,4.9,0,1,0,17,30,6.5,176.2,21,0.79,37,0.015,0,0,0,1,12.0,LOW,1.5,46,LOW_streamlined
91.4,1,0,14.514202139392172,76.7,3.8,0,1,0,14,24,8.2,125.1,17,0.43,34,0.062,0,0,1,1,12.0,LOW,2.1,64,LOW_streamlined
81.0,0,0,35.421729381013705,81.7,5.6,0,1,0,13,18,6.4,43.9,5,0.73,43,0.035,0,0,1,1,12.0,LOW,1.2,36,LOW_streamlined
64.5,2,0,61.568308207750775,71.5,9.8,2,1,0,13,36,11.8,436.9,105,1.38,18,0.15,0,0,1,1,27.4,MODERATE,6.8,207,MODERATE_standard
72.0,2,0,146.77634664390146,63.8,14.7,0,1,0,20,24,9.1,52.1,15,1.68,32,0.127,0,0,0,1,23.7,LOW,2.0,61,MODERATE_standard
48.4,7,1,228.0965029956934,33.6,26.9,5,0,0,29,48,18.1,100.1,22,2.7,19,0.478,1,0,0,0,56.7,HIGH,14.4,438,HIGH_backlog
83.0,1,0,40.05255181144455,83.1,2.5,0,1,0,12,30,8.9,203.8,22,0.78,29,0.027,0,0,1,1,12.0,LOW,1.8,55,LOW_streamlined
67.8,5,0,62.43934801747078,57.9,14.0,1,1,0,17,36,11.4,209.9,30,1.22,18,0.165,0,0,1,1,29.6,MODERATE,4.3,131,MODERATE_standard
75.5,0,0,18.970454209581156,81.3,6.9,0,1,0,5,30,4.2,108.8,14,0.72,16,0.012,0,0,0,1,13.0,LOW,0.0,0,LOW_streamlined
93.2,1,0,14.17993683159834,87.5,1.1,0,1,0,15,30,8.6,82.3,8,0.56,35,0.022,0,0,1,1,12.0,LOW,1.2,36,LOW_streamlined
58.2,3,0,128.59246206932158,54.3,15.8,1,1,0,20,24,9.9,383.1,57,1.51,7,0.086,0,0,1,0,30.1,MODERATE,7.3,222,MODERATE_standard
23.9,10,3,546.5701048335075,7.0,37.2,11,0,312,40,36,21.7,605.4,221,4.93,19,0.595,0,1,0,1,91.1,CRITICAL,20.2,614,CRITICAL_injunction
90.7,0,0,41.90754531035284,96.1,5.2,0,1,0,8,30,7.5,153.0,22,0.33,39,0.031,0,0,1,1,12.0,LOW,0.0,0,LOW_streamlined
33.3,14,3,517.0516706901785,18.6,49.6,257,1,133,45,36,24.6,1094.7,372,3.68,3,0.597,1,0,0,1,70.0,CRITICAL,21.8,663,CRITICAL_injunction
71.2,3,1,171.78359570212234,68.5,12.2,1,1,0,15,24,9.1,324.1,74,1.16,10,0.097,0,0,1,1,29.1,MODERATE,6.4,195,MODERATE_standard
63.8,4,0,98.93449812410458,52.7,14.7,1,1,0,11,36,10.7,348.2,78,1.15,15,0.208,0,0,0,1,27.1,MODERATE,5.3,161,MODERATE_standard
90.2,1,0,43.980581320846674,77.7,2.3,0,1,0,15,24,5.5,177.0,31,0.21,45,0.038,0,0,1,1,12.0,LOW,2.3,70,LOW_streamlined
71.7,3,1,139.87408629548446,60.6,12.9,0,1,0,15,24,13.4,126.0,28,1.43,27,0.094,0,1,1,1,26.7,MODERATE,4.2,128,MODERATE_standard
12.9,14,3,292.6016689156022,7.1,63.3,8,1,306,45,36,24.6,592.7,177,4.46,17,0.475,0,0,0,0,75.3,CRITICAL,16.7,508,CRITICAL_injunction
73.5,2,1,130.52980639111385,61.9,9.0,0,1,0,16,24,10.6,125.4,19,1.38,23,0.182,0,1,0,1,24.3,MODERATE,3.5,106,MODERATE_standard
89.1,0,0,50.77610250595519,86.5,6.1,0,1,0,13,30,7.2,181.3,31,0.42,21,0.045,0,0,0,1,12.0,LOW,2.2,67,LOW_streamlined
83.8,1,0,49.62335002715556,80.0,2.8,0,1,0,16,24,5.9,196.6,25,0.32,46,0.032,0,0,1,1,12.0,LOW,1.2,36,LOW_streamlined
14.8,18,5,482.81140940673663,16.3,45.9,41,0,154,29,48,21.1,200.8,56,4.69,13,0.746,1,0,0,1,92.1,CRITICAL,16.6,505,CRITICAL_injunction
88.9,0,0,25.594370159430902,79.2,3.6,0,1,0,15,24,4.3,68.8,9,0.54,41,0.03,0,0,1,1,12.0,LOW,1.6,49,LOW_streamlined
19.7,10,3,408.45958379564877,21.3,48.9,6,0,190,28,36,29.4,356.0,120,4.01,18,0.627,0,1,0,1,92.0,CRITICAL,26.0,790,CRITICAL_injunction
28.5,10,2,314.11008318390213,23.7,53.3,224,0,143,42,48,24.1,1186.2,324,4.47,23,0.787,1,0,0,0,88.3,CRITICAL,30.0,912,CRITICAL_injunction
72.5,5,0,165.21178889824472,50.6,10.9,1,1,0,8,36,12.2,242.8,50,1.7,14,0.15,0,0,0,1,28.7,MODERATE,7.3,222,MODERATE_standard
62.3,2,1,114.9890618595924,65.0,11.8,1,1,0,23,36,15.0,364.6,56,1.35,12,0.196,0,0,1,1,30.6,MODERATE,5.9,179,MODERATE_standard
45.2,6,3,194.83193424717538,28.1,23.5,10,0,0,21,48,21.3,388.8,94,3.4,28,0.286,1,0,0,0,59.7,HIGH,8.8,268,HIGH_backlog
79.5,1,0,56.88782644673264,93.8,5.1,0,1,0,5,24,7.3,152.1,18,0.21,25,0.018,0,0,0,1,12.0,LOW,0.9,27,LOW_streamlined
75.7,0,0,49.38888705096544,88.9,7.3,0,1,0,5,18,7.1,176.5,18,0.63,29,0.011,0,0,1,1,12.8,LOW,0.3,9,LOW_streamlined
76.8,1,0,17.557856545688345,86.2,6.6,0,1,0,17,18,4.7,109.1,20,0.82,44,0.043,0,0,0,0,12.0,LOW,0.8,24,LOW_streamlined
20.1,18,2,407.139976196503,16.3,47.4,12,0,300,30,60,21.3,695.9,250,4.53,5,0.639,0,1,0,0,93.5,CRITICAL,19.8,602,CRITICAL_injunction
30.5,12,5,414.0240257509547,10.5,54.8,368,0,247,39,48,24.2,1419.3,532,4.79,13,0.531,1,0,0,0,89.0,CRITICAL,24.4,742,CRITICAL_injunction
83.0,0,0,26.982004867364957,83.2,0.3,0,1,0,4,18,8.2,124.0,21,0.63,36,0.045,0,0,0,0,12.0,LOW,1.4,43,LOW_streamlined
64.7,3,1,74.81953249757852,52.7,14.8,1,1,0,10,36,13.5,271.3,67,1.96,38,0.103,0,0,0,0,29.6,MODERATE,3.2,97,MODERATE_standard
21.2,12,2,314.4259766763319,14.9,53.0,21,0,244,37,48,23.4,1278.7,434,3.65,6,0.723,0,1,0,0,89.1,CRITICAL,19.0,578,CRITICAL_injunction
39.2,7,1,281.39357241515927,33.1,27.6,6,0,0,26,36,17.4,653.3,125,3.07,28,0.425,0,1,0,1,60.3,HIGH,12.4,377,HIGH_backlog
83.2,0,0,27.533196963145496,91.2,6.0,0,1,0,7,18,4.1,121.2,18,0.57,22,0.011,0,0,1,1,12.0,LOW,2.3,70,LOW_streamlined
54.5,7,3,241.70642803529967,47.5,20.4,19,1,0,36,36,16.4,441.4,119,3.14,28,0.306,1,1,0,1,53.3,HIGH,10.1,307,HIGH_backlog
39.2,6,1,315.9324086219008,46.9,25.5,13,1,0,30,48,23.3,769.7,137,3.52,29,0.37,1,1,0,1,56.3,HIGH,13.4,407,HIGH_backlog
40.4,8,1,222.81813299605236,40.7,29.8,37,1,85,23,36,20.0,670.1,203,2.61,10,0.473,0,0,0,1,52.4,HIGH,14.2,432,HIGH_backlog
61.7,4,0,109.98808694781276,70.2,10.7,1,1,0,17,36,14.7,390.1,52,1.61,20,0.152,0,0,0,1,26.6,MODERATE,3.9,119,MODERATE_standard
94.5,1,0,46.477381079695085,89.8,2.7,0,1,0,16,18,7.5,53.4,7,0.59,46,0.046,0,0,0,1,12.0,LOW,2.2,67,LOW_streamlined
60.1,2,0,144.4135665205448,59.9,10.1,0,1,0,17,24,15.4,220.3,27,1.94,23,0.124,0,0,0,0,23.1,LOW,2.0,61,MODERATE_standard
21.4,10,2,335.32816032861894,10.2,39.1,9,0,358,43,36,32.7,764.7,196,3.67,20,0.638,0,0,0,0,87.4,CRITICAL,30.1,915,CRITICAL_injunction
58.2,2,1,68.42249178349347,59.3,9.2,0,1,0,20,24,11.9,169.8,14,1.45,24,0.168,0,0,1,0,22.8,LOW,0.7,21,MODERATE_standard
81.5,0,0,20.95112992311301,80.9,6.2,0,1,0,5,18,7.4,237.5,31,0.63,36,0.033,0,0,1,0,12.0,LOW,2.4,73,LOW_streamlined
72.1,2,1,158.91759397715333,56.0,12.3,0,1,0,15,36,13.3,444.2,68,1.85,33,0.21,0,1,0,1,20.6,LOW,1.4,43,MODERATE_standard
83.9,0,0,21.10263090873012,91.7,7.4,0,1,0,17,30,9.0,80.0,5,0.74,20,0.015,0,0,0,1,12.0,LOW,1.8,55,LOW_streamlined
73.5,3,1,126.41843414564639,66.7,17.6,0,1,0,12,24,9.0,228.0,39,1.55,26,0.117,0,0,1,1,22.9,LOW,0.7,21,MODERATE_standard
67.8,2,0,148.38655704026294,53.2,10.9,0,1,0,11,24,14.9,313.2,59,1.88,15,0.173,0,0,0,1,24.6,MODERATE,3.2,97,MODERATE_standard
63.4,3,1,169.16243315661166,69.8,17.7,0,1,0,17,24,10.7,325.8,70,1.62,22,0.188,0,0,1,1,27.8,MODERATE,6.2,188,MODERATE_standard
77.7,0,0,30.204129998063163,88.7,4.9,0,1,0,13,30,7.8,205.6,24,0.21,17,0.08,0,0,1,1,13.6,LOW,2.1,64,LOW_streamlined
35.2,10,3,456.12736043638336,9.7,52.5,20,1,126,42,36,33.6,1184.1,406,4.1,12,0.482,0,0,0,1,69.4,CRITICAL,22.8,693,CRITICAL_injunction
45.9,7,1,230.3089594223572,39.4,28.5,33,1,47,33,48,20.8,605.8,143,3.54,13,0.313,1,1,0,0,59.9,HIGH,12.3,374,HIGH_backlog
82.8,2,0,49.08099040909631,82.4,6.5,0,1,0,13,24,8.0,224.1,29,0.38,17,0.037,0,0,1,1,13.8,LOW,1.9,58,LOW_streamlined
67.7,4,0,116.91661923465566,67.8,15.3,0,1,0,20,24,13.8,231.7,36,1.82,25,0.152,0,0,1,0,26.7,MODERATE,4.0,122,MODERATE_standard
14.6,10,3,449.3329137027383,12.4,38.2,78,0,191,31,36,24.6,989.1,184,3.99,19,0.6,1,0,0,0,93.3,CRITICAL,22.0,669,CRITICAL_injunction
59.5,2,0,67.55056239970618,54.6,10.4,0,1,0,8,36,12.9,96.0,25,1.38,8,0.185,0,0,0,0,25.9,MODERATE,3.9,119,MODERATE_standard
82.4,0,0,59.03182845264399,86.7,4.6,0,1,0,4,24,8.8,123.6,14,0.74,13,0.04,0,0,0,1,12.0,LOW,1.4,43,LOW_streamlined
61.4,2,1,163.00803979494884,51.7,12.8,0,1,0,18,24,11.2,268.1,41,1.51,22,0.153,0,0,0,1,25.2,MODERATE,3.1,94,MODERATE_standard
39.8,8,1,225.6015056090829,27.8,31.6,15,0,0,37,36,23.1,397.5,69,2.76,29,0.255,0,1,0,0,62.9,HIGH,14.4,438,HIGH_backlog
42.3,7,3,246.07826202313882,31.8,27.6,19,0,0,24,36,22.1,552.5,127,2.88,13,0.403,1,1,0,1,66.3,HIGH,9.8,298,HIGH_backlog
38.7,7,1,204.94850477092913,28.4,25.7,29,1,0,26,48,18.4,492.2,117,3.52,28,0.462,0,0,0,1,54.1,HIGH,8.2,249,HIGH_backlog
59.7,4,0,82.59957103107178,52.2,13.4,2,1,0,10,36,10.3,412.6,59,1.14,27,0.103,0,0,1,1,29.5,MODERATE,3.0,91,MODERATE_standard
55.2,6,1,309.9420223376578,28.0,30.0,31,0,88,34,48,18.7,651.4,206,2.45,28,0.439,1,0,0,0,59.9,HIGH,10.6,322,HIGH_backlog
39.2,9,2,277.283592990073,42.8,23.4,19,1,106,35,36,21.5,794.2,149,3.48,5,0.308,0,0,0,1,56.9,HIGH,13.3,404,HIGH_backlog
46.6,7,1,229.24128202853626,34.2,33.0,30,1,114,24,36,20.4,747.0,145,2.84,25,0.42,0,1,0,0,54.8,HIGH,13.1,398,HIGH_backlog
75.6,0,0,47.62059776076937,85.4,7.1,0,1,0,15,18,5.6,54.5,5,0.38,17,0.044,0,0,1,1,12.0,LOW,1.1,33,LOW_streamlined
41.3,9,1,208.72548875592184,31.9,24.8,24,0,0,27,36,19.6,678.7,128,2.97,19,0.398,0,0,0,1,61.3,HIGH,13.7,416,HIGH_backlog
14.5,12,2,514.8492316479819,14.6,44.0,11,0,299,42,48,25.2,1071.8,226,5.03,15,0.451,0,1,0,1,92.3,CRITICAL,20.0,608,CRITICAL_injunction
84.9,0,0,51.0006499601091,89.8,3.4,0,1,0,13,30,8.7,170.5,19,0.61,22,0.064,0,0,1,1,12.0,LOW,0.2,6,LOW_streamlined
81.6,0,0,41.70599109325916,89.8,3.7,0,1,0,10,18,8.4,110.3,10,0.32,16,0.045,0,0,1,0,12.0,LOW,2.3,70,LOW_streamlined
78.9,0,0,42.14316624508775,87.1,7.0,0,1,0,15,24,6.6,175.2,25,0.22,26,0.065,0,0,0,1,12.0,LOW,0.7,21,LOW_streamlined
60.8,2,0,145.2153887835692,66.5,15.9,0,1,0,20,24,10.7,292.8,45,1.29,29,0.203,0,0,0,1,27.9,MODERATE,6.0,182,MODERATE_standard
43.5,6,2,221.45617907149907,45.3,30.8,4,0,114,19,48,16.3,101.3,19,2.86,9,0.384,1,0,0,0,64.9,HIGH,14.4,438,HIGH_backlog
39.4,7,1,251.6109453285237,34.3,33.0,7,0,117,25,36,19.4,138.3,32,3.59,11,0.252,0,1,0,0,71.9,CRITICAL,29.5,897,HIGH_backlog
63.4,2,0,71.49618199206849,66.8,8.9,2,1,0,23,36,13.3,312.2,69,1.95,30,0.11,0,0,1,0,25.1,MODERATE,4.4,134,MODERATE_standard
94.6,0,0,48.07704613147118,92.3,4.7,0,1,0,5,18,8.1,134.5,22,0.5,32,0.078,0,0,1,1,12.0,LOW,2.0,61,LOW_streamlined
50.1,9,3,181.88501687238448,27.6,33.7,4,0,43,22,36,18.4,116.1,37,2.72,13,0.44,0,0,0,1,59.1,HIGH,14.7,447,HIGH_backlog
83.4,0,0,46.62437179526996,75.6,0.7,0,1,0,14,30,5.1,145.4,9,0.84,35,0.07,0,0,0,1,12.0,LOW,2.2,67,LOW_streamlined
16.3,10,3,440.6789921031142,6.6,62.0,196,0,239,31,60,23.0,1329.3,422,4.65,10,0.747,1,0,0,0,94.0,CRITICAL,23.1,702,CRITICAL_injunction
44.7,9,1,271.4843049629371,35.2,28.1,16,0,0,37,48,17.8,553.6,103,2.54,24,0.267,0,0,0,0,55.3,HIGH,11.5,350,HIGH_backlog
66.4,2,1,94.7130315804445,55.1,11.2,0,1,0,16,24,11.7,222.6,32,1.93,25,0.094,0,0,0,0,23.0,LOW,0.6,18,MODERATE_standard
35.9,12,4,322.2139518326502,21.4,47.1,12,1,242,31,60,33.2,788.0,252,3.59,13,0.468,0,0,0,0,69.8,CRITICAL,18.2,553,CRITICAL_injunction
22.1,10,2,395.23607760884414,17.2,51.9,5,1,251,48,48,26.8,313.3,112,3.74,16,0.457,0,0,0,1,74.1,CRITICAL,27.2,827,CRITICAL_injunction
63.5,2,1,135.58826892404386,53.1,12.9,0,1,0,21,36,12.2,112.5,12,1.13,37,0.133,0,0,0,1,25.9,MODERATE,4.6,140,MODERATE_standard
94.3,1,0,59.949229757358665,87.1,0.8,0,1,0,6,18,4.7,67.5,12,0.63,29,0.028,0,0,1,0,12.0,LOW,2.0,61,LOW_streamlined
49.8,6,1,274.9538346305431,42.3,35.5,16,1,46,29,48,20.9,485.9,99,3.57,22,0.419,0,0,0,0,54.8,HIGH,13.3,404,HIGH_backlog
73.7,4,0,89.17628150548705,58.6,17.5,0,1,0,14,36,15.5,236.8,56,1.33,35,0.169,0,0,0,1,26.1,MODERATE,6.8,207,MODERATE_standard
92.5,0,0,12.868850567694247,95.1,4.9,0,1,0,15,24,7.3,175.0,22,0.74,14,0.064,0,0,1,1,12.0,LOW,0.3,9,LOW_streamlined
65.6,5,0,178.55850307269185,52.8,11.7,1,1,0,23,36,10.2,398.2,62,1.59,9,0.153,0,1,1,0,31.8,MODERATE,3.5,106,MODERATE_standard
43.3,7,1,186.22559077267596,46.9,23.2,7,1,81,32,36,22.1,305.0,67,3.37,14,0.275,1,0,0,0,53.5,HIGH,13.6,413,HIGH_backlog
77.2,1,0,44.70928390486324,84.3,1.1,0,1,0,15,30,5.8,29.5,2,0.69,14,0.03,0,0,1,1,12.0,LOW,0.5,15,LOW_streamlined
32.9,10,3,370.20523267484396,14.8,62.2,6,0,169,38,60,22.7,457.5,137,4.62,4,0.738,0,1,0,1,87.9,CRITICAL,29.8,906,CRITICAL_injunction
50.1,9,2,248.84767556630592,42.5,31.3,21,0,102,22,48,23.5,725.9,134,3.57,10,0.296,0,0,0,1,66.4,HIGH,15.0,456,HIGH_backlog
20.8,14,2,505.0041251197085,18.9,60.6,7,0,227,34,48,33.0,541.3,159,4.29,16,0.613,0,0,0,0,92.1,CRITICAL,24.9,757,CRITICAL_injunction
41.4,7,1,231.13062558203148,36.9,34.4,32,1,84,37,48,21.7,556.2,183,3.43,16,0.308,0,0,0,1,54.8,HIGH,13.9,423,HIGH_backlog
27.9,14,3,283.93844254988346,10.3,42.0,14,0,268,37,36,21.2,935.1,291,5.0,13,0.522,0,0,0,0,91.7,CRITICAL,27.9,848,CRITICAL_injunction
50.0,7,2,292.6235492660072,31.0,24.5,43,1,0,21,36,23.1,721.4,183,2.28,24,0.446,1,0,0,1,53.9,HIGH,9.4,286,HIGH_backlog
20.5,14,5,410.7987965885678,15.5,39.3,33,0,133,42,60,33.4,257.5,73,4.15,15,0.771,1,0,0,0,90.4,CRITICAL,30.7,933,CRITICAL_injunction
94.2,1,0,51.576176111109895,88.6,2.9,0,1,0,14,24,5.0,149.6,19,0.6,38,0.024,0,0,1,1,12.0,LOW,1.2,36,LOW_streamlined
39.4,8,2,235.6529082222046,39.8,26.0,5,0,0,34,36,20.0,248.9,41,2.91,10,0.39,1,1,0,1,58.5,HIGH,13.4,407,HIGH_backlog
53.5,7,1,215.0993926137996,39.6,26.4,18,1,107,36,48,23.7,342.3,74,2.61,20,0.423,0,0,0,1,44.3,HIGH,10.6,322,HIGH_backlog
18.4,18,2,327.0744509251094,9.7,50.7,14,0,303,49,60,22.3,1113.9,297,5.46,9,0.772,0,1,0,0,94.0,CRITICAL,24.2,736,CRITICAL_injunction
18.7,14,5,332.1587728649446,8.9,60.1,230,0,291,42,36,33.1,1159.5,377,4.52,7,0.769,1,0,0,0,94.0,CRITICAL,16.3,496,CRITICAL_injunction
29.6,10,3,399.37121427045224,14.8,39.0,4,1,324,40,36,25.7,466.2,94,4.9,19,0.513,0,0,0,1,71.2,CRITICAL,29.9,909,CRITICAL_injunction
79.7,0,0,13.920417111812991,75.0,2.5,0,1,0,8,18,8.6,65.1,7,0.25,46,0.044,0,0,0,1,12.0,LOW,2.0,61,LOW_streamlined
75.6,0,0,19.688571453375054,87.8,5.0,0,1,0,6,18,5.2,47.2,4,0.87,12,0.035,0,0,1,1,12.0,LOW,0.9,27,LOW_streamlined
12.4,10,4,525.4117903025247,6.4,57.7,205,1,184,50,36,29.3,1104.3,300,5.05,21,0.537,1,0,0,0,77.4,CRITICAL,20.9,635,CRITICAL_injunction
80.8,1,0,39.26776928308715,87.5,7.8,0,1,0,10,24,7.5,49.6,5,0.22,30,0.06,0,0,1,1,12.0,LOW,2.0,61,LOW_streamlined
15.2,18,4,415.20671977608384,21.9,58.7,123,0,244,45,60,22.9,854.6,206,5.39,10,0.669,1,0,0,1,94.0,CRITICAL,17.8,541,CRITICAL_injunction
94.3,1,0,27.21754627437051,96.4,0.9,0,1,0,9,30,4.0,210.7,27,0.76,46,0.079,0,0,0,1,12.0,LOW,0.8,24,LOW_streamlined
77.6,0,0,10.430090921635767,96.8,6.6,0,1,0,4,30,5.6,177.2,25,0.47,39,0.013,0,0,1,1,12.0,LOW,2.2,67,LOW_streamlined
93.0,1,0,12.726074447574128,76.0,4.5,0,1,0,9,24,8.7,159.1,14,0.35,29,0.015,0,0,1,1,12.0,LOW,0.1,3,LOW_streamlined
67.7,2,1,131.80692767270028,69.3,14.4,2,1,0,18,36,9.5,369.7,56,1.47,34,0.124,0,0,1,1,27.0,MODERATE,5.2,158,MODERATE_standard
80.6,0,0,53.70595710490489,92.7,6.9,0,1,0,6,18,4.4,67.0,11,0.66,17,0.014,0,0,0,1,13.5,LOW,1.1,33,LOW_streamlined
25.9,12,3,468.75122995527977,23.4,55.8,20,0,262,40,60,25.8,1202.7,405,4.75,16,0.655,0,1,0,1,89.8,CRITICAL,24.1,733,CRITICAL_injunction
92.2,1,0,54.62480487057704,92.6,2.3,0,1,0,5,18,7.8,191.9,23,0.6,33,0.032,0,0,1,1,12.0,LOW,2.3,70,LOW_streamlined
31.6,14,2,297.6600373770459,20.8,41.5,17,0,305,35,36,23.3,1222.4,347,5.28,4,0.666,0,1,0,0,88.1,CRITICAL,26.5,806,CRITICAL_injunction
42.3,6,1,246.66157006780483,39.9,35.3,18,0,0,37,48,18.5,577.4,111,3.49,6,0.388,0,1,0,0,57.2,HIGH,11.3,344,HIGH_backlog
45.4,9,1,182.31274562399466,41.2,31.7,22,1,0,22,36,20.4,662.7,136,3.46,21,0.284,0,0,0,1,55.2,HIGH,14.4,438,HIGH_backlog
17.6,10,2,415.16434460442673,12.5,42.2,166,0,258,37,60,26.1,1419.0,339,3.99,6,0.68,1,0,0,0,94.0,CRITICAL,27.3,830,CRITICAL_injunction
12.7,18,4,518.7191733629157,10.3,40.7,167,0,317,46,48,32.8,1027.3,299,4.3,23,0.748,1,0,0,0,91.0,CRITICAL,29.9,909,CRITICAL_injunction
64.6,2,0,127.4780639574054,50.2,13.4,0,1,0,21,24,10.4,74.2,11,1.32,17,0.18,0,1,0,1,27.8,MODERATE,3.6,109,MODERATE_standard
72.6,3,0,117.07569066751559,52.5,11.0,1,1,0,9,24,9.4,243.6,33,1.99,21,0.22,0,1,0,1,27.3,MODERATE,4.6,140,MODERATE_standard
83.9,1,0,14.926014574779657,96.4,7.4,0,1,0,13,18,4.1,248.1,14,0.3,23,0.027,0,0,1,1,12.0,LOW,2.1,64,LOW_streamlined
53.2,9,3,296.385937917147,41.9,25.0,2,1,106,22,36,19.2,155.8,48,3.22,7,0.294,1,0,0,0,53.5,HIGH,11.1,337,HIGH_backlog
67.0,2,1,107.88689927458435,68.1,15.8,1,1,0,17,36,14.7,307.2,44,1.65,6,0.173,0,0,1,0,28.2,MODERATE,5.8,176,MODERATE_standard
12.8,18,5,440.39938373381597,14.8,45.2,20,0,348,35,60,32.8,1485.0,407,4.82,13,0.617,0,0,0,0,92.9,CRITICAL,28.9,879,CRITICAL_injunction
73.4,2,1,132.22431485198092,68.7,14.5,1,1,0,14,24,11.2,236.7,56,1.22,18,0.142,0,1,1,1,25.3,MODERATE,6.6,201,MODERATE_standard
35.5,12,4,330.4538504342802,6.4,64.8,20,0,232,43,36,27.5,1290.9,415,4.05,8,0.479,0,0,0,0,90.9,CRITICAL,22.1,672,CRITICAL_injunction
87.1,0,0,12.949542585238142,89.7,4.3,0,1,0,9,24,6.5,226.7,16,0.22,18,0.037,0,0,1,1,12.0,LOW,0.9,27,LOW_streamlined
47.8,7,2,215.0835492464244,43.8,29.3,27,0,0,30,48,23.9,521.8,138,3.09,16,0.328,0,0,0,1,54.8,HIGH,13.5,410,HIGH_backlog
68.3,2,0,112.32374943490669,58.4,10.7,1,1,0,22,36,15.3,250.7,30,1.77,39,0.107,0,0,1,1,25.2,MODERATE,4.6,140,MODERATE_standard
83.8,1,0,49.7784545580725,84.6,4.1,0,1,0,8,24,5.5,132.2,18,0.56,27,0.014,0,0,0,1,12.0,LOW,0.5,15,LOW_streamlined
41.0,7,3,247.73243802708083,35.5,29.3,4,1,0,29,36,21.0,103.9,33,2.71,24,0.322,1,1,0,1,59.0,HIGH,8.6,261,HIGH_backlog
49.4,9,2,302.4288508348737,25.6,28.5,3,0,0,24,36,23.2,157.9,37,3.31,15,0.46,1,0,0,1,63.8,HIGH,12.7,386,HIGH_backlog
73.0,4,1,70.33852232749621,56.9,14.0,2,1,0,23,36,12.3,417.3,62,1.98,21,0.211,0,0,0,0,31.0,MODERATE,3.6,109,MODERATE_standard
71.0,2,0,133.73972828910485,58.8,9.4,0,1,0,17,24,13.0,70.6,9,1.15,8,0.123,0,0,0,0,18.8,LOW,0.1,3,MODERATE_standard
50.5,8,1,287.1738366603263,34.7,32.3,35,0,65,31,48,16.9,630.1,171,3.11,16,0.304,0,0,0,1,58.2,HIGH,14.5,441,HIGH_backlog
39.5,8,3,286.9147993477468,34.3,24.9,29,0,101,21,48,17.1,667.9,230,2.85,17,0.326,1,0,0,1,69.1,CRITICAL,27.4,833,HIGH_backlog
34.7,14,2,513.716854132667,5.3,64.6,8,0,315,51,36,26.4,811.7,161,4.45,7,0.551,0,1,0,0,89.8,CRITICAL,20.4,620,CRITICAL_injunction
59.5,3,0,165.84599764895458,63.2,12.0,4,1,0,16,24,14.4,362.2,92,1.68,23,0.116,0,0,1,1,29.7,MODERATE,4.3,131,MODERATE_standard
59.1,2,0,147.39920024470803,52.7,8.5,0,1,0,16,36,14.0,93.5,10,1.97,16,0.211,0,0,0,1,28.9,MODERATE,6.2,188,MODERATE_standard
52.9,9,1,258.92980144268984,27.6,32.3,11,1,0,37,36,18.5,541.5,177,3.4,23,0.381,0,1,0,0,58.2,HIGH,14.9,453,HIGH_backlog
14.6,14,3,381.59510767510005,13.1,40.7,13,0,321,32,36,32.6,1141.6,271,4.95,22,0.657,0,0,0,1,91.1,CRITICAL,24.8,754,CRITICAL_injunction
25.4,12,5,514.4552487698215,19.8,61.0,164,0,124,38,48,23.1,1423.0,334,5.08,11,0.494,1,0,0,0,84.7,CRITICAL,19.4,590,CRITICAL_injunction
93.3,2,0,42.13529655923485,87.8,3.1,0,1,0,8,30,6.5,43.2,9,0.27,41,0.055,0,0,1,1,12.0,LOW,0.1,3,LOW_streamlined
42.3,9,2,195.04001291547615,34.7,28.0,6,1,52,34,48,23.6,195.4,44,3.59,24,0.257,0,0,0,1,54.6,HIGH,10.8,328,HIGH_backlog
41.8,7,1,301.28474288085215,36.5,29.9,15,1,96,36,36,17.1,294.5,70,2.27,25,0.373,0,0,0,0,53.6,HIGH,13.8,420,HIGH_backlog
93.8,0,0,50.82232977286917,79.2,5.8,0,1,0,16,18,8.5,218.5,26,0.45,24,0.037,0,0,0,1,12.0,LOW,1.8,55,LOW_streamlined
72.4,2,0,62.028510484175655,56.1,14.3,0,1,0,20,24,9.1,223.2,37,1.37,37,0.167,0,0,0,1,21.0,LOW,1.8,55,MODERATE_standard
30.3,18,4,307.3665249410312,17.8,54.2,7,0,274,46,48,22.5,437.2,141,3.53,6,0.504,0,1,0,1,87.8,CRITICAL,19.4,590,CRITICAL_injunction
70.1,2,0,87.5294364847436,64.5,17.2,0,1,0,11,24,11.4,177.3,39,1.4,22,0.151,0,0,1,1,20.0,LOW,1.0,30,MODERATE_standard
12.5,10,5,289.211777609661,11.8,37.6,14,0,353,37,48,29.8,871.4,280,4.31,13,0.594,0,1,0,0,90.7,CRITICAL,18.4,559,CRITICAL_injunction
40.2,7,2,299.63389105056046,44.2,34.7,5,0,59,18,48,19.7,266.9,74,3.01,20,0.497,0,1,0,0,62.0,HIGH,9.1,277,HIGH_backlog
29.0,10,4,336.4563870016954,9.8,39.2,16,0,156,42,60,21.0,1210.9,331,5.16,4,0.46,0,1,0,1,90.9,CRITICAL,21.9,666,CRITICAL_injunction
25.8,12,2,288.3591139253435,22.3,63.9,106,0,287,44,60,28.4,748.2,151,4.88,13,0.652,1,0,0,1,91.3,CRITICAL,26.7,812,CRITICAL_injunction
95.7,0,0,48.652535838702946,85.1,4.9,0,1,0,7,18,5.9,105.7,11,0.41,20,0.023,0,0,1,1,12.0,LOW,1.6,49,LOW_streamlined
68.1,4,0,138.1287809071539,68.8,14.9,0,1,0,19,36,10.1,83.6,13,1.73,30,0.192,0,0,0,0,26.4,MODERATE,7.4,225,MODERATE_standard
62.8,4,0,114.29736358786501,56.6,9.3,1,1,0,14,36,13.0,441.7,86,1.9,12,0.215,0,0,1,0,29.5,MODERATE,6.8,207,MODERATE_standard
71.5,4,0,62.910470138299466,59.1,15.6,0,1,0,22,24,12.0,182.3,26,1.93,25,0.112,0,0,0,0,25.5,MODERATE,6.8,207,MODERATE_standard
65.4,2,0,80.1023735865692,52.4,16.3,0,1,0,14,24,10.8,216.6,39,1.98,28,0.2,0,0,1,0,28.4,MODERATE,3.5,106,MODERATE_standard
22.6,12,2,525.3314636664263,10.2,50.3,13,0,313,47,60,28.0,951.3,269,3.75,13,0.565,0,0,0,1,93.3,CRITICAL,27.4,833,CRITICAL_injunction
77.1,0,0,37.655626958698825,96.2,7.2,0,1,0,13,30,6.4,62.7,7,0.67,47,0.079,0,0,0,1,12.0,LOW,0.2,6,LOW_streamlined
71.9,3,1,61.11785996451295,56.1,11.4,0,1,0,23,24,16.0,296.4,56,1.9,6,0.133,0,0,0,0,23.1,LOW,1.6,49,MODERATE_standard
43.0,9,2,297.7667781682548,26.0,31.2,16,1,75,23,48,17.1,299.5,80,3.46,22,0.292,0,1,0,1,61.1,HIGH,9.9,301,HIGH_backlog
82.1,1,0,56.9863224119559,95.2,4.8,0,1,0,6,18,8.7,231.3,30,0.7,22,0.058,0,0,0,1,12.0,LOW,2.1,64,LOW_streamlined
39.5,9,1,270.28795946311004,36.5,31.0,9,1,0,26,36,20.5,284.8,69,3.16,26,0.309,0,1,0,1,58.8,HIGH,11.8,359,HIGH_backlog
46.4,9,2,318.2413563032054,29.5,21.1,14,0,0,28,36,18.2,294.1,66,3.49,13,0.287,1,0,0,1,58.8,HIGH,8.6,261,HIGH_backlog
53.7,7,2,297.83498672654383,27.8,30.7,33,1,0,31,48,22.9,698.3,165,2.88,15,0.374,0,0,0,1,54.0,HIGH,12.4,377,HIGH_backlog
73.2,3,0,81.32372436077141,56.1,17.7,0,1,0,17,24,15.3,218.6,48,1.41,8,0.102,0,1,0,1,26.2,MODERATE,4.0,122,MODERATE_standard
61.4,3,0,153.67664327770166,60.8,13.5,2,1,0,23,24,14.2,353.5,54,1.96,23,0.157,0,0,0,0,32.0,MODERATE,7.1,216,MODERATE_standard
71.5,3,0,80.73795613634297,66.9,10.5,0,1,0,17,24,15.5,153.0,40,1.3,15,0.126,0,0,1,1,18.9,LOW,1.2,36,MODERATE_standard
64.0,3,1,128.2863050666149,63.6,11.9,0,1,0,16,24,10.5,93.4,20,1.99,29,0.132,0,0,0,0,24.5,MODERATE,7.3,222,MODERATE_standard
72.8,2,0,65.80879482383855,55.3,17.1,1,1,0,10,36,10.1,283.1,49,1.44,14,0.183,0,0,0,0,26.0,MODERATE,6.2,188,MODERATE_standard
60.6,5,0,112.23989286550585,50.1,8.3,0,1,0,22,24,9.4,83.7,12,1.44,32,0.137,0,0,0,0,28.5,MODERATE,6.1,185,MODERATE_standard
20.4,12,2,529.3092844643033,7.4,50.5,20,0,333,29,36,28.2,1358.1,409,4.4,4,0.738,0,1,0,1,92.6,CRITICAL,28.8,876,CRITICAL_injunction
72.5,3,1,65.84601119844072,70.2,16.1,2,1,0,16,36,11.1,372.5,64,1.68,31,0.16,0,0,0,1,28.1,MODERATE,4.0,122,MODERATE_standard
84.1,1,0,58.449233358700674,83.7,5.0,0,1,0,8,30,8.7,45.7,3,0.58,24,0.04,0,0,1,1,12.0,LOW,0.1,3,LOW_streamlined
84.4,0,0,36.99304614837904,82.6,5.6,0,1,0,6,18,5.4,161.5,21,0.62,21,0.073,0,0,0,1,12.0,LOW,2.3,70,LOW_streamlined
49.3,8,1,249.6698562875192,32.1,28.1,9,0,0,19,48,17.1,302.7,69,2.77,17,0.263,1,0,0,1,58.4,HIGH,8.3,252,HIGH_backlog
95.5,0,0,46.77364064216962,83.0,1.0,0,1,0,5,24,7.0,166.2,14,0.57,42,0.05,0,0,1,0,12.0,LOW,1.6,49,LOW_streamlined
25.2,18,2,384.88347823459657,12.7,44.8,120,1,251,30,60,31.0,1045.4,313,5.13,13,0.749,1,0,0,0,74.6,CRITICAL,26.7,812,CRITICAL_injunction
12.5,10,4,314.75885025123233,17.5,48.5,15,0,248,24,36,24.6,976.8,306,5.0,19,0.473,0,1,0,1,94.0,CRITICAL,30.3,921,CRITICAL_injunction
45.9,8,1,254.34918937652162,25.7,26.1,30,1,103,26,48,20.4,559.3,140,3.47,7,0.447,1,1,0,0,59.4,HIGH,10.1,307,HIGH_backlog
27.7,14,2,399.74681529245214,6.9,36.0,256,1,221,27,60,21.2,1471.2,433,5.01,3,0.743,1,0,0,0,74.5,CRITICAL,22.7,690,CRITICAL_injunction
27.6,18,5,415.4697075808991,23.0,35.5,50,1,213,47,36,29.2,469.3,118,4.26,17,0.728,1,0,0,1,72.4,CRITICAL,20.0,608,CRITICAL_injunction
53.5,9,1,211.84240241507584,28.9,29.4,41,0,0,18,48,23.0,653.3,201,3.32,12,0.259,1,0,0,1,60.8,HIGH,8.8,268,HIGH_backlog
17.1,18,4,484.39558107005837,16.1,38.2,95,0,156,34,48,26.9,1188.4,216,4.66,9,0.665,1,0,0,0,92.6,CRITICAL,18.3,556,CRITICAL_injunction
67.3,2,1,119.5838536378262,63.1,13.5,3,1,0,21,24,9.3,363.2,65,1.26,33,0.128,0,0,1,0,27.7,MODERATE,6.0,182,MODERATE_standard
88.8,1,0,24.508123536534463,93.1,0.7,0,1,0,13,24,4.8,216.1,14,0.68,16,0.07,0,0,0,1,12.0,LOW,0.7,21,LOW_streamlined
53.9,7,3,283.74500475033545,41.0,22.0,42,0,0,19,48,22.7,670.6,171,2.33,15,0.499,0,0,0,0,54.1,HIGH,8.6,261,HIGH_backlog
95.3,1,0,24.81756530050429,79.4,7.2,0,1,0,7,18,4.5,239.6,36,0.81,18,0.039,0,0,0,0,12.0,LOW,1.4,43,LOW_streamlined
90.1,0,0,18.720238627260034,92.3,5.0,0,1,0,9,18,4.6,70.5,7,0.54,19,0.079,0,0,1,1,12.0,LOW,1.4,43,LOW_streamlined
62.0,3,0,129.76191397756926,54.7,16.9,0,1,0,22,36,12.5,94.1,14,1.1,17,0.082,0,1,1,0,27.5,MODERATE,5.4,164,MODERATE_standard
35.3,12,4,418.6349544201754,8.0,56.9,43,0,260,48,60,27.0,402.7,76,4.08,16,0.469,1,0,0,1,90.8,CRITICAL,30.8,936,CRITICAL_injunction
78.1,0,0,28.09084697180095,82.4,0.5,0,1,0,8,24,4.1,208.3,30,0.61,17,0.025,0,0,0,1,12.0,LOW,0.6,18,LOW_streamlined
24.7,12,3,382.3530838458779,23.0,52.3,17,0,139,51,60,31.8,1235.8,357,5.47,3,0.73,0,0,0,1,89.5,CRITICAL,19.2,584,CRITICAL_injunction
51.1,7,2,288.03301808146267,37.9,29.5,7,1,59,36,36,19.6,463.1,110,2.23,18,0.345,0,0,0,1,50.9,HIGH,10.9,331,HIGH_backlog
63.1,3,0,179.13720163107752,51.6,12.7,2,1,0,8,36,13.4,445.2,74,1.32,9,0.086,0,0,1,1,29.6,MODERATE,6.1,185,MODERATE_standard
69.7,5,1,74.37024975271329,50.5,15.1,2,1,0,17,24,12.8,346.6,70,1.38,35,0.178,0,1,0,1,37.3,MODERATE,5.1,155,MODERATE_standard
71.4,2,1,148.50518375382472,60.4,8.7,0,1,0,9,24,13.0,110.2,18,1.7,24,0.101,0,1,0,0,26.1,MODERATE,5.2,158,MODERATE_standard
64.9,4,0,163.8939342296341,56.8,13.2,0,1,0,8,36,14.1,148.5,21,1.5,37,0.178,0,0,0,0,20.6,LOW,1.3,40,MODERATE_standard
46.3,8,1,273.2457125816558,44.6,35.6,20,0,0,29,36,19.6,491.7,111,2.5,17,0.43,1,0,0,1,57.9,HIGH,13.4,407,HIGH_backlog
44.0,6,1,246.8652835450953,27.8,23.8,7,0,0,28,36,23.4,226.7,46,2.89,15,0.262,0,0,0,0,56.8,HIGH,14.2,432,HIGH_backlog
42.0,6,1,182.25325961101143,29.2,24.7,16,0,0,25,48,16.2,407.6,101,2.72,27,0.378,1,1,0,0,60.9,HIGH,11.8,359,HIGH_backlog
42.7,6,1,216.55641420502505,44.3,26.2,4,1,0,24,36,18.0,221.3,46,3.52,14,0.279,0,0,0,1,50.0,HIGH,10.0,304,HIGH_backlog
38.7,9,1,180.01310314015814,42.1,30.5,18,1,101,29,36,22.7,395.0,108,2.92,17,0.325,0,0,0,0,54.7,HIGH,13.8,420,HIGH_backlog
80.6,0,0,38.069039908517354,97.7,7.5,0,1,0,13,18,6.8,22.2,3,0.54,46,0.027,0,0,0,1,12.0,LOW,2.4,73,LOW_streamlined
61.5,3,0,72.42062777024286,61.3,16.7,0,1,0,22,36,11.4,284.4,68,1.48,22,0.183,0,0,1,1,26.8,MODERATE,4.8,146,MODERATE_standard
62.5,3,0,126.67998266142403,58.7,10.6,1,1,0,19,36,15.3,349.1,55,1.37,38,0.146,0,0,1,1,27.3,MODERATE,4.2,128,MODERATE_standard
73.0,3,0,148.394298945444,68.4,14.4,2,1,0,14,24,10.6,394.2,61,1.64,19,0.101,0,0,1,1,24.8,MODERATE,4.4,134,MODERATE_standard
93.4,0,0,21.070891054216432,76.5,7.4,0,1,0,4,18,8.6,212.8,16,0.74,36,0.064,0,0,0,1,12.0,LOW,1.5,46,LOW_streamlined
16.0,18,2,441.4356293443278,6.3,54.0,8,0,134,29,60,25.7,624.2,163,4.16,9,0.66,0,0,0,1,87.6,CRITICAL,16.4,499,CRITICAL_injunction
53.2,6,2,230.48426790110918,42.8,24.9,7,1,44,26,36,23.6,171.6,41,3.3,13,0.498,0,0,0,1,51.2,HIGH,15.0,456,HIGH_backlog
23.8,14,3,359.5410597026899,12.2,56.0,9,0,136,26,48,26.9,1001.5,190,4.42,2,0.63,0,0,0,0,87.5,CRITICAL,23.2,705,CRITICAL_injunction
81.1,0,0,14.802646637010366,94.7,4.7,0,1,0,4,18,5.4,183.1,20,0.44,42,0.077,0,0,1,1,12.0,LOW,0.7,21,LOW_streamlined
32.3,14,5,348.9001587297272,15.3,41.5,9,0,238,48,60,27.9,930.2,180,4.9,9,0.553,0,1,0,0,86.3,CRITICAL,22.4,681,CRITICAL_injunction
42.3,9,3,223.32113726206026,31.7,20.9,1,1,0,19,48,19.2,162.8,29,3.36,26,0.261,0,1,0,1,59.1,HIGH,11.2,340,HIGH_backlog
66.9,3,0,149.65569486055952,67.5,9.0,0,1,0,16,36,15.9,65.6,7,1.5,9,0.094,0,0,0,1,20.5,LOW,1.9,58,MODERATE_standard
48.3,8,3,266.01993802108973,34.3,21.9,5,1,0,35,36,19.4,148.7,26,2.99,4,0.317,0,1,0,0,57.9,HIGH,14.6,444,HIGH_backlog
55.9,6,1,182.7034959774744,31.4,30.3,24,1,80,31,36,22.9,652.9,135,2.89,16,0.327,0,0,0,0,50.9,HIGH,14.3,435,HIGH_backlog
65.4,2,0,157.7118625242378,65.8,16.9,0,1,0,21,24,12.0,432.3,60,1.32,20,0.103,0,0,0,0,22.5,LOW,1.4,43,MODERATE_standard
92.2,0,0,43.65655399895494,98.0,4.8,0,1,0,12,24,4.4,245.0,23,0.77,34,0.049,0,0,1,1,12.0,LOW,1.4,43,LOW_streamlined
60.4,2,0,96.83492190090043,64.6,15.2,0,1,0,10,36,10.3,275.7,47,1.39,14,0.092,0,0,0,1,27.2,MODERATE,5.8,176,MODERATE_standard
91.0,1,0,40.405961750153445,83.5,3.2,0,1,0,16,30,7.0,119.4,11,0.29,34,0.073,0,0,0,1,12.0,LOW,0.8,24,LOW_streamlined
53.5,7,1,201.89706763493894,27.7,35.7,36,1,0,34,36,23.1,602.3,168,2.38,20,0.406,0,0,0,1,50.1,HIGH,12.0,365,HIGH_backlog
50.1,8,1,313.45441305404233,38.7,22.7,3,1,0,31,36,23.1,216.9,35,2.74,15,0.417,0,1,0,0,51.8,HIGH,8.2,249,HIGH_backlog
79.5,0,0,20.648279404579103,85.6,7.1,0,1,0,12,30,6.7,63.3,6,0.44,42,0.045,0,0,1,0,12.0,LOW,2.2,67,LOW_streamlined
13.0,12,5,457.1928864262979,6.5,48.4,21,0,358,42,36,22.6,1358.6,437,4.29,19,0.525,0,1,0,1,93.7,CRITICAL,22.8,693,CRITICAL_injunction
18.7,10,3,367.4770398602218,21.6,37.8,14,0,168,44,36,26.5,1087.1,282,4.36,10,0.771,0,1,0,1,90.1,CRITICAL,31.2,948,CRITICAL_injunction
32.8,14,2,335.0344930690225,17.6,56.8,7,1,154,40,60,33.7,629.8,154,3.94,16,0.692,0,0,0,0,73.3,CRITICAL,24.9,757,CRITICAL_injunction
63.9,4,0,167.51298175767653,66.9,10.4,0,1,0,22,36,15.8,348.5,40,1.52,13,0.152,0,0,1,0,25.9,MODERATE,6.1,185,MODERATE_standard
59.5,3,1,124.20698058195026,53.3,13.2,0,1,0,10,36,15.3,342.3,54,1.24,22,0.103,0,0,0,0,24.4,MODERATE,7.2,219,MODERATE_standard
54.1,9,1,247.14336857978122,32.2,26.1,23,1,0,31,48,19.2,410.4,106,3.21,13,0.327,0,0,0,0,53.9,HIGH,12.9,392,HIGH_backlog
91.8,0,0,11.747449019523511,79.2,2.9,0,1,0,6,30,4.5,204.9,21,0.61,43,0.041,0,0,1,1,12.0,LOW,2.0,61,LOW_streamlined
22.3,10,4,339.9939830152844,9.8,44.2,142,0,236,40,48,21.1,957.5,340,3.83,21,0.661,1,0,0,1,93.3,CRITICAL,21.3,648,CRITICAL_injunction
18.7,12,2,337.1366014408326,19.4,63.2,249,1,146,32,60,27.3,1342.9,349,3.58,2,0.666,1,0,0,1,74.1,CRITICAL,29.5,897,CRITICAL_injunction
83.2,0,0,46.88611313357251,79.3,5.5,0,1,0,8,24,7.3,57.8,5,0.7,44,0.078,0,0,0,1,12.0,LOW,1.6,49,LOW_streamlined
92.6,2,0,50.50000171868238,94.1,6.3,0,1,0,11,30,5.4,54.9,7,0.77,25,0.046,0,0,1,1,12.0,LOW,0.8,24,LOW_streamlined
75.6,0,0,49.89685150454519,82.7,2.8,0,1,0,15,30,6.6,103.5,11,0.79,33,0.051,0,0,1,1,12.0,LOW,0.8,24,LOW_streamlined
79.3,1,0,49.19401089939409,90.0,4.5,0,1,0,14,24,7.6,63.5,9,0.35,31,0.03,0,0,1,1,12.0,LOW,1.9,58,LOW_streamlined
93.0,0,0,28.717916493427182,83.1,1.5,0,1,0,15,18,6.2,167.1,22,0.56,13,0.014,0,0,1,1,12.0,LOW,1.0,30,LOW_streamlined
66.6,2,1,103.51550100444172,65.2,8.6,1,1,0,17,36,14.4,224.5,39,1.95,35,0.148,0,0,0,1,26.8,MODERATE,7.5,228,MODERATE_standard
20.8,10,4,527.0271152883909,8.2,59.1,66,1,137,43,60,34.0,408.8,102,3.73,7,0.775,1,0,0,0,74.7,CRITICAL,25.1,763,CRITICAL_injunction
18.5,18,5,431.6912523232943,17.7,55.8,200,0,247,36,48,25.4,1060.4,342,4.05,14,0.68,1,0,0,0,92.1,CRITICAL,31.3,952,CRITICAL_injunction
61.3,2,0,98.35696568850774,55.2,9.8,0,1,0,9,24,12.9,182.4,20,1.41,33,0.213,0,0,1,1,22.1,LOW,1.6,49,MODERATE_standard
53.0,7,3,315.0160982436816,37.0,22.6,15,1,55,37,48,18.6,505.8,146,2.69,11,0.463,0,0,0,1,49.3,HIGH,13.7,416,HIGH_backlog
70.2,3,0,97.17162340704974,51.3,17.6,0,1,0,20,36,11.2,84.9,10,1.26,33,0.207,0,1,1,1,25.8,MODERATE,5.3,161,MODERATE_standard
77.2,1,0,21.636955633093205,78.8,3.9,0,1,0,17,18,7.9,196.4,12,0.65,32,0.068,0,0,1,1,12.0,LOW,0.7,21,LOW_streamlined
17.1,10,2,366.40846153648215,8.2,48.6,9,1,314,39,60,23.3,898.9,194,4.33,2,0.487,0,0,0,0,76.5,CRITICAL,22.6,687,CRITICAL_injunction
62.4,4,0,60.97855133513156,70.4,12.8,1,1,0,20,36,14.5,155.6,32,1.6,30,0.102,0,0,0,0,29.1,MODERATE,6.5,198,MODERATE_standard
30.5,12,5,298.5905974132312,20.4,61.7,56,0,222,29,48,26.8,275.9,78,3.76,2,0.561,1,0,0,1,85.7,CRITICAL,18.2,553,CRITICAL_injunction
61.8,3,0,91.94452445206598,65.3,16.4,2,1,0,10,36,14.1,350.1,72,1.56,20,0.124,0,0,1,1,29.1,MODERATE,7.3,222,MODERATE_standard
55.9,8,2,261.5063514183723,29.4,20.4,7,0,0,27,48,19.3,135.3,37,3.47,17,0.338,0,0,0,0,52.2,HIGH,10.1,307,HIGH_backlog
93.3,1,0,22.178062461191885,85.1,4.4,0,1,0,9,18,8.3,215.9,24,0.58,44,0.024,0,0,0,0,12.0,LOW,1.7,52,LOW_streamlined
40.3,7,1,290.0915437082172,39.4,33.2,6,0,0,33,36,19.1,117.5,31,2.54,23,0.41,0,0,0,1,58.1,HIGH,8.4,255,HIGH_backlog
80.7,0,0,19.44268978612135,86.4,5.2,0,1,0,16,24,8.8,42.1,6,0.59,33,0.065,0,0,1,1,12.0,LOW,1.8,55,LOW_streamlined
28.9,12,3,331.07051089586525,17.0,50.9,4,1,205,35,36,27.0,286.5,87,5.31,11,0.602,0,0,0,0,75.3,CRITICAL,22.8,693,CRITICAL_injunction
41.6,8,3,262.1172529894957,44.4,22.0,3,1,0,28,36,22.8,187.8,53,2.84,18,0.328,0,0,0,0,52.8,HIGH,13.5,410,HIGH_backlog
94.5,1,0,27.393132475902956,81.2,6.2,0,1,0,7,18,5.6,144.2,14,0.8,43,0.038,0,0,1,1,12.0,LOW,0.8,24,LOW_streamlined
82.5,0,0,16.646436832481186,93.8,5.2,0,1,0,7,24,6.2,232.1,29,0.29,15,0.051,0,0,0,0,12.0,LOW,2.1,64,LOW_streamlined
84.7,0,0,42.451165424042195,88.4,7.4,0,1,0,5,30,6.3,79.7,13,0.85,17,0.06,0,0,0,1,12.0,LOW,2.2,67,LOW_streamlined
59.4,2,0,98.14895890426648,63.0,17.3,0,1,0,16,36,12.5,268.2,48,1.41,35,0.219,0,0,1,1,25.4,MODERATE,3.1,94,MODERATE_standard
12.8,14,3,284.23231168849236,17.4,56.9,154,0,319,49,48,21.3,962.3,321,4.38,5,0.664,1,0,0,0,92.3,CRITICAL,18.2,553,CRITICAL_injunction
84.1,0,0,49.5493859624298,90.9,2.0,0,1,0,6,24,6.3,246.7,43,0.2,19,0.08,0,0,0,1,12.0,LOW,1.6,49,LOW_streamlined
39.7,7,3,294.4471261866974,45.7,22.4,5,0,0,19,48,18.2,400.3,64,2.98,14,0.377,0,0,0,1,58.9,HIGH,9.1,277,HIGH_backlog
23.4,10,5,451.16416168361684,9.4,53.5,18,0,134,36,60,34.4,1355.0,377,4.89,5,0.789,0,1,0,1,90.7,CRITICAL,31.8,967,CRITICAL_injunction
72.0,3,0,98.18413991316794,61.7,12.2,1,1,0,14,36,10.6,184.0,37,1.17,7,0.123,0,0,0,0,23.2,LOW,2.3,70,MODERATE_standard
67.9,4,0,147.16390334390917,52.5,12.3,1,1,0,22,24,12.7,418.8,80,1.45,26,0.188,0,0,1,0,26.9,MODERATE,4.2,128,MODERATE_standard
69.3,4,0,89.36298655561691,53.4,10.8,0,1,0,20,24,13.5,139.6,26,1.81,25,0.204,0,0,1,1,25.8,MODERATE,6.7,204,MODERATE_standard
75.4,0,0,15.707795199434162,83.9,1.8,0,1,0,9,18,8.1,115.2,10,0.23,36,0.067,0,0,1,1,12.0,LOW,0.5,15,LOW_streamlined
13.4,18,2,369.31383182337413,15.5,36.8,8,1,206,50,60,20.7,807.5,173,4.28,14,0.791,0,0,0,0,71.3,CRITICAL,17.4,529,CRITICAL_injunction
76.3,2,0,53.14459113644695,75.3,6.9,0,1,0,9,30,7.8,157.8,23,0.89,13,0.055,0,0,1,1,15.5,LOW,0.3,9,LOW_streamlined
78.5,1,0,19.14068544380696,78.0,7.1,0,1,0,4,30,6.5,26.4,9,0.34,23,0.019,0,0,1,1,12.0,LOW,0.1,3,LOW_streamlined
48.8,6,3,288.0531266477725,27.9,26.7,7,1,0,34,36,17.4,174.6,43,3.52,19,0.46,0,1,0,1,55.4,HIGH,13.8,420,HIGH_backlog
45.1,9,3,212.70396125895172,40.0,35.2,26,1,104,35,48,19.2,473.4,117,2.49,23,0.398,0,0,0,0,56.4,HIGH,12.2,371,HIGH_backlog
78.7,0,0,30.08067190832325,97.9,2.3,0,1,0,10,30,8.4,146.6,15,0.54,23,0.021,0,0,0,1,12.0,LOW,1.5,46,LOW_streamlined
28.6,18,2,487.8244783295413,6.4,47.9,10,1,187,42,48,28.4,874.0,203,4.33,23,0.747,0,0,0,0,70.2,CRITICAL,24.3,739,CRITICAL_injunction
73.1,3,0,98.43963854219203,69.1,8.4,0,1,0,16,36,13.5,109.4,18,1.68,12,0.175,0,0,1,1,20.6,LOW,1.7,52,MODERATE_standard
30.5,18,2,374.67877497749,13.9,37.5,79,0,335,25,60,25.0,951.1,197,5.11,17,0.557,1,0,0,1,93.1,CRITICAL,25.0,760,CRITICAL_injunction
38.8,9,3,219.4656995521955,41.2,23.2,10,1,0,36,36,16.7,617.8,161,2.54,20,0.374,0,0,0,1,52.2,HIGH,14.5,441,HIGH_backlog
19.4,14,3,427.7322693669913,9.0,48.5,10,1,269,39,36,23.0,978.0,200,4.27,11,0.607,0,0,0,1,74.6,CRITICAL,25.8,784,CRITICAL_injunction
77.2,2,0,42.499985126184775,86.0,0.7,0,1,0,12,18,7.3,138.9,19,0.31,28,0.038,0,0,1,1,13.1,LOW,0.3,9,LOW_streamlined
94.6,0,0,44.543747178565766,80.5,7.5,0,1,0,15,18,6.8,241.3,24,0.43,36,0.014,0,0,1,1,12.0,LOW,1.8,55,LOW_streamlined
73.4,3,0,164.81192077042505,54.6,10.8,0,1,0,21,24,15.5,121.4,11,1.67,31,0.174,0,0,1,1,20.9,LOW,1.6,49,MODERATE_standard
23.4,10,2,318.8559788149706,21.9,42.7,5,0,159,43,36,28.1,480.1,119,4.75,11,0.521,0,1,0,1,94.0,CRITICAL,20.9,635,CRITICAL_injunction
45.7,8,1,233.31414994472954,42.4,21.8,29,1,87,28,48,16.7,724.8,187,2.73,27,0.363,1,1,0,1,54.4,HIGH,12.5,380,HIGH_backlog
38.1,6,1,233.19772435470657,28.8,34.1,16,0,0,27,36,16.4,365.7,76,3.09,21,0.454,0,0,0,1,59.3,HIGH,8.8,268,HIGH_backlog
16.7,12,2,311.27964106913305,19.1,64.3,34,0,346,31,48,20.5,279.5,75,5.32,10,0.525,1,0,0,1,94.0,CRITICAL,28.3,860,CRITICAL_injunction
92.0,0,0,48.18430048782284,78.8,5.2,0,1,0,5,18,5.4,240.0,28,0.84,44,0.049,0,0,1,1,12.0,LOW,0.9,27,LOW_streamlined
78.5,0,0,40.962957346822805,81.8,4.5,0,1,0,13,30,7.2,248.1,20,0.89,36,0.046,0,0,1,0,12.0,LOW,2.1,64,LOW_streamlined
80.6,1,0,30.37821561190652,94.5,0.9,0,1,0,14,24,6.2,190.4,31,0.34,12,0.034,0,0,0,1,12.0,LOW,0.3,9,LOW_streamlined
55.4,7,2,199.86230934805002,26.1,31.1,2,1,0,26,48,20.2,110.2,22,3.09,6,0.416,1,1,0,0,58.1,HIGH,14.6,444,HIGH_backlog
58.4,5,0,166.8930540939713,54.6,10.4,1,1,0,18,36,9.9,235.1,42,1.69,16,0.124,0,0,1,0,31.3,MODERATE,5.7,173,MODERATE_standard
42.7,6,1,198.28680133667012,39.1,25.0,14,1,0,27,36,22.2,617.8,182,2.83,16,0.411,0,0,0,0,48.2,HIGH,8.0,243,HIGH_backlog
84.8,0,0,34.19749817629264,95.2,2.5,0,1,0,10,18,6.3,41.1,5,0.86,38,0.02,0,0,1,1,12.0,LOW,1.0,30,LOW_streamlined
75.7,0,0,24.24636153782354,95.0,6.2,0,1,0,7,30,7.9,147.7,12,0.21,45,0.071,0,0,0,1,12.0,LOW,0.7,21,LOW_streamlined
72.6,2,0,141.53851944608215,66.1,11.3,1,1,0,9,36,14.9,265.6,31,1.28,20,0.167,0,0,0,0,21.3,LOW,1.4,43,MODERATE_standard
35.3,10,2,435.9490030197363,11.7,45.6,249,0,166,27,60,32.1,1449.8,453,3.62,20,0.546,1,0,0,0,86.3,CRITICAL,22.1,672,CRITICAL_injunction
31.4,10,4,508.2071823221794,14.1,46.9,9,0,255,51,60,30.1,526.5,184,4.39,15,0.572,0,0,0,0,89.6,CRITICAL,26.1,793,CRITICAL_injunction
69.3,5,0,93.90660124363464,52.4,8.1,0,1,0,22,36,12.8,298.0,37,1.27,13,0.129,0,1,1,1,26.7,MODERATE,6.6,201,MODERATE_standard
32.2,18,5,517.6369363942766,11.6,46.1,51,0,348,37,36,32.3,453.7,96,4.33,15,0.493,1,0,0,0,88.0,CRITICAL,18.0,547,CRITICAL_injunction
80.8,1,0,17.997578946914725,89.4,6.5,0,1,0,12,30,5.9,240.7,18,0.28,19,0.038,0,0,0,0,12.0,LOW,1.4,43,LOW_streamlined
20.1,12,4,345.15013036696456,23.5,62.9,266,0,310,29,60,27.5,1407.6,396,5.2,15,0.67,1,0,0,1,91.6,CRITICAL,31.6,961,CRITICAL_injunction
24.9,12,2,344.56334408203935,6.0,55.7,157,0,156,38,48,24.9,1177.7,388,4.78,16,0.467,1,0,0,1,90.9,CRITICAL,26.5,806,CRITICAL_injunction
18.6,10,4,367.2282699139185,12.0,52.3,17,0,204,33,36,29.0,1442.0,341,3.74,19,0.788,0,1,0,0,88.0,CRITICAL,31.3,952,CRITICAL_injunction
50.4,9,2,233.26627784829668,41.8,33.6,7,0,0,34,48,20.0,260.7,89,3.28,8,0.35,1,1,0,1,65.9,HIGH,10.3,313,HIGH_backlog
39.9,8,2,186.93677999360736,42.9,26.4,15,0,0,20,36,23.2,493.9,104,3.23,15,0.388,1,1,0,1,67.0,HIGH,9.5,289,HIGH_backlog
22.8,10,4,532.5227503974322,9.0,61.1,10,1,312,33,48,29.7,1087.4,211,3.96,18,0.705,0,0,0,1,72.0,CRITICAL,24.0,730,CRITICAL_injunction
32.9,12,2,311.2068549622922,9.6,63.1,76,0,284,35,60,24.4,593.7,147,3.65,18,0.613,1,0,0,0,90.2,CRITICAL,30.3,921,CRITICAL_injunction
66.9,4,0,75.32957041843149,54.9,17.1,0,1,0,17,36,11.6,346.9,29,1.49,8,0.158,0,0,0,1,22.9,LOW,1.1,33,MODERATE_standard
29.2,14,4,346.9464378582472,14.0,41.1,198,1,189,36,48,33.8,1072.2,359,3.76,22,0.798,1,0,0,0,69.7,CRITICAL,29.2,888,CRITICAL_injunction
42.1,9,1,186.14149856844438,34.0,23.4,29,1,73,36,36,22.2,729.8,182,3.05,18,0.331,1,1,0,0,58.5,HIGH,12.3,374,HIGH_backlog
15.8,12,5,410.9320198090787,13.8,61.7,14,0,277,24,36,23.3,1126.5,286,3.66,9,0.73,0,1,0,0,92.9,CRITICAL,20.2,614,CRITICAL_injunction
86.6,0,0,35.62180585416725,77.4,2.2,0,1,0,13,30,6.5,70.9,9,0.5,23,0.035,0,0,0,1,12.0,LOW,1.4,43,LOW_streamlined
88.3,1,0,13.662113988392829,97.0,3.3,0,1,0,5,24,4.4,206.3,32,0.49,12,0.017,0,0,0,0,12.0,LOW,2.1,64,LOW_streamlined
16.1,14,4,473.54344384765136,8.4,36.1,115,0,352,50,48,26.7,944.4,230,5.46,22,0.593,1,0,0,1,94.0,CRITICAL,17.4,529,CRITICAL_injunction
87.8,1,0,21.018799301044464,92.5,4.6,0,1,0,6,30,7.9,152.8,20,0.46,34,0.07,0,0,1,1,12.0,LOW,2.0,61,LOW_streamlined
60.7,4,1,158.1503717224539,68.7,8.6,0,1,0,8,24,10.5,54.7,17,1.54,36,0.186,0,0,0,1,31.2,MODERATE,5.1,155,MODERATE_standard
67.8,2,1,65.80185978146159,60.6,10.6,0,1,0,12,24,10.6,410.8,59,1.4,27,0.181,0,1,1,1,26.6,MODERATE,6.0,182,MODERATE_standard
24.8,10,2,534.5509176631939,10.6,55.4,14,0,346,44,48,23.2,1015.6,298,3.79,2,0.531,0,1,0,1,91.7,CRITICAL,19.9,605,CRITICAL_injunction
40.7,7,3,210.23431733311702,41.1,35.0,16,0,84,21,36,22.4,558.6,159,3.1,27,0.457,0,0,0,1,65.8,HIGH,8.2,249,HIGH_backlog
40.3,6,2,228.19919887343187,47.9,27.6,14,1,87,35,36,22.1,350.2,93,3.14,17,0.448,0,1,0,0,53.3,HIGH,14.8,450,HIGH_backlog
79.7,0,0,47.13843149614773,87.0,0.7,0,1,0,5,18,5.7,235.8,34,0.67,43,0.016,0,0,1,0,12.0,LOW,0.8,24,LOW_streamlined
91.2,1,0,19.042405336141748,88.4,2.3,0,1,0,16,18,4.8,98.6,14,0.31,18,0.017,0,0,0,1,12.0,LOW,2.0,61,LOW_streamlined
19.7,18,4,407.6515924678145,5.4,43.3,6,0,346,44,60,24.4,430.1,120,4.85,8,0.56,0,1,0,0,91.7,CRITICAL,17.3,526,CRITICAL_injunction
76.1,0,0,20.186434740675676,93.2,5.3,0,1,0,16,18,8.6,200.5,27,0.21,31,0.036,0,0,0,1,12.0,LOW,1.3,40,LOW_streamlined
66.3,5,0,154.32609111299763,64.3,11.5,0,1,0,16,24,10.7,102.7,18,1.79,28,0.17,0,1,1,0,27.4,MODERATE,3.4,103,MODERATE_standard
86.4,1,0,41.235451363115445,75.6,7.4,0,1,0,6,30,8.6,143.6,22,0.65,34,0.064,0,0,1,1,12.0,LOW,1.5,46,LOW_streamlined
70.8,2,0,86.01449371628877,53.3,16.1,1,1,0,10,24,15.8,119.5,25,1.43,31,0.193,0,0,1,1,24.8,MODERATE,4.8,146,MODERATE_standard
48.1,7,2,308.6619084225149,26.2,25.6,4,0,49,18,48,17.7,147.7,34,3.56,27,0.309,0,0,0,0,60.6,HIGH,10.5,319,HIGH_backlog
70.6,3,1,118.07537311009499,55.6,13.1,0,1,0,11,36,14.0,124.3,19,1.53,18,0.191,0,0,0,0,24.3,MODERATE,5.3,161,MODERATE_standard
69.0,3,1,95.72106056691892,53.2,13.1,1,1,0,14,24,13.5,281.6,39,1.28,10,0.13,0,0,0,1,27.9,MODERATE,6.4,195,MODERATE_standard
65.4,2,0,97.2435446007834,66.7,17.3,1,1,0,13,36,12.6,328.5,36,1.77,22,0.09,0,1,1,1,30.3,MODERATE,5.2,158,MODERATE_standard
85.0,0,0,38.395610017133926,75.2,5.5,0,1,0,7,24,8.5,245.0,39,0.89,32,0.076,0,0,1,1,12.0,LOW,1.8,55,LOW_streamlined
13.7,12,5,493.8581787567199,8.9,60.9,14,0,308,45,36,31.4,1160.2,288,4.64,22,0.741,0,1,0,0,94.0,CRITICAL,21.2,644,CRITICAL_injunction
92.7,0,0,17.74690410721413,91.4,6.8,0,1,0,12,18,8.6,32.6,7,0.39,20,0.022,0,0,0,1,12.0,LOW,1.7,52,LOW_streamlined
16.4,10,3,398.75314477927805,21.3,60.2,6,1,345,31,36,20.1,506.5,137,3.88,9,0.75,0,0,0,0,77.6,CRITICAL,21.5,654,CRITICAL_injunction
71.8,2,0,88.48883267140152,68.3,11.7,1,1,0,21,24,9.3,219.2,29,1.66,8,0.097,0,0,1,1,24.9,MODERATE,7.4,225,MODERATE_standard
68.9,5,1,83.01640770830473,61.0,10.1,1,1,0,21,36,10.3,375.5,65,1.85,12,0.143,0,0,0,1,30.4,MODERATE,3.7,112,MODERATE_standard
42.2,9,1,186.65279526058575,32.8,22.5,24,0,0,26,36,23.1,530.1,113,3.15,10,0.367,0,0,0,0,60.6,HIGH,14.4,438,HIGH_backlog
60.9,4,1,143.72722558176218,63.3,10.8,0,1,0,18,36,11.9,106.0,12,1.72,8,0.164,0,0,0,0,30.0,MODERATE,5.4,164,MODERATE_standard
80.1,1,0,16.656177208180004,97.5,1.6,0,1,0,4,24,5.8,241.6,25,0.24,34,0.033,0,0,1,1,12.0,LOW,1.3,40,LOW_streamlined
41.3,8,1,315.7500235190956,31.8,35.2,39,0,86,23,48,20.3,633.5,162,2.66,7,0.27,1,0,0,1,72.9,CRITICAL,21.6,657,HIGH_backlog
53.2,7,1,270.7496367384667,42.4,24.6,32,0,0,18,36,22.0,664.4,172,2.77,29,0.31,0,0,0,0,49.0,HIGH,13.2,401,HIGH_backlog
62.1,4,0,111.69114494663916,61.4,14.2,0,1,0,16,36,9.8,246.8,45,1.21,27,0.203,0,1,0,1,32.9,MODERATE,5.1,155,MODERATE_standard
28.7,10,3,378.66422190842036,11.9,58.5,68,0,306,30,48,24.7,359.2,95,4.41,21,0.502,1,0,0,0,92.6,CRITICAL,21.1,641,CRITICAL_injunction
42.9,8,1,252.80957432016788,37.8,35.8,24,0,41,21,48,22.9,747.0,171,2.31,27,0.286,0,0,0,0,58.5,HIGH,10.1,307,HIGH_backlog
17.9,10,4,504.77723522198926,17.8,37.6,5,0,357,39,36,27.6,347.0,116,5.45,5,0.743,0,1,0,1,90.1,CRITICAL,21.8,663,CRITICAL_injunction
82.1,0,0,46.647557655256435,97.0,0.4,0,1,0,7,18,6.6,210.5,19,0.74,31,0.059,0,0,1,1,12.0,LOW,0.5,15,LOW_streamlined
94.5,1,0,16.484573159424443,79.2,2.8,0,1,0,11,24,7.4,49.4,5,0.58,12,0.027,0,0,0,1,12.0,LOW,0.8,24,LOW_streamlined
78.9,0,0,30.61125678742962,94.4,3.0,0,1,0,16,24,5.6,81.7,6,0.83,35,0.025,0,0,0,1,12.0,LOW,2.3,70,LOW_streamlined
68.5,3,1,152.07992607434994,62.2,15.0,0,1,0,17,24,13.3,67.9,13,1.14,29,0.158,0,0,1,0,23.6,LOW,0.8,24,MODERATE_standard
82.4,0,0,30.324222788483752,78.8,6.4,0,1,0,10,18,6.6,93.3,16,0.7,24,0.036,0,0,1,1,12.0,LOW,2.0,61,LOW_streamlined
67.3,3,0,129.7772200250523,51.1,15.8,0,1,0,8,24,10.8,85.8,15,1.7,28,0.156,0,1,0,0,30.9,MODERATE,7.1,216,MODERATE_standard
90.8,1,0,49.222924399906354,87.7,4.0,0,1,0,4,18,4.7,115.5,8,0.4,18,0.014,0,0,1,1,12.0,LOW,1.3,40,LOW_streamlined
35.3,10,2,291.5439000909447,20.3,41.4,71,0,171,36,60,24.4,892.7,182,5.43,16,0.621,1,0,0,0,88.9,CRITICAL,16.8,511,CRITICAL_injunction
40.4,6,2,245.7696447308548,38.7,20.2,11,0,114,34,48,22.6,222.3,60,2.89,15,0.414,1,0,0,0,62.6,HIGH,9.9,301,HIGH_backlog
89.6,2,0,26.46875376487282,79.9,1.3,0,1,0,10,18,8.9,134.6,12,0.23,29,0.033,0,0,1,0,12.0,LOW,2.5,76,LOW_streamlined
73.1,3,0,79.00334211366837,55.4,17.0,0,1,0,20,36,15.7,113.9,19,1.25,31,0.128,0,0,0,1,26.2,MODERATE,6.5,198,MODERATE_standard
60.4,5,1,162.32748273109542,62.6,15.5,2,1,0,22,36,13.5,376.0,70,1.83,17,0.109,0,0,1,0,34.0,MODERATE,6.3,192,MODERATE_standard
55.1,6,3,304.11255336152635,32.8,20.1,9,0,96,37,48,20.0,625.0,111,2.71,10,0.315,1,0,0,0,60.2,HIGH,8.1,246,HIGH_backlog
49.4,6,1,314.0227895126635,42.5,22.8,21,1,0,19,48,16.5,570.9,125,2.33,20,0.408,1,0,0,1,47.8,HIGH,14.1,429,HIGH_backlog
43.2,8,1,180.07379190649158,42.3,35.6,10,1,62,23,36,17.5,234.2,54,2.27,26,0.4,0,0,0,1,55.0,HIGH,10.0,304,HIGH_backlog
45.4,9,2,212.50963266491604,32.3,21.6,10,0,53,37,48,20.6,295.2,58,2.83,25,0.336,0,0,0,0,60.2,HIGH,13.7,416,HIGH_backlog
61.4,2,0,174.1950792567908,52.1,12.3,1,1,0,23,24,13.7,256.3,43,1.38,38,0.184,0,0,1,0,28.3,MODERATE,4.1,125,MODERATE_standard
17.9,10,5,442.186461678281,21.6,35.4,10,0,269,34,48,32.4,597.8,208,4.52,9,0.499,0,1,0,0,88.9,CRITICAL,24.9,757,CRITICAL_injunction
48.0,9,1,197.0040810341955,34.2,25.9,7,0,62,28,48,19.5,501.4,94,2.93,19,0.455,0,0,0,1,60.9,HIGH,13.9,423,HIGH_backlog
52.7,7,1,244.52534995594118,47.7,34.5,30,0,66,34,36,16.4,642.4,139,2.91,16,0.271,1,1,0,0,63.6,HIGH,10.0,304,HIGH_backlog
35.7,10,2,438.050269297801,20.0,58.9,13,0,154,29,48,31.7,1061.7,260,4.33,9,0.476,0,1,0,0,85.9,CRITICAL,20.7,629,CRITICAL_injunction
28.4,12,5,417.6906977077848,17.3,40.7,17,0,129,48,36,24.0,1453.6,351,5.33,23,0.705,0,1,0,1,84.7,CRITICAL,16.4,499,CRITICAL_injunction
78.5,0,0,15.226518708867012,94.1,3.5,0,1,0,4,18,8.0,166.2,15,0.54,24,0.042,0,0,1,1,12.0,LOW,0.8,24,LOW_streamlined
84.0,1,0,42.30544422358298,93.1,2.4,0,1,0,11,30,5.9,21.0,5,0.36,30,0.067,0,0,1,1,12.0,LOW,2.4,73,LOW_streamlined
43.8,7,1,305.25618507306547,46.5,30.6,8,0,0,24,36,16.5,501.6,129,3.21,13,0.268,1,0,0,0,57.4,HIGH,11.4,347,HIGH_backlog
27.8,10,2,364.73423663201925,8.5,43.3,7,0,143,50,60,33.4,418.6,158,5.27,15,0.472,0,1,0,0,88.8,CRITICAL,17.0,517,CRITICAL_injunction
46.8,6,2,265.9775230224217,38.8,20.6,15,0,0,22,48,19.7,705.1,200,3.55,22,0.494,1,1,0,0,54.8,HIGH,13.3,404,HIGH_backlog
32.8,10,2,280.38577712508305,16.3,61.0,4,0,137,25,48,25.4,259.8,93,3.88,7,0.695,0,1,0,0,88.6,CRITICAL,19.3,587,CRITICAL_injunction
90.6,0,0,39.63643923237796,91.9,1.9,0,1,0,8,24,7.2,226.3,28,0.67,18,0.03,0,0,1,1,12.0,LOW,1.3,40,LOW_streamlined
24.7,18,4,337.9231617955808,19.9,49.7,9,0,267,34,60,23.2,828.2,192,3.98,16,0.733,0,0,0,0,90.4,CRITICAL,25.7,781,CRITICAL_injunction
34.8,12,3,334.8392911454661,9.1,61.4,19,0,231,51,48,23.6,1158.2,391,5.41,12,0.634,0,0,0,0,92.1,CRITICAL,24.7,751,CRITICAL_injunction
30.4,12,4,321.48481227966823,7.5,47.5,17,0,173,40,60,30.4,1132.0,344,4.04,5,0.761,0,1,0,1,91.2,CRITICAL,21.5,654,CRITICAL_injunction
24.1,10,4,489.98514169154714,22.6,36.0,8,0,159,34,48,28.1,787.7,161,3.67,19,0.62,0,0,0,1,80.9,CRITICAL,17.8,541,CRITICAL_injunction
94.7,0,0,55.745588904097566,80.1,6.4,0,1,0,6,24,6.7,73.1,9,0.59,35,0.063,0,0,0,0,12.0,LOW,2.0,61,LOW_streamlined
82.5,1,0,13.686354222369332,76.1,1.6,0,1,0,9,18,8.7,48.1,2,0.41,40,0.014,0,0,1,1,12.0,LOW,1.6,49,LOW_streamlined
75.2,0,0,32.00628874769234,76.6,1.7,0,1,0,4,30,6.4,143.0,26,0.3,28,0.011,0,0,0,1,12.0,LOW,0.9,27,LOW_streamlined
75.0,0,0,55.281359226258175,79.0,7.7,0,1,0,13,30,4.0,164.5,23,0.89,13,0.018,0,0,1,1,13.6,LOW,0.3,9,LOW_streamlined
93.0,0,0,35.15293951912908,92.8,4.5,0,1,0,12,18,4.1,85.7,12,0.63,31,0.063,0,0,1,1,12.0,LOW,1.6,49,LOW_streamlined
69.9,2,1,95.2405566290601,65.8,10.5,1,1,0,13,36,11.0,220.8,40,1.83,33,0.177,0,0,1,0,25.3,MODERATE,4.3,131,MODERATE_standard
73.2,3,0,83.21130888034786,68.7,11.2,0,1,0,8,36,13.9,288.2,43,1.97,12,0.096,0,0,0,1,19.5,LOW,1.0,30,MODERATE_standard
12.1,14,2,446.01486352268125,23.2,37.6,154,0,120,25,48,26.4,618.8,210,4.92,6,0.748,1,0,0,0,92.2,CRITICAL,28.6,869,CRITICAL_injunction
80.8,1,0,26.447503538841,85.0,5.1,0,1,0,14,30,4.9,243.5,27,0.23,47,0.035,0,0,0,1,12.0,LOW,1.2,36,LOW_streamlined
39.5,7,1,268.3657126403368,30.5,26.0,8,0,0,29,48,17.5,240.2,49,3.01,29,0.296,0,0,0,1,56.1,HIGH,10.1,307,HIGH_backlog
13.8,14,4,344.13000870212977,10.9,57.5,10,0,244,30,36,27.8,1170.2,213,5.24,2,0.561,0,1,0,0,94.0,CRITICAL,19.8,602,CRITICAL_injunction
63.1,3,0,79.39590318214124,57.9,15.9,0,1,0,11,36,11.4,143.0,20,1.82,22,0.144,0,0,1,1,25.9,MODERATE,4.8,146,MODERATE_standard
86.1,0,0,51.14055892466605,82.2,5.5,0,1,0,7,18,4.8,27.1,5,0.67,45,0.026,0,0,1,1,12.0,LOW,2.4,73,LOW_streamlined
66.3,3,0,60.0373215034561,69.3,17.9,3,1,0,15,36,11.9,336.9,69,1.25,30,0.111,0,0,1,0,28.1,MODERATE,5.0,152,MODERATE_standard
69.4,2,0,68.05431892605041,58.7,10.4,3,1,0,8,36,11.4,430.1,90,1.17,24,0.083,0,0,0,0,23.0,LOW,2.4,73,MODERATE_standard
51.9,7,3,279.27850984245447,45.1,34.0,4,1,0,34,48,21.5,341.4,88,2.71,25,0.287,0,1,0,0,55.0,HIGH,14.0,426,HIGH_backlog
65.1,3,0,177.1074681411735,57.3,8.7,2,1,0,9,36,10.2,397.8,62,1.4,25,0.104,0,1,1,0,28.6,MODERATE,4.8,146,MODERATE_standard
22.9,14,2,359.25694179186814,10.9,46.7,3,1,150,35,36,24.2,319.5,63,5.02,23,0.63,0,0,0,1,74.6,CRITICAL,23.2,705,CRITICAL_injunction
32.2,18,5,448.3988644764007,19.2,49.6,71,1,253,26,36,27.6,365.5,112,3.62,8,0.594,1,0,0,1,68.0,HIGH,8.1,246,CRITICAL_injunction
67.6,5,0,161.82028246813672,61.3,17.2,0,1,0,10,36,10.8,122.2,19,1.33,10,0.201,0,0,0,0,24.2,MODERATE,6.8,207,MODERATE_standard
93.1,0,0,53.01754535576863,75.4,4.1,0,1,0,17,18,5.4,111.1,4,0.42,17,0.026,0,0,0,1,12.0,LOW,1.0,30,LOW_streamlined
44.6,8,3,222.03519872320592,45.7,23.1,14,1,0,34,36,22.5,635.0,132,2.41,10,0.425,0,0,0,0,49.3,HIGH,11.2,340,HIGH_backlog
72.1,5,0,169.60112805176112,62.0,11.1,0,1,0,11,36,10.6,102.3,24,1.94,18,0.132,0,0,1,1,27.8,MODERATE,4.6,140,MODERATE_standard
46.7,6,3,283.18255803750526,39.2,28.8,30,0,42,19,48,20.9,777.7,214,3.34,4,0.439,1,1,0,0,60.6,HIGH,11.2,340,HIGH_backlog
80.5,2,0,51.73439499068827,87.1,2.5,0,1,0,16,24,6.3,30.6,3,0.6,37,0.047,0,0,1,1,14.2,LOW,0.9,27,LOW_streamlined
75.3,0,0,28.6653837515025,94.2,0.5,0,1,0,14,18,7.7,71.1,9,0.28,22,0.061,0,0,0,1,12.0,LOW,0.5,15,LOW_streamlined
25.2,10,2,399.02623054942956,10.4,51.4,17,0,318,44,60,22.5,1376.2,349,4.61,11,0.65,0,0,0,0,94.0,CRITICAL,20.5,623,CRITICAL_injunction
28.7,18,5,285.54034033652465,17.7,44.7,16,0,324,50,60,28.9,1481.2,321,4.46,4,0.534,0,0,0,0,89.4,CRITICAL,23.9,727,CRITICAL_injunction
30.2,18,4,482.66675336057426,12.6,36.0,46,1,274,26,48,27.5,277.6,110,4.75,11,0.636,1,0,0,0,73.7,CRITICAL,21.3,648,CRITICAL_injunction
55.7,6,3,256.78905341270564,32.9,22.8,5,0,84,33,48,16.9,433.5,90,2.71,4,0.462,0,0,0,1,56.2,HIGH,8.1,246,HIGH_backlog
45.3,6,1,231.40401995130912,41.7,25.4,5,0,0,29,36,19.1,370.6,80,3.44,4,0.487,0,0,0,0,54.3,HIGH,10.9,331,HIGH_backlog
51.4,6,1,224.5425874028198,42.5,27.2,6,1,0,23,36,18.6,429.5,97,3.54,17,0.366,0,1,0,0,49.9,HIGH,11.3,344,HIGH_backlog
78.5,0,0,42.633947428386996,82.3,0.6,0,1,0,10,30,6.1,107.9,17,0.55,31,0.046,0,0,1,1,12.0,LOW,1.0,30,LOW_streamlined
84.0,1,0,29.32433483017225,80.4,3.5,0,1,0,4,24,7.3,111.5,12,0.65,33,0.074,0,0,1,1,12.0,LOW,0.9,27,LOW_streamlined
75.6,0,0,22.390440494415806,82.7,4.3,0,1,0,16,24,4.7,139.9,21,0.22,47,0.056,0,0,0,1,12.0,LOW,0.2,6,LOW_streamlined
63.2,4,1,66.19408503159215,50.0,14.7,3,1,0,11,24,13.1,422.0,83,1.47,8,0.176,0,0,1,1,34.8,MODERATE,4.3,131,MODERATE_standard
47.3,6,1,230.8559427295656,37.6,24.2,6,0,42,22,48,18.1,274.5,52,3.58,10,0.444,0,1,0,0,56.3,HIGH,8.9,271,HIGH_backlog
61.4,3,0,92.5168292298709,59.5,11.8,1,1,0,22,24,12.5,253.4,58,1.78,25,0.134,0,0,0,0,26.6,MODERATE,3.5,106,MODERATE_standard
13.3,12,2,363.4125578786409,9.8,56.0,112,0,258,37,36,21.6,1054.5,256,4.67,15,0.76,1,0,0,0,94.0,CRITICAL,17.0,517,CRITICAL_injunction
64.3,4,1,103.66712763791645,64.1,8.0,0,1,0,22,36,14.8,117.9,19,1.86,10,0.168,0,1,1,1,30.7,MODERATE,6.6,201,MODERATE_standard
29.5,18,2,325.3647214895639,16.6,51.9,5,1,334,50,36,34.2,345.0,112,4.21,22,0.641,0,0,0,0,71.5,CRITICAL,29.3,891,CRITICAL_injunction
61.9,2,0,122.51503873918676,68.5,13.6,1,1,0,23,24,12.9,128.9,28,1.18,19,0.153,0,1,0,1,30.7,MODERATE,5.1,155,MODERATE_standard
60.4,2,0,147.42734666992874,57.1,12.0,1,1,0,14,36,14.3,278.6,46,1.34,22,0.145,0,0,0,1,29.1,MODERATE,4.2,128,MODERATE_standard
17.3,14,3,469.6915100887864,15.0,56.2,228,1,129,47,60,33.4,1290.2,324,5.0,20,0.61,1,0,0,0,74.0,CRITICAL,27.7,842,CRITICAL_injunction
88.8,1,0,14.439754424361091,77.0,7.1,0,1,0,16,18,7.7,135.9,15,0.64,12,0.052,0,0,0,1,12.0,LOW,0.4,12,LOW_streamlined
55.5,7,1,228.83352370740812,44.9,21.9,22,1,0,30,36,22.3,500.8,97,3.43,29,0.446,0,1,0,0,52.0,HIGH,13.2,401,HIGH_backlog
75.2,0,0,44.5699960949748,94.9,3.1,0,1,0,5,30,6.4,20.1,3,0.72,17,0.027,0,0,1,1,12.0,LOW,1.4,43,LOW_streamlined
42.6,8,2,236.90951958142773,29.5,26.2,23,1,0,18,48,18.3,589.9,139,2.51,13,0.401,0,0,0,0,55.3,HIGH,9.8,298,HIGH_backlog
91.1,0,0,10.190677769605074,80.5,6.1,0,1,0,10,30,4.4,218.7,19,0.29,22,0.063,0,0,1,1,12.0,LOW,2.0,61,LOW_streamlined
13.7,18,4,415.9720092483766,7.1,54.7,19,0,305,48,60,27.2,1406.3,388,5.31,11,0.762,0,0,0,0,94.0,CRITICAL,22.9,696,CRITICAL_injunction
32.0,18,2,401.1322223546801,9.0,55.6,5,1,249,39,48,24.5,383.0,119,4.95,22,0.698,0,0,0,1,72.8,CRITICAL,25.6,778,CRITICAL_injunction
68.1,3,0,156.98289099406742,54.5,14.3,1,1,0,19,24,14.4,173.9,44,1.33,7,0.187,0,0,1,1,27.0,MODERATE,3.1,94,MODERATE_standard
63.6,4,0,76.41074924907679,66.1,9.0,1,1,0,19,36,12.7,363.2,46,1.29,18,0.189,0,0,1,1,26.2,MODERATE,6.6,201,MODERATE_standard
28.7,18,4,447.72299716246164,6.3,49.0,8,0,215,38,60,34.8,708.7,167,3.77,18,0.597,0,0,0,0,90.6,CRITICAL,31.0,942,CRITICAL_injunction
47.9,9,1,184.83403532809726,37.8,26.2,5,0,0,21,36,22.2,683.8,106,2.86,23,0.477,0,0,0,1,59.3,HIGH,14.9,453,HIGH_backlog
58.3,3,0,133.30495622357054,63.8,12.8,0,1,0,17,24,13.2,246.6,41,1.56,29,0.109,0,0,0,0,24.7,MODERATE,3.3,100,MODERATE_standard
43.6,9,2,226.14119306466534,41.3,20.8,12,0,0,28,36,23.3,418.2,128,3.4,17,0.419,1,0,0,0,57.6,HIGH,12.5,380,HIGH_backlog
85.2,0,0,23.80716559173718,84.2,0.2,0,1,0,9,30,5.3,188.5,25,0.23,28,0.047,0,0,1,1,12.0,LOW,0.1,3,LOW_streamlined
90.8,0,0,44.965117757030136,78.7,3.8,0,1,0,16,30,9.0,134.2,8,0.44,32,0.067,0,0,1,1,12.0,LOW,2.1,64,LOW_streamlined
50.9,9,1,189.34341070427982,41.0,28.2,20,1,110,23,48,16.3,554.7,125,3.31,5,0.395,0,1,0,1,56.4,HIGH,9.1,277,HIGH_backlog
89.6,1,0,31.52115153751577,81.9,4.4,0,1,0,11,30,5.5,24.7,5,0.74,17,0.024,0,0,1,1,12.0,LOW,1.1,33,LOW_streamlined
75.7,0,0,58.5042399841604,88.6,6.7,0,1,0,6,24,7.7,230.7,27,0.69,21,0.032,0,0,1,1,13.9,LOW,2.2,67,LOW_streamlined
44.2,9,1,206.85960270844336,39.3,35.8,16,1,0,25,48,20.5,433.9,137,2.42,14,0.275,1,1,0,1,64.0,HIGH,14.6,444,HIGH_backlog
47.0,6,1,298.0708335332842,31.9,21.1,23,0,99,31,48,21.7,651.1,146,2.87,26,0.378,1,0,0,1,57.2,HIGH,11.6,353,HIGH_backlog
58.2,5,0,111.97557177788671,67.1,8.1,1,1,0,21,24,10.9,428.1,96,1.7,22,0.103,0,0,0,1,33.2,MODERATE,4.7,143,MODERATE_standard
72.8,3,0,160.27663287564104,67.0,9.7,0,1,0,17,36,14.7,58.9,15,1.14,30,0.101,0,0,1,1,22.0,LOW,0.3,9,MODERATE_standard
52.4,6,3,297.4570838883057,31.7,31.0,35,0,0,26,36,20.1,743.4,146,2.98,6,0.493,0,0,0,1,60.2,HIGH,13.1,398,HIGH_backlog
86.1,0,0,42.71609353593603,83.5,5.8,0,1,0,9,18,7.3,161.2,16,0.38,13,0.057,0,0,0,1,12.0,LOW,0.6,18,LOW_streamlined
64.8,4,0,62.10779352959313,53.5,16.7,1,1,0,22,24,16.0,337.9,60,1.17,21,0.203,0,0,0,0,30.2,MODERATE,5.1,155,MODERATE_standard
22.7,12,5,362.8176563009956,22.6,43.6,183,0,229,26,36,20.5,1133.3,406,4.47,6,0.558,1,0,0,0,93.7,CRITICAL,31.0,942,CRITICAL_injunction
45.6,6,1,217.28861637893266,34.5,21.7,23,0,0,23,36,18.7,590.4,129,3.56,21,0.443,0,0,0,0,53.6,HIGH,10.5,319,HIGH_backlog
62.8,5,0,117.15863496208685,58.8,12.5,0,1,0,15,24,10.8,91.6,21,1.14,16,0.084,0,0,0,0,26.7,MODERATE,6.9,210,MODERATE_standard
94.5,1,0,52.124299949121635,89.5,1.9,0,1,0,15,24,8.5,110.5,9,0.53,47,0.078,0,0,0,1,12.0,LOW,1.4,43,LOW_streamlined
75.6,0,0,34.99974734803579,83.9,6.3,0,1,0,17,24,6.8,97.5,20,0.55,42,0.058,0,0,0,1,12.0,LOW,2.2,67,LOW_streamlined
64.5,3,0,131.94088116845057,66.3,13.3,1,1,0,16,36,9.6,386.0,65,1.1,19,0.186,0,1,1,0,27.8,MODERATE,5.5,167,MODERATE_standard
27.1,10,2,346.9393655043514,14.2,40.7,34,1,291,29,48,24.6,413.5,91,4.9,16,0.473,1,0,0,1,76.0,CRITICAL,22.4,681,CRITICAL_injunction
49.3,6,3,204.9786007266544,41.9,31.1,12,1,112,26,48,20.5,318.7,64,3.03,18,0.261,0,0,0,0,53.9,HIGH,10.5,319,HIGH_backlog
65.2,3,1,135.52571940482846,62.0,13.7,4,1,0,21,36,10.9,432.4,96,1.6,14,0.162,0,0,1,1,30.8,MODERATE,4.3,131,MODERATE_standard
45.9,6,3,252.23870903308685,39.6,25.8,16,0,0,20,48,20.5,279.7,79,2.72,28,0.471,1,1,0,0,59.5,HIGH,13.4,407,HIGH_backlog
73.4,4,0,150.49577709539045,65.9,11.6,0,1,0,16,36,11.8,63.0,18,1.22,6,0.184,0,0,1,1,21.2,LOW,0.9,27,MODERATE_standard
26.3,18,3,379.7162865629815,18.8,54.7,4,0,324,30,60,22.7,317.0,99,3.57,11,0.537,0,1,0,1,87.6,CRITICAL,31.8,967,CRITICAL_injunction
64.7,3,1,131.86484056511875,50.5,8.3,2,1,0,18,24,12.0,247.9,60,1.89,12,0.13,0,0,0,1,29.0,MODERATE,3.8,116,MODERATE_standard
48.6,7,1,283.7658195354062,38.3,27.1,13,0,0,35,36,20.5,340.3,79,2.54,15,0.406,0,1,0,1,54.0,HIGH,13.2,401,HIGH_backlog
25.0,18,4,384.9922120054838,22.5,38.4,317,0,270,47,36,29.3,1308.4,435,4.97,3,0.486,1,0,0,1,94.0,CRITICAL,18.8,572,CRITICAL_injunction
32.4,12,4,476.68687730413666,23.6,37.4,12,0,270,38,48,33.4,1068.9,253,4.08,13,0.601,0,1,0,0,81.1,CRITICAL,22.3,678,CRITICAL_injunction
77.8,1,0,42.409788956935145,87.0,0.1,0,1,0,17,18,8.8,133.5,13,0.33,36,0.067,0,0,1,0,12.0,LOW,2.4,73,LOW_streamlined
49.7,9,1,315.3317021283666,32.7,21.6,13,1,75,23,48,17.6,721.3,161,3.3,4,0.337,1,0,0,0,56.0,HIGH,9.6,292,HIGH_backlog
54.3,8,1,201.55889559049209,35.4,22.9,10,1,96,28,48,18.7,683.2,170,3.46,28,0.35,0,1,0,0,50.2,HIGH,13.5,410,HIGH_backlog
61.8,2,0,134.39302478420012,69.5,9.4,0,1,0,16,24,10.8,114.4,18,1.69,22,0.11,0,0,0,1,20.6,LOW,0.2,6,MODERATE_standard
89.6,2,0,33.803678535756134,81.0,1.8,0,1,0,12,30,6.8,233.5,31,0.28,26,0.072,0,0,0,0,12.0,LOW,2.3,70,LOW_streamlined
40.5,6,2,297.7168967510577,40.4,23.1,6,0,0,19,36,20.3,110.3,25,3.36,28,0.347,0,1,0,1,61.1,HIGH,11.2,340,HIGH_backlog
26.1,18,3,425.4637810775309,5.6,43.8,12,1,180,40,48,26.5,1351.2,251,4.62,20,0.552,0,0,0,0,68.2,CRITICAL,22.3,678,CRITICAL_injunction
90.7,0,0,24.894168161156262,80.9,0.0,0,1,0,9,18,5.8,49.5,6,0.41,46,0.015,0,0,1,0,12.0,LOW,0.8,24,LOW_streamlined
48.6,8,1,201.23276817436283,38.4,32.1,6,1,0,36,48,21.7,205.5,58,3.21,18,0.351,0,1,0,0,58.3,HIGH,13.7,416,HIGH_backlog
88.3,1,0,47.57511926879925,76.8,7.6,0,1,0,14,24,5.3,153.4,9,0.69,35,0.031,0,0,1,1,12.0,LOW,2.3,70,LOW_streamlined
29.6,12,2,292.27329790241174,14.6,37.2,8,0,174,33,36,23.5,510.0,169,4.88,7,0.569,0,1,0,1,86.5,CRITICAL,21.5,654,CRITICAL_injunction
47.0,6,3,222.9314943566562,44.2,23.7,15,1,0,35,48,19.3,752.3,175,2.28,14,0.301,1,0,0,1,57.1,HIGH,10.1,307,HIGH_backlog
66.4,4,1,177.72362720909697,62.8,12.7,0,1,0,13,24,12.7,112.2,18,1.93,22,0.086,0,1,0,1,32.8,MODERATE,3.4,103,MODERATE_standard
79.1,0,0,48.656350719673426,77.1,0.4,0,1,0,12,24,8.1,148.1,9,0.4,35,0.037,0,0,0,0,12.0,LOW,1.0,30,LOW_streamlined
20.5,10,4,307.7785573412138,22.1,61.8,17,1,320,37,36,22.0,1224.3,344,3.81,15,0.736,0,0,0,1,74.3,CRITICAL,26.0,790,CRITICAL_injunction
68.3,2,1,132.3489817900443,65.9,12.0,2,1,0,19,36,13.4,359.5,53,1.16,27,0.149,0,0,0,1,26.2,MODERATE,4.4,134,MODERATE_standard
67.1,2,0,110.13770513878521,66.9,16.8,0,1,0,17,24,11.5,99.3,21,1.96,21,0.181,0,0,1,0,23.0,LOW,0.3,9,MODERATE_standard
67.8,3,0,100.7858910291793,52.3,8.8,0,1,0,13,24,10.0,135.6,9,1.9,7,0.18,0,0,1,1,23.1,LOW,1.6,49,MODERATE_standard
30.6,12,4,460.84703137916927,24.0,49.9,14,0,260,47,60,32.0,1433.3,287,4.64,11,0.682,0,0,0,1,91.8,CRITICAL,26.3,800,CRITICAL_injunction
79.5,1,0,23.243056792349442,93.1,2.7,0,1,0,6,18,4.8,120.0,7,0.28,17,0.071,0,0,0,0,12.0,LOW,2.4,73,LOW_streamlined
48.3,6,1,304.5804262381359,41.1,31.3,5,0,0,30,48,22.8,116.7,32,2.55,14,0.319,0,0,0,0,52.7,HIGH,14.5,441,HIGH_backlog
60.0,3,0,159.56326155059065,55.2,12.1,0,1,0,20,24,15.8,166.0,33,1.95,27,0.217,0,0,1,1,30.2,MODERATE,5.4,164,MODERATE_standard
61.0,5,0,63.01948590893193,69.3,15.4,2,1,0,20,24,11.9,411.2,75,1.69,36,0.211,0,0,0,0,34.0,MODERATE,3.0,91,MODERATE_standard
40.8,6,1,248.96585165352036,31.8,30.5,5,0,82,19,36,21.5,165.1,31,2.45,22,0.412,0,0,0,1,62.3,HIGH,12.7,386,HIGH_backlog
12.5,10,3,514.2453877319062,5.8,45.9,135,0,275,48,60,25.4,1083.1,288,4.71,19,0.555,1,0,0,0,94.0,CRITICAL,31.8,967,CRITICAL_injunction
32.5,10,2,487.23456581929054,20.9,44.5,69,0,135,49,60,30.8,574.5,176,5.48,14,0.542,1,0,0,1,86.1,CRITICAL,26.4,803,CRITICAL_injunction
66.1,3,1,105.26724778296352,69.8,10.1,0,1,0,11,36,14.3,54.5,19,1.3,31,0.105,0,0,0,1,23.1,LOW,2.1,64,MODERATE_standard
50.3,7,3,232.4757379688054,29.7,30.2,12,1,45,21,36,22.7,355.3,103,3.52,29,0.358,0,0,0,0,54.6,HIGH,14.0,426,HIGH_backlog
49.5,9,1,252.5461062217055,37.0,31.7,13,0,91,30,36,17.0,327.0,68,2.66,4,0.324,0,0,0,0,63.5,HIGH,8.3,252,HIGH_backlog
29.9,10,2,290.13609298946295,6.2,42.2,8,0,324,37,60,27.3,660.6,173,5.12,22,0.798,0,1,0,0,93.0,CRITICAL,27.5,836,CRITICAL_injunction
95.3,1,0,50.463357394606994,86.0,7.7,0,1,0,11,24,6.2,179.2,19,0.78,16,0.044,0,0,1,1,12.0,LOW,0.3,9,LOW_streamlined
73.0,5,1,152.70808063492,58.0,11.3,2,1,0,16,24,11.1,277.9,48,1.58,16,0.116,0,0,1,1,30.8,MODERATE,7.4,225,MODERATE_standard
19.1,10,2,373.68331437942146,6.4,46.8,4,0,245,47,36,20.0,312.4,83,3.88,5,0.539,0,1,0,1,94.0,CRITICAL,29.1,885,CRITICAL_injunction
24.9,10,5,463.1499489475508,23.3,35.5,13,0,179,30,36,25.2,1261.1,279,3.83,11,0.782,0,0,0,0,85.8,CRITICAL,22.7,690,CRITICAL_injunction
21.0,14,3,392.3923705995765,19.0,36.2,19,0,299,42,36,30.7,1364.6,380,4.82,21,0.663,0,0,0,1,91.9,CRITICAL,17.1,520,CRITICAL_injunction
87.5,0,0,18.87738845200617,79.2,2.4,0,1,0,12,18,8.0,209.1,35,0.3,21,0.025,0,0,1,1,12.0,LOW,0.4,12,LOW_streamlined
78.6,0,0,47.393112262430336,93.5,8.0,0,1,0,16,30,6.6,80.6,15,0.6,32,0.055,0,0,1,1,12.5,LOW,0.8,24,LOW_streamlined
58.8,2,0,129.95339903296986,70.6,12.6,0,1,0,19,36,11.5,168.0,31,1.44,25,0.167,0,1,0,1,27.3,MODERATE,5.3,161,MODERATE_standard
95.1,0,0,31.708184739638742,94.8,3.9,0,1,0,9,30,7.5,248.5,23,0.8,33,0.022,0,0,1,0,12.0,LOW,1.2,36,LOW_streamlined
92.0,0,0,13.740280279651515,81.5,3.0,0,1,0,5,24,8.9,84.3,14,0.46,17,0.07,0,0,0,1,12.0,LOW,1.7,52,LOW_streamlined
34.9,12,5,467.4206239178816,18.1,56.6,12,1,142,49,48,34.5,866.2,247,5.39,14,0.525,0,0,0,0,72.7,CRITICAL,23.4,711,CRITICAL_injunction
81.5,0,0,56.24834872365223,92.2,0.8,0,1,0,15,30,5.8,245.0,32,0.79,12,0.064,0,0,1,1,12.0,LOW,1.3,40,LOW_streamlined
60.8,3,0,143.74806917052496,54.1,11.6,1,1,0,10,36,12.7,296.7,46,1.57,22,0.114,0,0,1,0,27.0,MODERATE,6.2,188,MODERATE_standard
51.0,6,2,242.97967695947108,28.6,25.8,15,1,0,26,48,18.4,219.3,64,3.22,22,0.424,1,0,0,0,55.9,HIGH,14.1,429,HIGH_backlog
20.4,14,4,513.7951977137016,22.6,57.4,6,0,322,43,60,25.3,570.1,125,5.48,2,0.795,0,1,0,1,94.0,CRITICAL,19.9,605,CRITICAL_injunction
43.8,7,1,275.0244217671058,45.1,31.4,25,0,79,21,36,23.9,350.5,110,3.09,24,0.412,1,1,0,1,66.0,HIGH,10.0,304,HIGH_backlog
28.8,12,4,406.8043933089351,14.6,40.3,13,0,190,36,48,20.7,792.5,275,5.33,2,0.548,0,0,0,0,90.9,CRITICAL,23.4,711,CRITICAL_injunction
31.0,14,4,520.5184547318615,17.7,43.3,24,0,215,42,36,23.7,1416.3,496,4.59,3,0.567,0,1,0,0,84.2,CRITICAL,24.5,745,CRITICAL_injunction
90.2,1,0,15.77642099211496,91.1,4.5,0,1,0,13,24,8.5,68.0,11,0.64,38,0.034,0,0,1,0,12.0,LOW,2.4,73,LOW_streamlined
73.4,4,1,105.3061114397093,70.1,8.3,0,1,0,16,24,12.4,324.0,37,1.46,38,0.153,0,1,0,1,24.7,MODERATE,4.2,128,MODERATE_standard
94.3,0,0,17.127896475715524,90.7,3.6,0,1,0,11,30,5.4,42.5,1,0.25,27,0.055,0,0,1,1,12.0,LOW,1.3,40,LOW_streamlined
43.5,7,1,203.58341332371262,38.8,30.0,21,1,110,31,36,19.1,542.4,102,2.37,4,0.351,0,0,0,1,49.6,HIGH,10.3,313,HIGH_backlog
39.4,6,1,227.43667296386985,35.7,20.8,18,0,0,29,48,20.0,437.5,99,3.28,9,0.451,0,0,0,0,54.2,HIGH,10.6,322,HIGH_backlog
18.5,10,2,339.3227135511304,13.7,54.6,13,0,159,41,60,27.0,798.8,263,5.41,16,0.743,0,1,0,0,94.0,CRITICAL,24.6,748,CRITICAL_injunction
30.2,18,4,378.93632246137446,14.0,51.9,15,0,272,48,36,20.4,1062.4,302,4.0,7,0.759,0,0,0,1,91.9,CRITICAL,20.2,614,CRITICAL_injunction
22.8,10,2,441.22064637630615,12.4,55.8,215,0,121,31,36,31.5,1190.0,344,4.33,8,0.7,1,0,0,0,86.8,CRITICAL,27.1,824,CRITICAL_injunction
42.1,6,1,314.80206728728274,29.6,31.7,16,1,54,24,48,16.2,541.8,123,3.45,19,0.338,0,0,0,0,56.5,HIGH,12.3,374,HIGH_backlog
86.8,1,0,22.428441858103767,90.0,7.6,0,1,0,9,24,7.3,212.7,21,0.48,44,0.019,0,0,0,1,12.0,LOW,0.2,6,LOW_streamlined
26.5,14,5,525.094403248946,12.8,52.8,48,1,252,37,48,20.6,488.7,110,5.3,11,0.765,1,0,0,1,74.4,CRITICAL,28.0,851,CRITICAL_injunction
63.5,2,0,176.58880395733186,58.9,16.6,0,1,0,18,24,13.4,148.3,31,1.54,35,0.18,0,0,1,1,23.7,LOW,0.0,0,MODERATE_standard
38.2,7,2,225.46019317521367,46.2,33.2,38,0,99,31,36,21.9,688.5,211,2.51,6,0.328,0,1,0,0,64.7,HIGH,8.2,249,HIGH_backlog
82.6,0,0,51.17106517379147,96.7,6.9,0,1,0,10,30,4.3,44.3,10,0.59,41,0.039,0,0,1,1,12.0,LOW,0.7,21,LOW_streamlined
43.6,9,3,207.040092301918,47.6,28.7,24,0,113,25,36,21.2,718.7,176,3.37,8,0.427,0,0,0,1,67.7,HIGH,12.2,371,HIGH_backlog
35.2,12,5,289.1549333786398,9.1,35.5,12,0,241,36,60,31.8,762.2,244,5.4,6,0.656,0,0,0,0,84.7,CRITICAL,29.5,897,CRITICAL_injunction
54.7,8,3,195.41100440069928,35.0,25.4,28,1,93,36,48,20.3,516.5,152,3.21,21,0.486,0,0,0,0,51.8,HIGH,10.3,313,HIGH_backlog
39.4,8,1,311.0137270909439,26.9,30.0,9,0,100,34,48,22.9,208.0,44,2.74,19,0.294,0,0,0,0,66.1,HIGH,14.5,441,HIGH_backlog
47.1,8,3,298.6067940219286,39.6,33.1,34,1,73,33,36,20.8,646.2,180,3.41,4,0.253,1,0,0,1,60.3,HIGH,10.6,322,HIGH_backlog
70.3,3,0,75.23219356723287,70.4,8.3,0,1,0,13,24,15.7,129.1,39,1.83,30,0.21,0,0,1,0,22.0,LOW,0.7,21,MODERATE_standard
22.3,12,2,374.5598795094884,12.2,53.5,137,0,352,24,60,27.0,1157.3,262,4.87,23,0.721,1,0,0,1,92.2,CRITICAL,30.4,924,CRITICAL_injunction
24.2,10,3,314.3583967558769,5.0,50.5,5,0,323,38,36,32.3,363.5,111,4.42,17,0.477,0,0,0,1,91.8,CRITICAL,16.8,511,CRITICAL_injunction
29.0,10,4,322.2524439793321,6.8,55.7,3,0,256,49,48,25.8,312.2,65,3.67,18,0.76,0,0,0,1,90.4,CRITICAL,25.0,760,CRITICAL_injunction
68.2,4,0,159.03579660182982,67.9,17.2,0,1,0,22,24,12.2,418.5,78,1.14,28,0.182,0,1,0,1,27.8,MODERATE,6.7,204,MODERATE_standard
71.9,2,0,118.30771801275907,50.4,9.3,0,1,0,23,24,9.1,189.9,32,1.15,39,0.215,0,0,0,1,20.7,LOW,1.3,40,MODERATE_standard
64.6,3,1,96.47800184483954,71.1,16.4,1,1,0,21,36,9.0,218.1,27,1.18,31,0.094,0,1,1,0,31.6,MODERATE,6.9,210,MODERATE_standard
76.0,1,0,13.711208349648814,90.3,2.8,0,1,0,16,18,7.3,240.3,29,0.54,36,0.032,0,0,1,1,12.0,LOW,1.9,58,LOW_streamlined
67.0,3,0,99.80593488971779,71.4,11.3,1,1,0,9,24,11.2,372.6,37,1.11,22,0.207,0,0,0,0,23.2,LOW,1.7,52,MODERATE_standard
40.2,6,2,188.37712332816287,44.1,25.0,3,1,0,24,36,19.2,140.1,27,3.09,29,0.317,1,1,0,0,58.0,HIGH,13.1,398,HIGH_backlog
38.4,9,3,213.09898878873202,27.7,32.1,15,1,57,24,48,20.3,182.9,64,2.78,24,0.5,0,0,0,1,57.9,HIGH,12.8,389,HIGH_backlog
62.9,4,0,79.37200014259483,56.3,12.6,0,1,0,15,36,9.1,102.8,9,1.12,20,0.124,0,0,0,1,27.1,MODERATE,3.3,100,MODERATE_standard
31.5,10,4,495.00952445992095,15.6,62.9,12,0,167,37,36,30.2,1290.8,259,5.36,17,0.595,0,1,0,0,93.0,CRITICAL,17.3,526,CRITICAL_injunction
90.0,1,0,48.44964881627523,91.3,3.2,0,1,0,14,24,5.6,227.7,15,0.66,34,0.016,0,0,0,1,12.0,LOW,0.9,27,LOW_streamlined
68.6,3,0,106.92615141516994,69.4,16.5,1,1,0,20,24,12.2,407.1,72,1.41,20,0.206,0,1,0,0,29.5,MODERATE,4.6,140,MODERATE_standard
16.8,14,3,514.2799001076035,9.5,38.4,4,1,219,34,36,23.9,435.3,89,5.28,19,0.795,0,0,0,1,74.1,CRITICAL,18.5,562,CRITICAL_injunction
21.9,12,3,294.5464122406631,6.2,61.4,16,0,155,42,48,33.4,1278.3,336,3.86,22,0.484,0,1,0,0,92.7,CRITICAL,23.3,708,CRITICAL_injunction
71.4,3,1,92.87868298273543,66.1,9.4,2,1,0,21,24,9.6,385.8,72,1.82,35,0.198,0,0,0,1,26.3,MODERATE,7.0,213,MODERATE_standard
19.7,12,3,309.664417536799,18.1,51.9,2,0,266,29,60,28.0,291.0,56,3.92,12,0.607,0,0,0,1,93.0,CRITICAL,23.1,702,CRITICAL_injunction
52.9,8,1,228.83851837621418,30.9,28.4,6,1,0,36,48,17.5,570.6,104,3.17,29,0.311,0,0,0,0,48.3,HIGH,10.9,331,HIGH_backlog
59.8,2,1,137.78028899880053,68.2,15.8,0,1,0,19,36,9.7,345.0,53,2.0,26,0.136,0,0,1,0,26.4,MODERATE,3.2,97,MODERATE_standard
76.5,1,0,29.492184117908067,84.2,5.6,0,1,0,4,30,5.8,189.2,27,0.8,42,0.074,0,0,1,1,12.0,LOW,1.4,43,LOW_streamlined
45.1,6,2,296.9401102046571,43.6,25.0,26,0,0,35,48,20.0,639.2,140,2.7,29,0.386,0,0,0,1,54.2,HIGH,9.7,295,HIGH_backlog
71.9,2,0,154.40779420938452,57.6,13.6,0,1,0,10,36,12.1,397.9,60,1.99,24,0.217,0,1,0,0,28.1,MODERATE,3.5,106,MODERATE_standard
16.8,10,2,327.8088691638406,19.3,59.1,3,0,267,39,48,22.3,284.3,76,4.14,20,0.479,0,1,0,0,94.0,CRITICAL,22.4,681,CRITICAL_injunction
50.0,8,1,195.88392404567878,28.9,29.0,22,1,89,25,36,22.6,431.4,108,3.27,26,0.323,0,0,0,1,53.0,HIGH,9.5,289,HIGH_backlog
78.0,2,0,54.904361417037684,79.1,2.2,0,1,0,13,30,8.4,119.4,16,0.87,34,0.073,0,0,1,1,12.0,LOW,1.0,30,LOW_streamlined
51.6,6,3,266.7577532266557,25.0,26.3,28,0,0,20,48,18.5,635.9,154,3.06,21,0.257,1,0,0,0,59.5,HIGH,8.1,246,HIGH_backlog
47.4,9,2,302.76806113708597,46.8,28.1,2,0,57,20,48,20.9,130.8,38,3.48,23,0.401,0,1,0,1,62.7,HIGH,12.8,389,HIGH_backlog
87.8,0,0,51.27692188062358,92.0,6.1,0,1,0,9,24,8.6,170.9,22,0.36,23,0.076,0,0,1,0,12.0,LOW,2.3,70,LOW_streamlined
94.7,0,0,55.3586157016381,96.4,5.5,0,1,0,7,24,8.2,48.7,5,0.9,30,0.059,0,0,0,1,12.0,LOW,2.3,70,LOW_streamlined
78.9,1,0,38.25208276576226,90.1,0.4,0,1,0,17,30,4.4,90.8,14,0.5,35,0.033,0,0,1,1,12.0,LOW,2.3,70,LOW_streamlined
79.7,0,0,19.805874420217755,91.1,7.2,0,1,0,16,24,5.0,197.2,24,0.62,26,0.052,0,0,1,1,12.0,LOW,0.6,18,LOW_streamlined
68.3,4,1,115.53669341198386,52.6,17.2,1,1,0,22,24,15.8,223.6,53,1.6,38,0.185,0,1,0,1,35.2,MODERATE,4.1,125,MODERATE_standard
18.1,10,2,395.3299181587266,8.0,48.4,14,0,342,44,60,21.5,925.0,282,4.37,8,0.577,0,1,0,0,93.2,CRITICAL,23.0,699,CRITICAL_injunction
29.4,18,5,289.27030007435366,23.6,51.5,21,0,211,34,60,28.6,1433.4,437,4.54,18,0.768,0,1,0,0,89.7,CRITICAL,22.3,678,CRITICAL_injunction
93.3,1,0,58.51855006949138,80.4,0.9,0,1,0,16,24,7.0,47.8,4,0.43,41,0.019,0,0,0,0,12.0,LOW,2.4,73,LOW_streamlined
19.6,18,4,285.8803083842998,23.2,36.8,124,0,163,33,36,29.9,1118.2,273,4.74,20,0.539,1,0,0,1,89.9,CRITICAL,24.0,730,CRITICAL_injunction
71.3,3,1,169.8939008335567,62.9,12.6,0,1,0,9,24,14.9,110.9,24,1.44,10,0.163,0,0,0,1,23.5,LOW,0.6,18,MODERATE_standard
35.4,12,2,397.36105281031,15.0,36.4,122,0,246,39,60,20.4,1180.0,344,4.66,7,0.57,1,0,0,1,87.1,CRITICAL,25.9,787,CRITICAL_injunction
60.0,3,0,85.18216540723398,62.4,17.6,1,1,0,17,24,15.7,223.9,43,1.73,25,0.168,0,0,1,0,27.5,MODERATE,5.9,179,MODERATE_standard
23.6,14,5,322.4035481638378,8.4,55.4,9,0,136,27,60,20.1,580.1,189,3.57,15,0.791,0,0,0,0,85.9,CRITICAL,25.9,787,CRITICAL_injunction
46.3,6,2,205.8327410141334,31.1,35.3,14,1,0,28,36,23.0,540.4,148,2.66,24,0.487,0,0,0,0,53.9,HIGH,11.7,356,HIGH_backlog
33.2,10,4,434.79447340059585,11.1,59.8,77,1,163,41,36,22.3,749.5,153,4.68,3,0.523,1,0,0,0,71.7,CRITICAL,30.5,927,CRITICAL_injunction
48.9,8,1,291.3624603083871,37.3,31.9,15,0,0,22,48,23.1,434.9,70,3.37,29,0.392,1,1,0,0,61.2,HIGH,14.0,426,HIGH_backlog
46.2,6,1,255.3916351899119,30.9,33.5,4,1,0,30,48,19.7,174.2,34,3.39,6,0.381,1,0,0,1,55.6,HIGH,11.2,340,HIGH_backlog
70.1,4,1,120.79000868612269,63.3,16.5,1,1,0,8,24,14.7,186.5,33,1.81,37,0.209,0,0,0,1,29.5,MODERATE,3.1,94,MODERATE_standard
32.2,10,5,288.09159643020433,16.0,58.5,154,0,307,32,48,27.3,944.5,279,3.71,20,0.768,1,0,0,0,88.9,CRITICAL,25.2,766,CRITICAL_injunction
43.8,9,1,191.94882603442966,40.0,28.2,16,1,0,20,36,20.8,487.0,95,3.49,20,0.395,0,1,0,1,60.7,HIGH,9.9,301,HIGH_backlog
61.1,2,0,82.54682038564758,57.0,8.2,2,1,0,17,24,11.8,324.3,59,1.46,15,0.171,0,0,0,1,28.8,MODERATE,5.2,158,MODERATE_standard
71.6,2,0,131.18941508596987,50.3,12.4,1,1,0,15,36,15.2,242.1,48,1.98,39,0.158,0,0,1,1,25.8,MODERATE,4.0,122,MODERATE_standard
79.2,1,0,35.3076098607376,84.5,0.3,0,1,0,6,18,6.7,30.1,5,0.51,33,0.026,0,0,0,1,12.0,LOW,2.1,64,LOW_streamlined
27.1,18,5,491.196955882569,12.8,37.0,17,1,209,41,36,22.7,1188.5,347,4.8,19,0.759,0,0,0,0,71.5,CRITICAL,17.6,535,CRITICAL_injunction
67.9,2,0,126.49915124789484,72.0,10.1,0,1,0,14,36,12.2,324.2,67,1.32,25,0.093,0,0,0,1,18.3,LOW,2.3,70,MODERATE_standard
25.7,12,4,502.175876459284,5.5,36.7,11,0,282,44,48,31.0,1205.4,237,4.73,9,0.496,0,0,0,0,88.3,CRITICAL,28.3,860,CRITICAL_injunction
38.4,8,2,184.9785842772933,36.5,24.1,16,0,0,29,48,21.6,505.0,137,2.6,23,0.401,1,0,0,0,62.4,HIGH,9.1,277,HIGH_backlog
58.8,3,0,109.16853037847953,65.9,10.5,2,1,0,11,36,14.3,444.5,79,1.96,35,0.08,0,0,1,1,29.6,MODERATE,3.9,119,MODERATE_standard
25.0,10,4,308.8988560371213,21.3,52.5,15,0,230,40,36,29.5,1098.7,306,3.53,4,0.482,0,1,0,1,87.7,CRITICAL,22.6,687,CRITICAL_injunction
69.2,2,1,121.38105922491846,50.4,12.9,2,1,0,13,36,14.6,416.6,83,1.46,29,0.104,0,0,0,0,27.3,MODERATE,6.5,198,MODERATE_standard
24.1,10,3,481.3101256789961,5.2,52.2,16,0,314,44,60,30.9,1213.8,331,4.47,8,0.606,0,1,0,1,91.6,CRITICAL,18.3,556,CRITICAL_injunction
93.6,0,0,30.13450742022041,88.5,1.5,0,1,0,8,24,8.4,199.0,20,0.63,36,0.026,0,0,0,0,12.0,LOW,1.6,49,LOW_streamlined
45.1,7,3,250.22970352862734,35.7,34.4,7,0,0,29,36,21.7,184.1,36,2.75,19,0.362,1,1,0,0,64.3,HIGH,9.6,292,HIGH_backlog
69.8,3,0,102.93039512813857,67.1,14.8,0,1,0,19,36,13.5,344.2,54,1.68,12,0.115,0,0,0,1,25.0,MODERATE,6.3,192,MODERATE_standard
26.8,10,2,479.86888072275394,10.6,50.1,18,1,319,39,48,26.1,1276.0,374,4.33,21,0.525,0,0,0,1,73.5,CRITICAL,19.0,578,CRITICAL_injunction
41.1,7,1,219.63315051600688,29.1,27.0,13,0,0,28,36,20.0,506.0,134,3.08,21,0.439,0,0,0,0,57.8,HIGH,14.7,447,HIGH_backlog
86.2,2,0,30.298191443101942,86.9,2.0,0,1,0,8,30,5.1,247.5,30,0.44,43,0.076,0,0,0,0,12.0,LOW,2.4,73,LOW_streamlined
41.6,8,3,187.37992174128897,35.0,29.9,8,1,111,19,48,22.4,341.8,72,2.85,23,0.302,0,0,0,1,53.8,HIGH,12.0,365,HIGH_backlog
31.2,18,2,415.82887874208075,18.9,53.5,27,0,202,24,48,32.7,263.4,58,4.9,18,0.733,1,0,0,1,92.4,CRITICAL,29.5,897,CRITICAL_injunction
54.6,7,2,292.4805380582762,29.5,33.8,7,0,68,18,36,17.0,556.4,150,3.0,23,0.321,0,1,0,1,64.1,HIGH,13.6,413,HIGH_backlog
40.8,9,2,194.29735389718599,38.8,31.4,17,0,0,25,48,23.7,476.8,131,2.23,10,0.375,0,0,0,1,59.2,HIGH,11.1,337,HIGH_backlog
44.0,7,1,204.75911228691123,26.6,32.4,6,1,43,28,48,20.1,421.2,122,2.51,13,0.373,1,1,0,1,54.8,HIGH,13.2,401,HIGH_backlog
23.4,10,3,446.455535139623,23.9,44.1,7,0,202,28,48,27.1,526.5,143,5.45,13,0.769,0,1,0,1,92.6,CRITICAL,23.1,702,CRITICAL_injunction
65.3,4,0,142.18606845803853,57.4,9.8,1,1,0,10,24,12.5,295.2,42,1.18,19,0.202,0,0,0,0,26.4,MODERATE,4.7,143,MODERATE_standard
62.7,3,0,114.06896333996468,60.3,15.2,0,1,0,20,36,12.3,349.5,51,1.34,39,0.207,0,1,0,1,28.4,MODERATE,5.8,176,MODERATE_standard
69.3,2,0,168.47329917240472,53.8,17.9,1,1,0,16,36,11.9,200.5,37,1.81,12,0.149,0,0,1,1,27.1,MODERATE,4.9,149,MODERATE_standard
22.0,10,2,406.0614027309383,15.9,47.8,213,0,158,31,60,22.9,1093.8,318,4.96,19,0.476,1,0,0,0,94.0,CRITICAL,25.5,775,CRITICAL_injunction
27.6,10,2,328.9451890236468,23.3,49.3,119,0,162,24,36,27.0,947.2,332,4.18,23,0.788,1,0,0,1,84.7,CRITICAL,28.7,872,CRITICAL_injunction
87.0,0,0,14.807062825539987,97.2,7.9,0,1,0,9,24,7.5,112.3,17,0.39,36,0.035,0,0,1,1,12.0,LOW,0.3,9,LOW_streamlined
19.6,10,5,519.6296694512591,15.5,56.7,234,0,179,35,48,29.4,1269.6,438,3.59,12,0.685,1,0,0,0,90.7,CRITICAL,31.6,961,CRITICAL_injunction
81.7,1,0,39.38187403942131,87.6,4.3,0,1,0,4,30,6.3,181.1,23,0.73,32,0.072,0,0,0,0,12.0,LOW,1.8,55,LOW_streamlined
58.1,2,0,113.80969618156405,54.6,8.2,0,1,0,10,36,13.2,87.0,7,1.27,31,0.165,0,0,0,1,26.9,MODERATE,4.8,146,MODERATE_standard
75.9,1,0,19.722283832441114,78.5,3.3,0,1,0,17,30,8.4,239.5,36,0.46,45,0.079,0,0,1,1,12.0,LOW,2.3,70,LOW_streamlined
19.8,12,5,511.0776812683717,19.8,63.5,151,0,156,42,48,27.5,1042.8,343,5.23,15,0.641,1,0,0,0,93.0,CRITICAL,16.3,496,CRITICAL_injunction
19.6,12,4,366.8720568666895,17.0,50.9,11,1,168,42,48,26.1,741.3,226,5.32,11,0.481,0,0,0,1,74.6,CRITICAL,17.0,517,CRITICAL_injunction
83.4,0,0,58.04732691493286,76.9,0.4,0,1,0,4,24,8.2,142.5,11,0.51,20,0.015,0,0,0,1,12.0,LOW,1.5,46,LOW_streamlined
15.2,12,3,503.4921650564861,18.2,60.2,2,1,155,31,60,33.6,212.1,52,5.13,19,0.668,0,0,0,1,77.8,CRITICAL,20.5,623,CRITICAL_injunction
87.3,2,0,35.742685611048074,78.2,2.6,0,1,0,9,24,7.7,46.2,6,0.69,22,0.049,0,0,1,1,12.0,LOW,0.9,27,LOW_streamlined
54.8,6,1,290.3868985399995,36.9,30.4,10,1,0,22,36,22.6,406.3,92,2.62,14,0.494,1,1,0,1,55.8,HIGH,10.2,310,HIGH_backlog
53.1,8,1,276.46493766543654,34.3,28.0,10,1,0,30,36,21.2,615.1,157,2.32,8,0.406,0,0,0,1,49.4,HIGH,11.9,362,HIGH_backlog
48.1,7,1,286.2704450842391,33.9,30.7,8,1,0,22,48,16.1,179.4,48,2.65,17,0.27,0,1,0,1,54.8,HIGH,13.5,410,HIGH_backlog
87.9,2,0,32.46441487087675,92.0,0.9,0,1,0,8,30,6.7,173.6,26,0.83,40,0.077,0,0,0,1,12.0,LOW,1.2,36,LOW_streamlined
22.0,12,4,392.4919483950179,20.3,51.2,4,1,219,39,60,30.9,328.4,94,5.2,18,0.581,0,0,0,0,78.7,CRITICAL,23.0,699,CRITICAL_injunction
81.5,1,0,18.620621936768273,97.0,6.2,0,1,0,5,30,8.2,143.1,11,0.53,40,0.027,0,0,1,1,12.0,LOW,2.3,70,LOW_streamlined
55.7,7,1,240.73585746206538,31.3,24.7,4,0,0,19,48,23.5,265.0,49,3.13,22,0.289,0,1,0,1,53.6,HIGH,10.4,316,HIGH_backlog
25.6,14,5,535.1056124200888,10.3,41.4,142,0,332,42,60,20.4,1223.7,341,5.22,12,0.724,1,0,0,1,93.0,CRITICAL,29.9,909,CRITICAL_injunction
77.2,1,0,35.056243976818195,78.3,3.2,0,1,0,7,18,7.1,48.1,4,0.31,38,0.078,0,0,1,1,12.0,LOW,0.9,27,LOW_streamlined
41.4,6,2,190.13494346762482,33.6,20.7,4,1,40,27,48,18.9,213.6,41,3.14,8,0.39,0,1,0,1,55.5,HIGH,9.6,292,HIGH_backlog
30.2,10,3,540.0878921393798,14.8,59.3,11,0,193,46,60,26.3,1212.0,224,5.03,3,0.715,0,1,0,1,92.9,CRITICAL,20.1,611,CRITICAL_injunction
46.6,6,1,204.57745998713443,43.6,26.9,26,1,0,20,36,20.2,796.1,166,3.19,13,0.362,0,1,0,0,48.9,HIGH,11.7,356,HIGH_backlog
83.7,0,0,47.298797365990595,85.2,6.8,0,1,0,9,30,5.9,213.5,27,0.52,13,0.019,0,0,0,1,12.0,LOW,1.1,33,LOW_streamlined
72.7,2,0,62.97490737243662,66.7,9.2,1,1,0,8,36,12.9,337.0,72,1.52,31,0.207,0,0,0,1,21.7,LOW,2.4,73,MODERATE_standard
76.7,0,0,15.330190884605868,79.4,0.7,0,1,0,4,24,7.2,220.1,19,0.28,28,0.014,0,0,0,1,12.0,LOW,2.3,70,LOW_streamlined
88.5,0,0,17.228291690024015,83.9,5.8,0,1,0,4,30,4.8,155.9,20,0.24,24,0.053,0,0,0,1,12.0,LOW,0.3,9,LOW_streamlined
88.0,1,0,56.36318241255919,80.1,7.8,0,1,0,16,24,6.1,186.9,31,0.87,19,0.077,0,0,0,0,12.0,LOW,1.3,40,LOW_streamlined
88.8,2,0,27.73839783325289,90.3,0.1,0,1,0,8,24,5.6,230.4,24,0.64,23,0.038,0,0,1,1,12.0,LOW,0.9,27,LOW_streamlined
77.4,0,0,45.05034047016338,97.2,7.3,0,1,0,16,30,6.8,199.3,25,0.44,17,0.036,0,0,0,0,12.0,LOW,1.4,43,LOW_streamlined
86.2,2,0,23.615078043299512,83.6,3.6,0,1,0,7,30,7.4,59.4,10,0.76,19,0.078,0,0,0,1,12.0,LOW,2.3,70,LOW_streamlined
54.4,9,2,197.3873806606303,40.4,30.1,6,0,57,19,48,21.0,443.2,109,2.99,14,0.489,1,0,0,1,60.1,HIGH,10.0,304,HIGH_backlog
73.4,3,0,156.99559832924308,68.7,15.9,0,1,0,22,24,14.3,229.0,32,1.91,10,0.177,0,0,0,1,25.2,MODERATE,6.6,201,MODERATE_standard
70.0,3,0,152.6256697363782,68.6,11.1,0,1,0,13,24,12.5,177.7,25,1.34,39,0.167,0,1,0,1,25.1,MODERATE,3.8,116,MODERATE_standard
90.1,1,0,48.66689215090539,81.9,1.7,0,1,0,15,18,8.1,165.4,19,0.43,46,0.06,0,0,0,1,12.0,LOW,1.2,36,LOW_streamlined
49.6,7,2,268.3305286741644,31.0,27.0,26,0,78,33,48,20.5,514.7,133,2.6,8,0.402,1,0,0,1,61.9,HIGH,10.6,322,HIGH_backlog
12.3,10,2,288.2812798709176,13.8,50.0,294,0,192,26,36,23.3,1207.6,405,5.11,2,0.55,1,0,0,1,94.0,CRITICAL,20.2,614,CRITICAL_injunction
91.4,0,0,55.91357166724731,79.3,3.9,0,1,0,10,18,4.2,175.3,17,0.83,36,0.038,0,0,1,1,12.0,LOW,1.6,49,LOW_streamlined
45.2,8,3,185.64698171615805,36.4,31.7,29,0,0,19,48,16.4,696.7,170,3.37,28,0.442,0,0,0,0,57.3,HIGH,14.1,429,HIGH_backlog
21.6,18,5,452.7075656623878,14.9,63.6,10,0,122,35,48,24.4,690.7,213,4.34,16,0.588,0,1,0,0,87.3,CRITICAL,28.6,869,CRITICAL_injunction
67.0,4,1,83.94058030252273,59.7,16.4,1,1,0,18,36,12.2,199.4,43,1.85,34,0.083,0,0,1,1,34.8,MODERATE,4.9,149,MODERATE_standard
71.1,4,1,134.5804415528694,54.9,11.9,0,1,0,16,36,9.7,117.9,23,1.11,12,0.108,0,1,1,1,25.6,MODERATE,6.4,195,MODERATE_standard
65.7,3,0,115.88539186174927,59.4,9.9,0,1,0,12,36,9.6,215.4,28,1.18,14,0.096,0,0,1,1,19.4,LOW,0.1,3,MODERATE_standard
71.2,2,0,128.55570226943317,56.7,17.4,1,1,0,21,36,12.7,382.5,41,1.37,14,0.179,0,0,1,1,29.4,MODERATE,4.9,149,MODERATE_standard
82.5,0,0,10.089741773002766,81.1,6.7,0,1,0,12,30,8.7,142.6,17,0.86,37,0.04,0,0,1,1,12.0,LOW,1.2,36,LOW_streamlined
12.1,12,3,497.4710748933661,21.7,57.0,10,0,332,36,60,34.6,868.0,211,4.19,15,0.738,0,1,0,0,94.0,CRITICAL,21.7,660,CRITICAL_injunction
44.2,7,3,193.15461341706595,42.1,33.8,37,1,70,29,36,23.4,766.9,191,2.41,12,0.356,0,0,0,0,53.1,HIGH,9.4,286,HIGH_backlog
26.3,12,2,414.6511075776043,22.3,59.8,14,0,260,48,60,33.4,946.3,281,5.29,10,0.607,0,0,0,0,92.5,CRITICAL,18.4,559,CRITICAL_injunction
60.6,5,0,126.32678054913544,61.5,17.2,0,1,0,12,24,14.5,240.8,35,1.82,13,0.12,0,1,1,1,30.3,MODERATE,6.6,201,MODERATE_standard
43.7,7,2,217.85931426036313,33.3,32.6,21,1,109,24,36,16.3,651.8,183,3.05,20,0.434,0,1,0,0,61.3,HIGH,13.9,423,HIGH_backlog
54.1,7,3,201.0251877314617,35.8,22.4,8,0,0,23,48,22.6,262.5,71,2.53,22,0.4,0,0,0,1,52.7,HIGH,9.3,283,HIGH_backlog
23.5,12,2,433.9365120300265,20.5,63.8,20,0,292,24,36,28.1,1363.7,400,4.97,23,0.643,0,0,0,0,94.0,CRITICAL,26.2,796,CRITICAL_injunction
16.4,12,4,387.6569887697595,9.5,39.9,3,0,307,33,48,28.5,201.7,60,3.54,4,0.65,0,1,0,1,87.6,CRITICAL,25.7,781,CRITICAL_injunction
46.0,6,1,197.27039647534212,28.7,35.1,3,1,49,22,48,17.6,105.7,37,3.1,15,0.264,0,0,0,0,56.7,HIGH,14.0,426,HIGH_backlog
67.7,3,0,178.17773183928082,55.0,15.9,0,1,0,20,36,14.7,109.9,14,1.74,12,0.178,0,1,0,0,31.0,MODERATE,6.6,201,MODERATE_standard
79.4,0,0,41.75585114151335,89.1,2.9,0,1,0,10,24,7.3,168.9,25,0.29,23,0.062,0,0,0,1,12.0,LOW,2.3,70,LOW_streamlined
15.9,12,4,452.2851884598799,20.8,51.6,53,0,340,48,36,26.3,433.9,148,5.04,17,0.604,1,0,0,1,94.0,CRITICAL,30.1,915,CRITICAL_injunction
83.4,2,0,54.640545690176886,90.9,1.8,0,1,0,11,24,8.9,119.6,15,0.68,13,0.049,0,0,1,1,12.0,LOW,0.7,21,LOW_streamlined
26.0,14,2,373.14892385022574,17.6,63.0,14,0,192,48,60,30.4,1335.2,287,4.32,20,0.524,0,1,0,0,94.0,CRITICAL,29.0,882,CRITICAL_injunction
45.8,9,2,229.60423436482512,43.8,24.5,34,1,44,35,36,19.1,692.5,155,3.26,19,0.433,0,0,0,0,53.9,HIGH,13.4,407,HIGH_backlog
78.3,0,0,41.06733682001065,89.4,1.8,0,1,0,7,30,4.0,183.0,17,0.31,20,0.059,0,0,1,1,12.0,LOW,1.6,49,LOW_streamlined
91.2,0,0,58.50183287830451,96.5,5.2,0,1,0,6,24,6.8,48.7,4,0.87,40,0.071,0,0,1,1,12.0,LOW,0.9,27,LOW_streamlined
62.7,2,0,128.75989842137813,68.4,9.7,0,1,0,16,36,14.4,249.2,44,1.22,35,0.125,0,0,0,1,18.1,LOW,1.6,49,MODERATE_standard
79.5,0,0,55.682118317652346,82.5,4.4,0,1,0,12,30,8.0,26.7,6,0.85,36,0.041,0,0,0,1,12.0,LOW,0.4,12,LOW_streamlined
61.8,3,0,69.48931540598491,53.6,9.7,0,1,0,23,36,10.1,374.6,73,1.98,27,0.1,0,0,0,1,22.6,LOW,0.6,18,MODERATE_standard
59.7,3,1,77.99023340219424,52.5,14.5,0,1,0,15,36,14.9,102.5,28,1.67,10,0.104,0,0,0,0,30.3,MODERATE,6.2,188,MODERATE_standard
55.8,7,1,185.11422754310468,26.4,25.4,4,0,0,34,36,17.0,123.9,25,3.05,11,0.39,0,1,0,1,55.9,HIGH,10.6,322,HIGH_backlog
89.9,0,0,47.447532419422465,85.2,1.6,0,1,0,13,18,7.3,20.8,10,0.53,35,0.028,0,0,1,1,12.0,LOW,1.5,46,LOW_streamlined
91.2,1,0,23.329909172687543,97.5,6.8,0,1,0,17,30,7.8,30.0,1,0.61,21,0.036,0,0,1,1,12.0,LOW,1.0,30,LOW_streamlined
66.2,2,0,154.5033918129325,59.3,9.2,0,1,0,17,36,11.1,384.8,56,1.18,30,0.192,0,0,0,1,23.8,LOW,0.8,24,MODERATE_standard
35.4,12,3,305.02262765350565,6.3,41.5,24,1,353,50,48,31.1,1464.9,481,5.25,23,0.582,0,0,0,0,71.7,CRITICAL,18.9,575,CRITICAL_injunction
85.5,2,0,18.314782532892117,86.4,5.5,0,1,0,5,24,4.1,88.9,8,0.47,31,0.028,0,0,0,1,12.0,LOW,1.1,33,LOW_streamlined
12.3,18,3,409.2006559479703,10.0,57.0,54,0,297,26,60,30.6,299.7,82,4.88,13,0.774,1,0,0,0,94.0,CRITICAL,21.3,648,CRITICAL_injunction
66.1,4,1,155.09932184381668,55.2,13.8,2,1,0,22,24,12.5,367.4,55,1.85,12,0.096,0,0,1,1,31.3,MODERATE,5.6,170,MODERATE_standard
35.1,12,3,306.4458972499777,9.6,57.5,7,0,211,40,48,27.4,543.4,140,4.08,5,0.766,0,0,0,1,87.1,CRITICAL,22.4,681,CRITICAL_injunction
62.6,3,1,61.58797997649023,59.4,16.2,0,1,0,12,36,12.7,75.9,12,1.8,31,0.131,0,0,1,1,27.8,MODERATE,5.7,173,MODERATE_standard
64.5,4,0,151.46784896933855,62.9,17.2,3,1,0,23,24,14.8,372.3,73,1.85,32,0.123,0,0,1,1,30.9,MODERATE,4.3,131,MODERATE_standard
51.5,6,2,209.11908084236487,38.1,25.8,19,1,0,22,36,22.3,645.9,135,2.45,7,0.258,0,0,0,1,46.4,HIGH,14.9,453,HIGH_backlog
84.0,2,0,50.969574889841354,81.5,7.7,0,1,0,7,18,5.3,40.6,4,0.75,13,0.048,0,0,1,1,12.0,LOW,1.1,33,LOW_streamlined
58.9,3,1,105.89159678908078,64.7,12.8,2,1,0,9,36,13.4,422.5,60,1.9,19,0.147,0,1,1,0,37.2,MODERATE,7.2,219,MODERATE_standard
45.7,9,3,191.4201487098164,36.9,29.7,16,1,0,23,36,19.3,443.8,145,3.13,16,0.267,0,1,0,1,59.3,HIGH,9.2,280,HIGH_backlog
83.8,1,0,28.25989448037708,80.2,0.7,0,1,0,7,24,7.0,196.6,17,0.86,38,0.042,0,0,1,1,12.0,LOW,0.3,9,LOW_streamlined
14.8,14,5,417.18612556641017,22.2,52.0,121,0,344,27,36,30.8,1027.0,304,4.42,9,0.483,1,0,0,0,92.4,CRITICAL,18.7,568,CRITICAL_injunction
35.6,14,2,539.8008026680554,16.0,58.7,116,0,275,29,60,30.0,842.3,257,4.91,16,0.603,1,0,0,0,89.0,CRITICAL,23.0,699,CRITICAL_injunction
69.2,2,0,144.8350258875743,57.8,11.9,1,1,0,16,36,13.1,381.1,68,1.36,14,0.102,0,0,0,1,21.5,LOW,1.1,33,MODERATE_standard
55.2,6,1,307.8389295550573,43.1,34.5,18,1,0,36,36,16.4,671.4,195,3.08,18,0.49,0,0,0,0,54.8,HIGH,10.9,331,HIGH_backlog
60.9,4,1,167.5951602367805,67.5,13.2,1,1,0,22,24,10.0,240.3,36,1.95,6,0.116,0,0,0,1,33.1,MODERATE,7.3,222,MODERATE_standard
52.9,8,3,250.23471511916358,26.8,24.2,10,0,0,30,48,17.6,249.1,57,2.86,9,0.368,0,1,0,1,57.5,HIGH,8.8,268,HIGH_backlog
53.7,7,2,218.99126918488832,31.0,24.4,17,0,94,33,36,23.8,326.3,74,2.6,25,0.42,0,0,0,1,58.9,HIGH,10.2,310,HIGH_backlog
87.7,0,0,49.723100972982266,96.9,1.8,0,1,0,14,24,6.6,204.1,14,0.85,17,0.048,0,0,0,1,12.0,LOW,1.2,36,LOW_streamlined
12.9,14,2,385.91729086731516,11.4,37.1,18,0,214,28,48,28.9,1041.3,365,5.29,23,0.662,0,1,0,0,91.7,CRITICAL,26.9,818,CRITICAL_injunction
41.4,8,2,240.8937185368158,41.1,26.9,9,0,109,33,36,21.9,283.4,45,2.4,20,0.261,0,1,0,1,69.7,CRITICAL,18.9,575,HIGH_backlog
66.2,2,0,160.99530333828156,69.6,13.3,1,1,0,18,36,9.3,315.8,36,1.68,19,0.109,0,0,0,1,25.5,MODERATE,6.7,204,MODERATE_standard
40.7,8,1,186.68907906731312,29.1,23.8,2,1,103,32,36,21.1,232.2,34,2.32,26,0.384,0,1,0,1,57.4,HIGH,8.4,255,HIGH_backlog
72.1,3,0,101.51323539291235,56.7,16.2,0,1,0,11,36,13.6,207.4,41,1.11,35,0.122,0,0,1,0,22.6,LOW,1.1,33,MODERATE_standard
81.4,0,0,56.6832190987361,87.6,2.5,0,1,0,10,24,7.2,223.1,28,0.51,14,0.054,0,0,1,1,12.0,LOW,1.6,49,LOW_streamlined
14.0,12,5,397.6988484674481,18.4,44.8,13,0,199,31,60,30.4,1269.3,264,4.32,15,0.781,0,1,0,0,93.0,CRITICAL,24.0,730,CRITICAL_injunction
93.7,2,0,10.826905047266147,84.6,2.6,0,1,0,13,24,8.3,157.1,28,0.79,21,0.068,0,0,1,1,12.0,LOW,0.3,9,LOW_streamlined
82.2,0,0,12.029578386213732,86.8,6.3,0,1,0,16,30,7.6,193.3,37,0.38,41,0.023,0,0,1,1,12.6,LOW,0.2,6,LOW_streamlined
54.2,9,3,257.754539180768,38.5,34.4,11,0,53,19,36,19.5,143.8,51,3.15,19,0.304,1,1,0,0,68.4,CRITICAL,17.6,535,HIGH_backlog
50.4,7,3,244.48618978954391,35.8,22.3,15,1,91,36,48,22.5,794.7,170,3.46,27,0.407,1,0,0,0,53.6,HIGH,13.6,413,HIGH_backlog
61.0,5,1,120.0959601680835,67.5,8.3,0,1,0,18,36,12.7,198.3,25,1.94,24,0.119,0,0,0,0,31.2,MODERATE,6.5,198,MODERATE_standard
78.8,1,0,29.665797656545198,93.3,6.6,0,1,0,9,24,6.9,214.9,16,0.29,23,0.04,0,0,1,1,12.0,LOW,0.3,9,LOW_streamlined
94.6,0,0,20.77461751980544,77.5,1.1,0,1,0,14,18,8.1,33.5,6,0.85,19,0.042,0,0,1,1,12.0,LOW,1.3,40,LOW_streamlined
42.5,6,1,297.6213943137714,46.2,22.4,24,0,0,22,48,22.4,492.3,129,2.83,9,0.357,0,0,0,1,51.6,HIGH,8.1,246,HIGH_backlog
18.7,10,2,419.3996759580969,19.1,54.0,12,0,310,47,48,28.3,1200.6,240,3.63,9,0.566,0,1,0,0,92.3,CRITICAL,21.4,651,CRITICAL_injunction
81.1,0,0,50.698658938062174,92.7,0.6,0,1,0,9,18,8.2,45.9,9,0.35,27,0.06,0,0,0,1,12.0,LOW,2.1,64,LOW_streamlined
71.5,2,0,170.0328236706079,66.9,9.3,1,1,0,17,24,9.1,294.2,34,1.28,13,0.119,0,0,1,1,22.5,LOW,1.0,30,MODERATE_standard
88.3,0,0,50.57657702655709,80.7,0.0,0,1,0,15,18,7.8,77.8,16,0.48,17,0.037,0,0,1,1,12.0,LOW,1.1,33,LOW_streamlined
21.4,10,5,432.05359029841475,10.6,53.3,83,1,194,41,36,22.4,739.1,187,4.02,3,0.536,1,0,0,0,73.2,CRITICAL,24.4,742,CRITICAL_injunction
62.6,3,0,118.8046598362719,54.9,17.5,0,1,0,11,24,10.7,437.6,55,1.7,13,0.164,0,0,1,1,29.0,MODERATE,4.1,125,MODERATE_standard
91.3,1,0,37.61131163696776,93.9,4.2,0,1,0,16,30,8.7,28.4,7,0.29,47,0.021,0,0,1,1,12.0,LOW,1.6,49,LOW_streamlined
78.1,2,0,43.5624772512718,83.3,6.2,0,1,0,13,30,8.2,135.8,9,0.71,33,0.06,0,0,1,1,12.0,LOW,0.1,3,LOW_streamlined
42.3,6,3,319.5667033498517,28.5,30.2,12,0,0,18,36,22.6,737.4,149,2.95,8,0.394,0,1,0,1,60.6,HIGH,10.8,328,HIGH_backlog
19.2,14,2,398.5418870333606,14.8,35.1,13,0,161,49,48,24.9,794.0,275,5.02,11,0.607,0,1,0,0,86.9,CRITICAL,28.2,857,CRITICAL_injunction
44.4,8,2,254.42763025511215,37.5,34.3,32,0,68,26,48,16.7,726.6,154,3.58,20,0.427,0,0,0,0,64.3,HIGH,14.9,453,HIGH_backlog
68.7,3,0,153.17321903803224,52.4,13.7,0,1,0,13,36,12.5,186.7,21,1.53,30,0.174,0,0,1,0,28.7,MODERATE,4.6,140,MODERATE_standard
87.1,0,0,40.16214295921165,86.4,7.1,0,1,0,9,24,7.2,184.1,16,0.6,26,0.048,0,0,1,0,12.0,LOW,1.0,30,LOW_streamlined
95.5,1,0,15.359545085825134,94.1,4.1,0,1,0,10,18,7.5,62.1,6,0.65,39,0.015,0,0,0,1,12.0,LOW,1.9,58,LOW_streamlined
60.6,2,0,167.97891102660077,66.9,13.8,0,1,0,11,24,13.4,387.8,38,1.8,12,0.09,0,0,1,1,26.4,MODERATE,7.3,222,MODERATE_standard
76.8,1,0,22.112034133039213,96.2,1.8,0,1,0,6,18,8.5,63.7,2,0.3,36,0.04,0,0,1,1,12.0,LOW,0.7,21,LOW_streamlined
87.0,1,0,20.03050285492575,92.3,7.9,0,1,0,6,24,6.9,93.0,12,0.77,20,0.016,0,0,1,1,12.0,LOW,1.6,49,LOW_streamlined
75.5,0,0,45.066759708777255,87.5,7.5,0,1,0,10,18,4.4,88.7,7,0.7,37,0.079,0,0,0,1,12.0,LOW,0.4,12,LOW_streamlined
33.7,12,2,470.2189224834664,20.0,36.6,36,0,303,26,36,24.7,261.7,54,4.21,6,0.738,1,0,0,1,88.5,CRITICAL,25.4,772,CRITICAL_injunction
93.7,1,0,12.228490445402581,93.4,0.7,0,1,0,13,18,9.0,231.0,23,0.41,19,0.039,0,0,1,1,12.0,LOW,2.2,67,LOW_streamlined
77.5,0,0,19.509606819232452,76.1,4.5,0,1,0,5,24,6.4,76.6,4,0.37,29,0.046,0,0,0,1,12.0,LOW,0.9,27,LOW_streamlined
43.2,6,2,296.0157262191374,31.9,27.9,7,1,0,32,48,19.4,327.9,95,3.34,6,0.452,1,1,0,0,61.6,HIGH,11.9,362,HIGH_backlog
90.7,0,0,13.927789584758006,78.1,7.1,0,1,0,11,24,8.2,120.9,10,0.8,29,0.011,0,0,1,1,12.0,LOW,2.1,64,LOW_streamlined
61.9,5,0,146.36513986142364,63.0,16.0,1,1,0,23,36,9.3,432.9,70,1.32,16,0.141,0,0,0,0,31.7,MODERATE,3.3,100,MODERATE_standard
27.9,10,5,421.45057955338524,22.1,62.1,26,1,266,45,48,24.2,361.8,74,4.46,19,0.461,1,0,0,1,72.1,CRITICAL,20.9,635,CRITICAL_injunction
78.3,0,0,18.10826057553522,75.0,4.8,0,1,0,14,18,5.0,98.5,19,0.8,44,0.063,0,0,1,1,12.0,LOW,0.6,18,LOW_streamlined
26.1,18,2,358.10797395037355,16.5,43.4,57,1,355,36,60,22.0,518.9,127,5.12,8,0.751,1,0,0,0,76.5,CRITICAL,29.5,897,CRITICAL_injunction
15.7,12,2,339.1586388938924,13.7,47.2,11,0,313,32,36,32.2,855.4,237,4.16,12,0.514,0,1,0,0,90.9,CRITICAL,31.3,952,CRITICAL_injunction
45.2,9,1,317.4575058864026,39.7,24.8,14,0,119,27,48,20.0,765.0,156,2.3,24,0.468,0,1,0,1,67.9,HIGH,8.0,243,HIGH_backlog
49.6,8,1,241.0177564220479,47.2,30.3,9,1,0,35,48,19.6,334.9,79,2.57,27,0.253,0,0,0,0,50.2,HIGH,13.4,407,HIGH_backlog
34.7,12,5,291.8915927777566,16.7,58.3,41,0,301,27,36,32.2,402.1,103,3.9,3,0.731,1,0,0,0,89.7,CRITICAL,29.7,903,CRITICAL_injunction
53.0,9,3,256.897815175833,35.8,28.0,10,1,106,27,48,18.6,566.9,108,3.01,8,0.409,0,1,0,0,59.7,HIGH,9.3,283,HIGH_backlog
23.5,12,4,519.6258511783547,17.3,52.8,13,0,328,43,60,22.2,973.3,263,4.67,11,0.55,0,1,0,0,94.0,CRITICAL,17.5,532,CRITICAL_injunction
38.7,8,1,319.39045924273506,31.4,32.5,10,1,0,28,36,23.8,443.0,85,2.54,20,0.344,1,0,0,0,59.8,HIGH,12.2,371,HIGH_backlog
91.4,0,0,27.770324932623893,95.0,3.5,0,1,0,8,18,6.1,116.7,9,0.72,18,0.03,0,0,1,1,12.0,LOW,1.8,55,LOW_streamlined
33.5,12,5,344.70774958590187,18.6,51.1,219,0,136,29,36,27.2,1463.7,481,5.45,3,0.627,1,0,0,0,87.7,CRITICAL,30.9,939,CRITICAL_injunction
65.5,2,0,144.90208057710834,52.1,8.2,0,1,0,12,36,10.2,229.4,37,1.82,33,0.162,0,0,0,1,17.6,LOW,0.2,6,MODERATE_standard
90.8,0,0,21.640855489500076,84.6,6.0,0,1,0,17,18,7.7,183.9,20,0.24,27,0.068,0,0,0,0,12.0,LOW,1.7,52,LOW_streamlined
62.7,2,1,148.6619502009689,56.8,14.9,0,1,0,23,36,9.4,81.8,10,1.23,39,0.171,0,0,0,0,26.3,MODERATE,5.8,176,MODERATE_standard
77.2,2,0,16.25997925987883,91.1,4.0,0,1,0,10,18,8.8,168.1,28,0.36,18,0.018,0,0,1,0,12.0,LOW,1.4,43,LOW_streamlined
32.1,18,5,520.2738736335021,15.9,62.4,59,0,299,49,60,30.8,575.4,140,5.11,7,0.451,1,0,0,0,90.3,CRITICAL,24.5,745,CRITICAL_injunction
64.7,3,0,148.97838820637958,62.0,15.3,0,1,0,11,36,9.2,253.7,34,1.5,25,0.162,0,0,0,1,25.3,MODERATE,3.2,97,MODERATE_standard
77.4,1,0,11.299446909152735,88.4,1.4,0,1,0,13,18,6.2,185.4,23,0.89,39,0.042,0,0,1,1,12.0,LOW,2.3,70,LOW_streamlined
81.6,0,0,36.56205559741461,97.9,7.4,0,1,0,15,30,7.3,107.6,11,0.6,17,0.029,0,0,0,1,12.0,LOW,0.2,6,LOW_streamlined
39.8,9,3,308.2650498865304,46.0,23.3,49,1,93,22,48,23.9,799.6,226,3.2,24,0.429,0,0,0,0,55.9,HIGH,14.6,444,HIGH_backlog
59.4,4,0,149.8520552704357,50.4,15.5,0,1,0,13,36,14.5,130.5,24,1.21,6,0.104,0,0,0,1,28.0,MODERATE,3.3,100,MODERATE_standard
31.4,12,3,506.105426199617,12.7,51.8,14,0,317,39,48,24.2,821.2,298,5.1,2,0.522,0,0,0,0,89.9,CRITICAL,16.7,508,CRITICAL_injunction
59.4,4,0,94.32571159413227,65.7,8.9,0,1,0,23,36,14.6,177.1,27,1.96,39,0.169,0,0,0,0,25.2,MODERATE,6.7,204,MODERATE_standard
81.4,2,0,49.70337856158096,82.5,0.2,0,1,0,16,30,4.9,228.7,42,0.21,36,0.051,0,0,1,1,12.0,LOW,1.6,49,LOW_streamlined
53.0,6,1,306.7402446735373,30.9,20.2,10,1,0,34,36,23.1,559.1,101,3.5,21,0.457,0,0,0,1,48.9,HIGH,10.0,304,HIGH_backlog
58.1,2,1,105.60775852574446,69.6,9.7,0,1,0,23,24,12.8,224.4,32,1.79,14,0.094,0,0,1,0,23.6,LOW,0.5,15,MODERATE_standard
70.5,5,0,168.00108768709336,69.1,16.6,1,1,0,22,24,12.7,250.9,52,1.25,28,0.126,0,0,0,1,26.3,MODERATE,3.4,103,MODERATE_standard
93.1,2,0,47.61537801157077,82.5,7.7,0,1,0,5,18,4.0,177.0,15,0.54,42,0.047,0,0,0,1,12.0,LOW,0.1,3,LOW_streamlined
61.1,4,0,134.53911107390206,51.9,9.4,2,1,0,17,36,15.4,407.2,94,1.24,11,0.107,0,0,0,1,27.1,MODERATE,6.9,210,MODERATE_standard
42.9,6,1,202.56763926608812,35.8,26.4,16,1,0,30,36,23.6,443.4,88,2.54,16,0.258,1,1,0,1,53.6,HIGH,12.4,377,HIGH_backlog
68.2,2,0,115.96384626541197,70.7,9.0,0,1,0,21,36,13.4,413.1,60,1.7,13,0.129,0,1,0,1,23.1,LOW,0.3,9,MODERATE_standard
48.6,6,3,236.7875216248064,27.1,35.8,22,0,65,27,48,17.7,707.5,196,2.59,23,0.46,0,0,0,0,59.2,HIGH,11.0,334,HIGH_backlog
26.5,12,4,349.7138084939146,19.8,59.1,4,0,169,27,36,33.9,306.8,92,4.86,14,0.536,0,0,0,0,90.0,CRITICAL,28.5,866,CRITICAL_injunction
38.4,6,1,247.69653470413067,41.5,31.4,30,0,97,28,36,17.7,672.1,141,2.7,10,0.409,0,1,0,0,65.9,HIGH,13.8,420,HIGH_backlog
55.9,7,1,283.16321541726563,46.8,27.7,8,1,77,19,36,18.7,585.2,134,3.55,25,0.301,0,0,0,1,48.2,HIGH,8.8,268,HIGH_backlog
15.2,12,5,508.8578359415684,21.9,58.5,6,0,153,33,36,25.7,489.2,130,3.88,16,0.586,0,1,0,0,92.0,CRITICAL,31.6,961,CRITICAL_injunction
59.0,3,0,100.44679190544524,69.1,15.4,2,1,0,15,36,15.4,309.7,77,1.48,28,0.09,0,0,1,1,31.1,MODERATE,4.0,122,MODERATE_standard
62.1,2,0,105.23123458566454,50.4,17.2,1,1,0,8,24,13.5,202.6,32,1.92,32,0.115,0,0,1,1,29.2,MODERATE,4.9,149,MODERATE_standard
42.7,9,1,295.20940546542965,42.4,22.7,8,1,0,21,48,19.9,386.4,81,3.35,28,0.436,0,1,0,0,57.3,HIGH,12.5,380,HIGH_backlog
27.7,10,5,470.09002184424753,19.5,49.5,9,0,125,28,60,28.6,650.0,180,4.13,8,0.766,0,1,0,0,88.8,CRITICAL,27.5,836,CRITICAL_injunction
50.0,8,3,289.00862486326884,31.1,20.9,3,0,0,31,36,23.6,132.2,24,2.77,7,0.255,0,1,0,0,57.3,HIGH,13.4,407,HIGH_backlog
69.2,4,0,130.3913315457619,67.4,11.7,0,1,0,23,36,11.6,337.9,55,1.56,21,0.151,0,0,1,1,24.4,MODERATE,6.4,195,MODERATE_standard
30.1,14,2,283.13667158932043,9.0,60.0,88,1,341,50,48,23.2,468.7,171,4.67,23,0.476,1,0,0,0,73.7,CRITICAL,25.6,778,CRITICAL_injunction
69.2,4,0,114.02578829640495,62.8,13.9,0,1,0,19,24,15.8,145.7,30,1.7,23,0.161,0,0,0,1,26.7,MODERATE,5.4,164,MODERATE_standard
90.9,2,0,30.30722532871448,93.0,3.9,0,1,0,15,18,8.9,193.9,19,0.37,46,0.071,0,0,1,1,12.0,LOW,0.9,27,LOW_streamlined
51.9,6,2,268.00492256286566,35.1,29.3,8,1,0,21,36,22.9,580.3,147,3.19,13,0.398,0,0,0,1,52.8,HIGH,13.7,416,HIGH_backlog
82.0,0,0,27.350992367190273,94.7,6.9,0,1,0,13,30,4.9,142.5,13,0.3,26,0.054,0,0,1,1,12.0,LOW,0.8,24,LOW_streamlined
45.0,8,1,201.0888699901313,46.4,22.9,15,1,0,29,36,21.9,383.3,81,3.08,29,0.33,0,0,0,0,50.9,HIGH,11.3,344,HIGH_backlog
35.0,12,2,324.4707623109101,15.6,61.7,18,0,304,47,60,20.4,1150.5,377,4.6,9,0.559,0,0,0,0,87.3,CRITICAL,21.1,641,CRITICAL_injunction
47.0,7,1,250.61537098775784,35.6,28.9,22,1,0,35,36,16.1,449.1,97,2.38,23,0.355,1,0,0,0,54.6,HIGH,10.0,304,HIGH_backlog
12.6,18,5,522.2201598266452,22.8,59.6,269,0,178,38,48,23.5,1393.9,395,5.12,12,0.78,1,0,0,0,94.0,CRITICAL,30.3,921,CRITICAL_injunction
25.6,12,5,289.2956586105002,21.1,50.8,8,0,206,50,36,32.5,838.7,177,3.92,10,0.454,0,1,0,1,92.0,CRITICAL,26.8,815,CRITICAL_injunction
90.8,0,0,23.054191968820472,87.9,5.4,0,1,0,15,24,8.2,152.9,29,0.7,35,0.028,0,0,1,0,12.0,LOW,0.2,6,LOW_streamlined
47.1,9,2,295.64704515601875,31.5,25.8,13,1,118,32,48,20.8,299.0,86,2.27,22,0.385,0,0,0,0,53.8,HIGH,11.8,359,HIGH_backlog
55.3,6,2,221.28951766822047,38.6,29.5,11,1,78,24,48,22.5,756.2,146,2.34,8,0.289,0,0,0,0,45.8,HIGH,8.8,268,HIGH_backlog
64.1,4,0,138.92501638121286,60.9,17.0,0,1,0,14,24,11.4,65.2,10,1.33,36,0.083,0,0,0,1,24.7,MODERATE,5.5,167,MODERATE_standard
68.2,3,0,176.73635693135554,55.6,9.0,0,1,0,11,36,13.7,250.4,39,1.13,13,0.166,0,1,1,0,22.4,LOW,1.0,30,MODERATE_standard
73.1,3,0,164.32121578228995,70.8,9.1,0,1,0,15,36,9.4,87.2,13,1.39,31,0.196,0,0,0,1,17.4,LOW,0.2,6,MODERATE_standard
30.5,10,4,433.7967025779287,17.5,58.3,16,0,250,40,48,34.3,1339.8,323,4.75,14,0.745,0,0,0,1,90.4,CRITICAL,21.1,641,CRITICAL_injunction
81.2,0,0,42.95534569075964,92.4,7.3,0,1,0,11,24,5.7,163.8,25,0.24,19,0.016,0,0,1,1,12.0,LOW,1.3,40,LOW_streamlined
44.6,9,2,203.11225870837268,38.7,22.3,14,0,0,26,36,22.7,353.6,86,3.49,19,0.47,0,0,0,1,61.3,HIGH,9.6,292,HIGH_backlog
95.3,2,0,24.563862651013608,91.0,5.8,0,1,0,17,24,4.8,222.6,38,0.4,46,0.025,0,0,0,1,12.0,LOW,2.0,61,LOW_streamlined
45.5,7,1,292.4263446737773,33.0,23.4,21,1,93,21,36,17.4,380.8,98,3.1,4,0.452,0,0,0,0,48.5,HIGH,12.7,386,HIGH_backlog
60.8,3,0,79.92320606283118,71.9,10.4,0,1,0,12,24,9.3,96.4,14,1.38,32,0.158,0,0,0,1,21.9,LOW,1.1,33,MODERATE_standard
44.7,6,1,180.65892436770852,38.9,24.7,28,1,99,21,36,22.0,769.1,200,2.7,22,0.314,0,0,0,1,48.7,HIGH,11.9,362,HIGH_backlog
73.1,5,0,148.23240757111319,55.1,10.6,2,1,0,16,24,14.8,446.0,51,1.17,22,0.1,0,1,0,1,30.1,MODERATE,6.4,195,MODERATE_standard
52.2,7,1,204.41005825469207,25.6,22.8,11,0,0,34,48,19.9,196.4,49,2.28,17,0.366,0,0,0,0,50.7,HIGH,12.8,389,HIGH_backlog
23.6,10,2,524.3813505263797,23.0,47.4,54,0,132,51,60,30.1,670.1,147,5.14,8,0.584,1,0,0,1,91.1,CRITICAL,17.1,520,CRITICAL_injunction
68.7,2,0,115.34157563527795,71.8,14.1,0,1,0,9,24,15.0,250.6,31,1.47,32,0.102,0,0,1,1,22.9,LOW,0.4,12,MODERATE_standard
64.1,4,0,132.0763870293851,57.2,14.2,1,1,0,10,36,11.8,282.8,41,1.56,25,0.088,0,1,1,0,32.3,MODERATE,5.5,167,MODERATE_standard
25.1,12,5,387.18351339048,19.4,44.0,222,0,291,24,48,32.4,1132.7,385,5.12,12,0.579,1,0,0,0,94.0,CRITICAL,21.8,663,CRITICAL_injunction
79.4,0,0,14.726652656332831,77.0,7.2,0,1,0,12,18,8.6,150.7,9,0.22,27,0.07,0,0,0,1,12.0,LOW,1.8,55,LOW_streamlined
25.7,18,2,532.8211694812031,22.4,43.2,12,0,197,51,48,25.1,1131.9,250,4.14,13,0.653,0,0,0,0,84.1,CRITICAL,22.6,687,CRITICAL_injunction
95.6,0,0,41.13442466733538,82.3,4.4,0,1,0,17,30,5.6,97.7,12,0.64,34,0.073,0,0,0,1,12.0,LOW,0.3,9,LOW_streamlined
13.3,10,3,376.22324660621865,9.5,52.9,3,0,295,37,60,28.9,258.6,76,5.16,3,0.532,0,1,0,0,94.0,CRITICAL,30.1,915,CRITICAL_injunction
93.6,2,0,21.499210148629835,76.8,6.6,0,1,0,9,18,5.1,21.9,2,0.86,28,0.066,0,0,0,1,12.0,LOW,1.3,40,LOW_streamlined
29.1,12,5,427.69195818600735,9.9,47.9,4,0,200,35,36,30.1,257.6,84,4.72,14,0.587,0,1,0,1,91.2,CRITICAL,25.9,787,CRITICAL_injunction
60.3,2,1,139.0001063564446,51.6,12.3,0,1,0,17,24,14.5,76.0,12,1.26,16,0.142,0,0,0,0,30.7,MODERATE,3.7,112,MODERATE_standard
87.2,0,0,41.65520020098678,83.7,7.7,0,1,0,5,24,4.2,150.5,12,0.33,13,0.022,0,0,1,0,12.0,LOW,1.8,55,LOW_streamlined
86.8,1,0,16.789532917019265,87.6,6.9,0,1,0,8,30,8.7,133.1,15,0.61,39,0.08,0,0,0,0,12.0,LOW,1.6,49,LOW_streamlined
58.3,5,0,124.1937330062915,62.5,14.4,3,1,0,13,36,11.0,406.6,61,1.19,30,0.193,0,1,1,0,34.4,MODERATE,4.8,146,MODERATE_standard
25.6,10,5,543.5011596013408,23.2,35.4,18,0,289,36,48,34.5,1129.1,366,3.54,9,0.617,0,1,0,0,86.5,CRITICAL,18.3,556,CRITICAL_injunction
46.0,7,1,183.17117206162604,36.4,31.9,7,0,0,26,36,22.9,222.3,47,3.58,15,0.279,1,1,0,0,63.3,HIGH,12.0,365,HIGH_backlog
39.5,9,3,284.9627440139258,45.6,26.8,16,1,0,26,36,17.4,461.5,94,3.13,13,0.354,0,0,0,0,54.3,HIGH,9.2,280,HIGH_backlog
40.8,6,1,208.8722617313053,39.4,21.0,27,1,112,30,48,23.5,651.6,132,3.58,23,0.48,1,0,0,0,54.3,HIGH,14.4,438,HIGH_backlog
25.0,10,4,429.90434619202904,15.2,55.7,4,0,260,43,48,20.0,274.5,97,4.44,21,0.566,0,1,0,0,91.5,CRITICAL,22.3,678,CRITICAL_injunction
72.9,3,0,156.9389699202257,50.9,16.4,0,1,0,21,36,10.1,142.3,21,1.93,17,0.125,0,0,0,1,22.8,LOW,0.0,0,MODERATE_standard
54.4,9,1,181.42170652036663,45.1,26.5,5,0,67,28,36,18.9,116.2,24,2.31,26,0.311,1,1,0,1,59.4,HIGH,13.3,404,HIGH_backlog
94.8,1,0,16.167787201006032,91.8,5.4,0,1,0,15,30,4.2,195.7,26,0.69,13,0.067,0,0,0,1,12.0,LOW,0.3,9,LOW_streamlined
90.8,0,0,23.159828239539284,75.4,2.2,0,1,0,13,30,8.5,222.2,23,0.83,35,0.06,0,0,1,1,12.0,LOW,1.4,43,LOW_streamlined
89.6,0,0,45.35567186133297,82.4,2.3,0,1,0,12,18,8.4,157.2,21,0.73,16,0.034,0,0,1,1,12.0,LOW,1.9,58,LOW_streamlined
65.1,2,1,100.01557298257342,50.1,13.1,0,1,0,22,36,10.0,64.8,17,1.49,7,0.179,0,0,1,1,25.0,MODERATE,5.6,170,MODERATE_standard
20.8,10,2,532.4071484707544,6.1,42.2,10,0,344,39,48,23.8,733.9,210,3.71,8,0.729,0,1,0,0,88.3,CRITICAL,24.0,730,CRITICAL_injunction
33.6,10,3,374.04313726513,10.5,59.4,3,0,294,44,36,21.0,238.1,70,5.39,23,0.481,0,1,0,0,94.0,CRITICAL,19.7,599,CRITICAL_injunction
82.4,0,0,32.266501010359335,96.7,4.3,0,1,0,9,30,5.3,25.8,3,0.68,25,0.058,0,0,0,1,12.0,LOW,0.7,21,LOW_streamlined
91.9,2,0,13.365312098565731,97.6,6.1,0,1,0,13,30,4.1,52.9,8,0.55,21,0.045,0,0,1,1,12.0,LOW,1.4,43,LOW_streamlined
27.4,10,3,492.1639196431692,12.9,46.7,18,0,135,45,36,22.6,1116.8,360,5.19,14,0.685,0,1,0,1,91.3,CRITICAL,23.8,724,CRITICAL_injunction
80.0,2,0,56.399804336810334,76.4,4.5,0,1,0,17,24,5.8,108.2,12,0.28,39,0.028,0,0,1,1,12.7,LOW,2.2,67,LOW_streamlined
91.9,1,0,13.181733338206477,79.3,5.2,0,1,0,15,30,5.0,218.2,38,0.65,44,0.064,0,0,1,1,12.0,LOW,2.1,64,LOW_streamlined
54.7,8,1,287.1337286820118,30.1,21.5,26,1,84,27,48,16.7,423.6,109,2.74,12,0.453,0,0,0,0,47.6,HIGH,12.8,389,HIGH_backlog
23.9,12,4,391.7328999932023,23.7,53.4,4,1,320,49,36,34.2,491.2,94,4.37,13,0.598,0,0,0,0,75.6,CRITICAL,30.5,927,CRITICAL_injunction
54.9,7,3,291.74095533033085,41.6,21.2,19,0,52,35,36,19.0,685.1,216,3.38,6,0.484,0,1,0,0,53.6,HIGH,9.0,274,HIGH_backlog
19.5,12,5,447.17580388312433,14.9,58.1,262,1,323,24,48,22.3,1091.3,355,4.43,20,0.794,1,0,0,1,73.8,CRITICAL,18.2,553,CRITICAL_injunction
65.7,2,0,159.1857368273039,60.3,11.8,1,1,0,11,36,11.8,97.5,32,1.97,30,0.131,0,0,0,1,25.0,MODERATE,7.2,219,MODERATE_standard
15.5,12,3,291.5689436005132,5.3,51.9,14,0,257,40,36,29.3,1088.3,291,4.56,17,0.634,0,0,0,0,94.0,CRITICAL,31.1,945,CRITICAL_injunction
17.4,10,2,444.38247260298454,23.4,52.5,159,0,313,50,36,33.3,819.2,278,3.84,10,0.7,1,0,0,0,89.4,CRITICAL,21.1,641,CRITICAL_injunction
20.5,14,4,539.7141229634369,17.1,49.1,4,0,300,40,48,32.3,515.8,98,4.42,7,0.736,0,0,0,0,90.3,CRITICAL,25.7,781,CRITICAL_injunction
62.6,3,1,67.91482091845033,56.3,14.8,0,1,0,21,24,13.6,376.3,47,1.35,8,0.091,0,1,1,1,33.5,MODERATE,5.6,170,MODERATE_standard
60.3,3,0,120.66928865801904,61.7,13.2,0,1,0,9,36,9.9,279.2,45,1.61,15,0.219,0,0,1,1,26.4,MODERATE,6.7,204,MODERATE_standard
67.9,3,1,62.95962927722978,63.3,15.1,1,1,0,8,24,15.9,387.7,51,1.35,19,0.185,0,1,1,1,29.2,MODERATE,7.2,219,MODERATE_standard
65.3,2,0,156.7333838810094,63.2,11.4,0,1,0,20,24,11.7,52.5,15,1.73,11,0.136,0,0,0,1,24.9,MODERATE,4.2,128,MODERATE_standard
47.0,6,2,253.82229205092824,45.0,22.7,4,1,94,33,36,19.8,400.7,73,2.82,6,0.445,0,0,0,1,48.2,HIGH,8.5,258,HIGH_backlog
14.2,12,5,514.881760322236,6.0,36.6,11,0,216,48,48,32.4,1075.9,224,3.94,14,0.711,0,0,0,1,89.3,CRITICAL,30.0,912,CRITICAL_injunction
45.7,9,2,191.87889994171405,27.8,28.3,18,1,0,26,36,17.9,666.4,182,2.89,17,0.286,0,1,0,0,59.6,HIGH,9.9,301,HIGH_backlog
33.2,12,3,338.2402331340955,19.7,63.3,15,0,249,37,36,27.2,964.4,310,4.43,8,0.654,0,1,0,0,91.2,CRITICAL,30.0,912,CRITICAL_injunction
86.9,0,0,44.88757214859327,84.7,0.8,0,1,0,14,18,7.9,127.1,24,0.26,29,0.021,0,0,0,1,12.0,LOW,0.2,6,LOW_streamlined
49.6,7,1,315.4146055591948,47.7,21.8,8,1,104,31,36,19.2,165.0,38,3.23,27,0.315,1,1,0,1,55.3,HIGH,10.5,319,HIGH_backlog
35.9,18,3,320.19168755759875,8.1,44.4,15,0,320,25,48,34.2,1410.4,307,5.26,6,0.468,0,1,0,1,87.3,CRITICAL,28.8,876,CRITICAL_injunction
59.0,4,1,65.49295956407329,53.9,16.0,0,1,0,11,36,13.9,88.0,20,1.68,27,0.121,0,0,0,1,26.9,MODERATE,3.4,103,MODERATE_standard
72.9,4,0,89.86329415246273,61.1,13.5,1,1,0,15,24,16.0,395.2,53,1.35,29,0.149,0,0,0,1,26.1,MODERATE,6.0,182,MODERATE_standard
55.9,9,2,231.49035213640067,44.8,35.5,36,1,116,22,36,19.5,565.9,185,3.05,24,0.426,1,1,0,0,61.4,HIGH,12.3,374,HIGH_backlog
58.4,2,0,75.10416859862717,62.1,13.2,0,1,0,8,36,12.5,190.4,21,1.24,7,0.11,0,0,1,1,21.6,LOW,1.7,52,MODERATE_standard
32.8,12,5,452.53058852531785,11.8,55.2,137,0,264,41,60,29.7,950.1,239,4.46,21,0.734,1,0,0,0,91.7,CRITICAL,31.3,952,CRITICAL_injunction
23.1,18,3,335.4127746346804,6.4,51.2,3,0,235,42,48,24.8,249.7,75,4.28,14,0.547,0,1,0,0,91.1,CRITICAL,30.2,918,CRITICAL_injunction
17.9,14,4,487.5325519696936,15.3,42.1,15,0,341,41,48,23.6,1316.1,310,4.74,11,0.481,0,1,0,0,91.6,CRITICAL,28.7,872,CRITICAL_injunction
44.6,7,1,230.80361533629002,33.9,30.3,28,1,118,23,36,21.9,694.9,173,2.3,20,0.426,0,0,0,0,51.4,HIGH,9.8,298,HIGH_backlog
69.8,4,0,172.11082664491727,65.6,11.6,2,1,0,11,36,12.6,448.4,98,1.33,28,0.185,0,0,0,0,29.9,MODERATE,3.3,100,MODERATE_standard
15.3,12,4,449.01631417164646,18.9,61.8,186,0,298,37,60,30.7,947.3,310,3.51,4,0.459,1,0,0,1,94.0,CRITICAL,30.7,933,CRITICAL_injunction
52.5,9,1,309.3690741936899,27.8,32.8,7,1,0,28,36,16.6,251.2,64,2.68,13,0.382,1,1,0,0,61.4,HIGH,11.6,353,HIGH_backlog
79.8,2,0,24.7550613929159,79.8,6.0,0,1,0,15,24,7.7,95.9,12,0.79,16,0.015,0,0,0,1,15.3,LOW,1.1,33,LOW_streamlined
25.0,18,5,480.4712759229916,14.4,56.6,44,0,172,45,36,25.3,484.0,110,3.75,13,0.606,1,0,0,1,92.3,CRITICAL,17.1,520,CRITICAL_injunction
53.7,9,2,200.23556863820858,41.0,34.3,14,0,0,24,36,20.0,424.5,113,2.74,13,0.446,0,0,0,1,53.5,HIGH,14.3,435,HIGH_backlog
62.5,3,0,135.70047457441484,67.5,15.9,0,1,0,22,36,11.9,263.5,55,1.42,34,0.108,0,0,0,0,25.5,MODERATE,3.9,119,MODERATE_standard
76.4,2,0,33.39377523103285,81.8,1.1,0,1,0,11,30,6.0,224.6,26,0.74,36,0.056,0,0,1,1,12.0,LOW,2.3,70,LOW_streamlined
22.7,10,3,477.9711032418693,9.9,42.9,17,0,354,25,60,33.7,1232.3,356,4.33,19,0.515,0,0,0,1,88.4,CRITICAL,27.2,827,CRITICAL_injunction
89.5,0,0,39.2340555377576,97.8,6.5,0,1,0,11,30,5.9,82.5,8,0.37,47,0.011,0,0,1,1,12.0,LOW,1.8,55,LOW_streamlined
63.0,3,1,117.16255954695914,61.6,13.3,1,1,0,8,36,10.0,448.0,49,1.27,9,0.118,0,1,0,1,33.6,MODERATE,4.5,137,MODERATE_standard
62.2,3,0,101.55560767161927,56.2,12.0,0,1,0,15,36,10.9,193.2,19,1.82,27,0.181,0,0,0,1,24.7,MODERATE,3.8,116,MODERATE_standard
21.8,12,4,497.81460386818765,5.2,64.4,14,0,299,27,36,21.1,1396.4,292,4.42,3,0.667,0,1,0,1,94.0,CRITICAL,16.8,511,CRITICAL_injunction
70.9,4,1,124.5307018515015,58.0,17.1,1,1,0,20,24,15.7,149.7,24,1.95,36,0.108,0,0,1,1,31.5,MODERATE,6.6,201,MODERATE_standard
40.8,7,3,260.40981800041374,26.3,31.6,9,0,0,20,48,21.1,289.4,63,2.6,6,0.498,0,1,0,1,64.1,HIGH,9.3,283,HIGH_backlog
76.9,1,0,56.149408528174455,80.9,7.5,0,1,0,13,30,6.5,166.6,23,0.49,22,0.067,0,0,1,1,14.6,LOW,0.6,18,LOW_streamlined
60.6,5,1,160.75878078842806,52.4,16.9,1,1,0,18,24,11.9,353.3,77,1.56,21,0.218,0,1,1,1,42.6,MODERATE,4.7,143,MODERATE_standard
43.0,7,1,240.18361628718003,43.7,21.2,10,0,0,34,48,17.9,233.2,47,2.88,4,0.411,1,1,0,0,55.6,HIGH,12.0,365,HIGH_backlog
83.2,1,0,43.47461680831621,79.9,5.9,0,1,0,5,30,6.5,34.8,8,0.88,43,0.049,0,0,1,1,13.7,LOW,0.7,21,LOW_streamlined
35.0,10,5,468.02753922168955,8.1,38.3,283,0,241,45,60,28.1,1384.6,415,4.08,5,0.723,1,0,0,0,90.2,CRITICAL,19.4,590,CRITICAL_injunction
13.7,14,5,362.8011845503942,5.2,62.6,107,1,179,35,60,24.7,963.3,232,4.4,13,0.704,1,0,0,0,75.1,CRITICAL,23.4,711,CRITICAL_injunction
19.8,10,2,316.00291765399044,10.2,42.0,20,0,171,48,36,20.1,1439.7,407,3.59,17,0.667,0,1,0,0,86.7,CRITICAL,17.1,520,CRITICAL_injunction
24.6,12,2,520.1101487147579,9.1,41.2,59,1,132,42,36,26.4,422.6,113,5.13,10,0.542,1,0,0,0,71.9,CRITICAL,25.2,766,CRITICAL_injunction
29.6,10,2,469.97825992465835,13.8,52.4,52,1,224,31,36,31.0,402.9,104,5.35,21,0.752,1,0,0,1,75.2,CRITICAL,30.2,918,CRITICAL_injunction
75.8,0,0,52.262884522173294,89.4,6.1,0,1,0,7,18,8.1,107.1,12,0.43,42,0.034,0,0,0,1,12.0,LOW,0.5,15,LOW_streamlined
78.7,0,0,17.332616930953694,75.7,0.2,0,1,0,6,30,8.6,172.9,13,0.34,14,0.038,0,0,0,1,12.0,LOW,1.2,36,LOW_streamlined
86.2,0,0,13.465332328940917,94.0,0.2,0,1,0,5,30,5.6,160.7,23,0.4,39,0.019,0,0,1,1,12.0,LOW,2.0,61,LOW_streamlined
89.5,1,0,23.22326112567306,84.3,4.2,0,1,0,15,24,5.7,132.7,19,0.87,14,0.065,0,0,0,1,12.0,LOW,0.1,3,LOW_streamlined
65.1,2,1,160.4326386572795,64.3,12.9,0,1,0,20,24,12.8,289.0,43,1.27,23,0.095,0,1,1,0,25.9,MODERATE,4.4,134,MODERATE_standard
35.2,12,5,367.96643866437034,9.3,53.4,10,0,296,41,60,31.8,891.3,211,5.37,10,0.541,0,1,0,0,89.9,CRITICAL,23.6,717,CRITICAL_injunction
20.4,10,3,471.8984846238734,17.6,54.5,90,1,278,37,36,32.1,684.4,198,5.16,2,0.694,1,0,0,0,75.3,CRITICAL,22.3,678,CRITICAL_injunction
53.1,6,1,312.06506672323667,40.2,23.9,5,0,0,27,48,21.1,128.3,39,2.45,27,0.312,0,1,0,0,50.9,HIGH,14.4,438,HIGH_backlog
70.2,2,0,71.14683184499208,65.7,10.6,1,1,0,13,24,12.2,260.1,38,1.49,18,0.217,0,0,1,1,20.6,LOW,2.0,61,MODERATE_standard
15.1,12,5,490.38444271378125,13.9,44.5,265,0,209,30,60,24.6,1102.9,360,4.31,13,0.71,1,0,0,0,90.7,CRITICAL,21.1,641,CRITICAL_injunction
46.2,6,1,216.7054366545442,41.5,26.4,34,1,0,28,36,17.4,639.9,207,2.56,17,0.493,0,1,0,0,50.2,HIGH,10.0,304,HIGH_backlog
60.0,2,1,116.23359721735112,60.3,17.9,2,1,0,23,36,11.4,270.0,64,1.29,15,0.217,0,0,0,1,29.5,MODERATE,4.9,149,MODERATE_standard
93.0,0,0,49.31144325173909,83.4,4.7,0,1,0,14,18,5.5,134.6,12,0.43,17,0.038,0,0,0,1,12.0,LOW,0.8,24,LOW_streamlined
66.4,2,0,90.68218517975006,65.6,9.3,3,1,0,21,24,10.2,436.3,82,1.64,22,0.181,0,0,0,1,26.2,MODERATE,5.0,152,MODERATE_standard
88.9,0,0,45.6807576285952,88.2,7.7,0,1,0,15,24,7.0,167.1,17,0.51,17,0.057,0,0,0,1,12.0,LOW,1.4,43,LOW_streamlined
61.9,4,0,153.69323195703856,55.4,12.5,0,1,0,9,36,12.9,362.1,45,1.48,18,0.111,0,1,1,1,29.7,MODERATE,5.5,167,MODERATE_standard
79.7,0,0,31.777039003355213,94.6,5.5,0,1,0,11,30,4.5,119.7,17,0.8,15,0.059,0,0,1,1,12.0,LOW,1.8,55,LOW_streamlined
93.2,0,0,10.50503011551859,88.2,6.8,0,1,0,11,18,5.6,203.1,22,0.89,38,0.06,0,0,1,1,12.0,LOW,1.1,33,LOW_streamlined
93.3,1,0,22.484662451761913,82.5,0.3,0,1,0,15,18,8.9,22.8,4,0.54,45,0.04,0,0,1,1,12.0,LOW,0.9,27,LOW_streamlined
64.4,3,0,108.9016002580294,68.7,8.6,0,1,0,17,24,12.4,72.5,9,1.11,33,0.127,0,0,0,0,20.8,LOW,2.3,70,MODERATE_standard
39.1,8,2,293.76192311698935,40.5,28.5,23,0,0,27,36,19.2,454.0,99,2.4,7,0.428,0,0,0,0,57.6,HIGH,12.2,371,HIGH_backlog
41.9,6,1,279.91744473417305,42.6,21.0,18,1,73,22,48,18.7,784.7,202,2.89,12,0.468,0,1,0,1,51.2,HIGH,9.2,280,HIGH_backlog
43.8,7,1,264.0926347588752,25.5,32.5,5,1,0,25,36,20.5,132.7,36,2.91,18,0.416,0,1,0,1,56.7,HIGH,8.4,255,HIGH_backlog
55.2,6,3,215.02920420387917,30.1,28.7,25,1,0,23,36,22.5,791.1,215,2.78,24,0.457,1,0,0,0,58.3,HIGH,9.8,298,HIGH_backlog
64.5,3,0,82.39068692477755,56.7,12.1,1,1,0,18,24,10.8,209.2,36,1.55,19,0.195,0,0,0,0,29.3,MODERATE,4.5,137,MODERATE_standard
51.8,6,3,233.3779136230113,32.5,33.4,6,0,0,28,48,23.3,293.5,69,2.88,8,0.384,0,0,0,0,55.7,HIGH,12.0,365,HIGH_backlog
51.2,7,1,268.85139662478434,44.8,29.2,6,1,96,23,48,22.1,665.1,121,3.15,6,0.366,0,0,0,0,49.5,HIGH,9.6,292,HIGH_backlog
55.9,7,2,203.1513824254245,46.8,25.9,39,1,65,31,48,16.8,772.4,191,2.93,15,0.307,0,0,0,0,45.4,HIGH,15.0,456,HIGH_backlog
12.5,18,4,351.7879549834637,17.6,43.6,8,0,241,43,48,29.7,529.2,162,3.77,13,0.615,0,1,0,1,93.6,CRITICAL,26.0,790,CRITICAL_injunction
68.1,3,0,79.38672385494617,67.6,13.7,0,1,0,10,24,14.2,196.9,35,1.1,20,0.106,0,0,0,0,23.6,LOW,0.4,12,MODERATE_standard
46.7,6,1,269.6569286504482,44.4,20.5,14,0,46,19,48,18.3,394.8,72,2.93,4,0.382,0,1,0,1,54.8,HIGH,12.1,368,HIGH_backlog
52.2,7,2,206.23894389897222,38.5,23.5,24,0,54,26,48,19.6,599.7,137,3.15,27,0.281,0,1,0,1,58.3,HIGH,8.9,271,HIGH_backlog
71.0,2,0,127.61756216512288,61.2,17.1,0,1,0,18,24,14.4,302.7,70,1.56,33,0.206,0,0,1,0,24.9,MODERATE,6.3,192,MODERATE_standard
46.1,7,1,238.3466304089925,30.5,25.7,4,0,86,32,36,17.2,301.0,67,2.8,19,0.343,0,0,0,1,59.3,HIGH,9.5,289,HIGH_backlog
45.1,9,2,311.00806546823776,32.7,24.2,38,0,60,25,48,21.3,648.4,170,3.47,5,0.361,0,0,0,1,58.7,HIGH,13.7,416,HIGH_backlog
54.2,6,1,287.15323287438207,28.6,29.1,36,0,43,33,36,19.3,729.5,197,2.97,19,0.251,1,0,0,1,57.2,HIGH,12.9,392,HIGH_backlog
80.4,0,0,47.91838540292673,83.8,5.0,0,1,0,8,30,7.6,248.9,55,0.82,31,0.03,0,0,0,0,12.0,LOW,0.7,21,LOW_streamlined
54.5,8,1,189.96353930936226,37.5,30.3,23,1,0,24,48,19.8,407.3,119,2.75,17,0.299,0,1,0,1,52.2,HIGH,10.4,316,HIGH_backlog
52.3,6,1,206.86618513747723,41.3,34.0,23,1,0,28,36,20.1,717.0,168,2.93,22,0.3,1,0,0,1,49.0,HIGH,12.7,386,HIGH_backlog
40.4,6,2,240.90524482730086,36.2,32.1,29,0,47,25,48,20.9,644.1,179,2.7,18,0.272,0,0,0,0,57.4,HIGH,10.6,322,HIGH_backlog
19.9,14,2,460.86403042250305,10.6,62.3,14,1,175,29,60,21.9,994.1,294,3.59,23,0.595,0,0,0,0,72.7,CRITICAL,30.7,933,CRITICAL_injunction
59.6,3,0,171.7495413165248,52.4,17.8,0,1,0,22,24,11.3,219.1,26,1.4,34,0.217,0,0,0,1,25.1,MODERATE,6.3,192,MODERATE_standard
17.9,12,4,322.99490817493296,20.2,38.6,216,1,352,36,60,32.2,1237.3,401,4.3,12,0.775,1,0,0,1,76.3,CRITICAL,28.8,876,CRITICAL_injunction
83.5,0,0,23.044641232283112,78.3,4.9,0,1,0,6,24,7.2,140.0,17,0.84,17,0.023,0,0,1,1,12.0,LOW,0.7,21,LOW_streamlined
88.5,0,0,28.580672954921297,90.8,6.5,0,1,0,9,18,8.6,33.1,6,0.29,43,0.06,0,0,0,1,12.0,LOW,0.8,24,LOW_streamlined
69.9,3,1,94.9123573589038,71.3,14.5,1,1,0,13,24,15.1,358.8,61,1.42,33,0.21,0,0,1,1,27.8,MODERATE,7.0,213,MODERATE_standard
55.1,7,2,318.42242876806847,29.4,28.8,5,0,74,25,36,23.3,141.2,22,3.1,13,0.366,0,1,0,1,57.3,HIGH,14.7,447,HIGH_backlog
63.7,3,0,81.7127114866007,66.9,10.9,2,1,0,23,36,11.0,246.8,46,1.1,38,0.14,0,0,0,1,24.6,MODERATE,5.5,167,MODERATE_standard
62.2,2,1,130.42631596096905,68.7,18.0,0,1,0,15,36,9.1,181.2,25,1.41,6,0.092,0,0,0,1,23.9,LOW,1.2,36,MODERATE_standard
72.3,2,0,172.3683359485745,59.7,12.2,0,1,0,14,24,11.0,56.4,18,1.45,25,0.093,0,0,1,0,18.4,LOW,0.8,24,MODERATE_standard
19.4,10,5,409.03466744537695,11.9,35.4,12,0,176,45,48,34.7,849.9,250,3.99,18,0.677,0,1,0,0,87.7,CRITICAL,22.5,684,CRITICAL_injunction
46.2,6,1,243.207853450106,27.5,22.8,19,1,55,28,36,17.0,323.7,87,3.59,15,0.293,1,1,0,0,53.6,HIGH,13.9,423,HIGH_backlog
50.5,7,1,233.07396590584173,30.2,24.4,13,0,0,34,48,19.0,296.4,62,2.7,15,0.419,0,1,0,0,54.3,HIGH,12.7,386,HIGH_backlog
81.9,0,0,22.862113854600366,95.9,6.2,0,1,0,6,30,4.1,193.9,17,0.8,19,0.064,0,0,0,1,12.0,LOW,0.8,24,LOW_streamlined
53.2,6,1,237.9961745937697,34.7,29.9,15,0,114,21,36,18.2,560.9,94,2.56,23,0.485,0,1,0,1,60.0,HIGH,10.6,322,HIGH_backlog
50.6,6,2,307.22072212881085,47.3,26.7,20,0,111,31,48,16.9,548.4,98,2.96,29,0.498,0,0,0,0,61.9,HIGH,8.9,271,HIGH_backlog
91.3,0,0,14.73605894891116,90.4,1.0,0,1,0,10,24,4.2,249.4,44,0.58,27,0.032,0,0,1,1,12.0,LOW,1.3,40,LOW_streamlined
91.3,0,0,24.438540846508864,93.2,5.8,0,1,0,14,18,5.8,157.2,21,0.56,20,0.07,0,0,1,1,12.0,LOW,2.2,67,LOW_streamlined
33.1,14,5,455.09090484223725,16.4,48.5,7,0,357,39,60,32.9,715.4,142,4.97,20,0.8,0,0,0,0,90.8,CRITICAL,27.3,830,CRITICAL_injunction
62.5,4,0,110.3188529499692,60.4,8.3,2,1,0,23,36,10.1,304.8,53,1.41,38,0.203,0,1,1,0,31.9,MODERATE,3.5,106,MODERATE_standard
92.7,0,0,19.9408476749187,92.3,3.2,0,1,0,17,24,4.6,123.4,16,0.25,23,0.058,0,0,1,0,12.0,LOW,0.8,24,LOW_streamlined
20.4,14,3,450.6749928840334,7.4,48.7,4,0,222,44,36,20.7,413.7,87,4.91,14,0.602,0,1,0,1,91.7,CRITICAL,22.9,696,CRITICAL_injunction
59.8,3,0,170.66140321395514,51.7,12.4,0,1,0,22,36,15.8,93.2,17,1.33,25,0.145,0,0,0,1,27.4,MODERATE,5.4,164,MODERATE_standard
81.0,0,0,37.02793503130982,89.8,7.0,0,1,0,14,18,5.7,91.9,12,0.88,18,0.07,0,0,0,1,12.0,LOW,0.3,9,LOW_streamlined
44.4,6,2,282.8437196659623,47.5,34.1,10,0,0,20,36,16.3,200.5,59,3.53,10,0.325,0,1,0,0,60.7,HIGH,11.0,334,HIGH_backlog
27.2,10,5,337.62994689080847,17.6,54.5,14,0,188,34,60,34.0,1239.3,295,5.16,19,0.452,0,0,0,0,94.0,CRITICAL,21.7,660,CRITICAL_injunction
69.0,2,0,101.70388747087362,56.2,11.8,1,1,0,9,36,12.6,319.4,65,1.96,31,0.191,0,1,1,1,31.5,MODERATE,4.5,137,MODERATE_standard
81.8,0,0,24.566390166679184,91.5,2.4,0,1,0,4,18,6.9,178.2,29,0.25,35,0.02,0,0,0,1,12.0,LOW,2.4,73,LOW_streamlined
61.2,4,0,69.51990406685682,67.5,8.1,0,1,0,19,36,11.5,437.1,69,1.26,37,0.154,0,0,0,0,19.3,LOW,0.9,27,MODERATE_standard
41.7,6,1,313.28210633515187,34.8,28.5,3,0,0,32,36,23.1,267.3,68,3.43,10,0.4,0,1,0,0,53.4,HIGH,12.6,383,HIGH_backlog
53.9,7,2,184.20303584784605,38.2,32.9,3,1,0,33,48,18.6,285.9,48,2.33,5,0.355,1,1,0,1,57.3,HIGH,10.0,304,HIGH_backlog
60.0,3,1,160.70477639447233,59.4,11.9,0,1,0,13,24,10.0,95.6,13,1.25,20,0.125,0,0,1,0,27.6,MODERATE,5.9,179,MODERATE_standard
35.9,14,2,528.9953059631779,8.1,46.2,4,0,222,36,48,22.2,406.3,81,3.78,16,0.578,0,1,0,1,89.4,CRITICAL,25.8,784,CRITICAL_injunction
53.0,6,1,257.62276942279414,32.2,29.4,37,0,0,22,48,18.7,648.6,167,3.21,23,0.302,0,0,0,1,54.3,HIGH,9.1,277,HIGH_backlog
39.5,7,1,244.87944671472383,42.1,32.4,4,1,0,25,48,17.0,304.5,55,2.46,29,0.315,0,1,0,1,57.0,HIGH,14.2,432,HIGH_backlog
40.1,8,2,186.82171778338477,27.7,20.3,3,0,81,34,36,18.0,169.5,41,2.72,28,0.478,0,0,0,0,59.3,HIGH,14.7,447,HIGH_backlog
77.6,0,0,35.20024797627606,88.2,2.8,0,1,0,12,24,6.8,131.2,12,0.86,20,0.041,0,0,1,0,12.0,LOW,0.5,15,LOW_streamlined
28.7,10,3,367.5576541688235,6.9,56.6,7,0,133,43,48,31.0,457.0,143,4.55,5,0.529,0,0,0,1,91.7,CRITICAL,25.3,769,CRITICAL_injunction
22.0,14,2,347.5730653427593,14.4,59.6,83,1,229,35,36,32.8,634.9,161,4.64,13,0.578,1,0,0,1,73.1,CRITICAL,28.3,860,CRITICAL_injunction
93.7,1,0,23.25400274377394,76.1,5.3,0,1,0,11,30,4.6,157.0,32,0.5,44,0.012,0,0,0,1,12.0,LOW,0.7,21,LOW_streamlined
94.4,0,0,45.29126153929745,86.3,1.5,0,1,0,15,24,8.2,170.9,26,0.47,26,0.024,0,0,1,1,12.0,LOW,0.8,24,LOW_streamlined
90.8,1,0,14.759749156551424,96.9,6.1,0,1,0,6,24,6.3,241.6,21,0.69,47,0.016,0,0,1,1,12.0,LOW,1.1,33,LOW_streamlined
67.1,5,1,88.62694259779428,70.9,9.6,0,1,0,23,36,10.9,287.5,30,1.47,25,0.219,0,0,0,0,24.8,MODERATE,7.1,216,MODERATE_standard
94.8,2,0,59.41101082685052,85.5,1.2,0,1,0,5,30,7.9,247.9,27,0.79,46,0.075,0,0,1,1,12.0,LOW,1.3,40,LOW_streamlined
26.7,10,5,541.1630916792785,5.6,60.4,11,0,133,38,36,25.0,661.5,228,3.52,18,0.689,0,1,0,0,91.7,CRITICAL,27.1,824,CRITICAL_injunction
69.8,2,1,97.96729864384997,57.0,8.6,1,1,0,8,36,9.4,325.2,53,1.95,26,0.085,0,0,0,0,27.7,MODERATE,5.7,173,MODERATE_standard
79.4,0,0,41.524683349412584,75.9,6.0,0,1,0,16,24,8.9,181.6,19,0.89,27,0.064,0,0,1,1,12.0,LOW,1.8,55,LOW_streamlined
20.6,18,4,292.52371822867576,16.1,63.1,6,1,233,43,36,34.0,457.7,137,3.62,6,0.669,0,0,0,0,72.0,CRITICAL,26.2,796,CRITICAL_injunction
92.2,0,0,47.10079164121262,76.1,1.4,0,1,0,7,24,7.3,190.2,22,0.42,34,0.057,0,0,0,1,12.0,LOW,2.3,70,LOW_streamlined
65.0,3,0,109.40112663586457,56.3,17.6,1,1,0,13,24,11.3,416.8,73,1.11,25,0.126,0,1,1,1,30.8,MODERATE,4.8,146,MODERATE_standard
34.7,14,5,337.88286119879353,9.1,51.5,92,0,257,36,60,34.8,903.6,192,4.43,14,0.497,1,0,0,0,90.3,CRITICAL,19.5,593,CRITICAL_injunction
66.4,5,1,154.9650931155022,70.4,11.8,0,1,0,22,24,10.7,173.1,18,1.33,25,0.218,0,0,1,0,24.6,MODERATE,4.9,149,MODERATE_standard
42.5,6,1,273.70358721996854,44.7,22.8,9,1,96,22,48,18.1,595.8,165,2.75,20,0.487,0,0,0,0,50.3,HIGH,9.8,298,HIGH_backlog
65.0,4,1,116.01064173872663,66.7,14.8,2,1,0,12,24,9.3,238.2,46,1.57,7,0.215,0,0,0,1,28.8,MODERATE,7.5,228,MODERATE_standard
92.8,0,0,47.26724730337139,88.2,6.0,0,1,0,10,24,7.7,48.1,4,0.43,15,0.064,0,0,1,1,12.0,LOW,2.0,61,LOW_streamlined
86.6,2,0,34.15166011361396,76.0,1.6,0,1,0,17,30,7.6,206.7,27,0.66,44,0.029,0,0,0,1,12.0,LOW,0.2,6,LOW_streamlined
41.2,6,3,230.6907415128356,37.2,23.7,8,1,0,35,48,16.3,315.3,51,2.85,7,0.408,0,1,0,0,58.0,HIGH,8.2,249,HIGH_backlog
32.3,12,4,374.27636622612255,22.8,62.9,92,0,192,34,48,31.2,600.5,163,4.11,21,0.5,1,0,0,0,84.7,CRITICAL,16.4,499,CRITICAL_injunction
33.9,14,2,441.3243687754443,5.4,62.3,118,0,275,32,60,27.0,1395.6,320,5.42,18,0.537,1,0,0,1,92.9,CRITICAL,28.2,857,CRITICAL_injunction
39.7,9,1,190.02784870179696,38.2,26.8,20,1,0,37,48,21.4,450.1,86,3.17,5,0.44,0,0,0,0,58.5,HIGH,13.4,407,HIGH_backlog
42.4,8,3,253.742889073407,39.1,34.6,7,1,84,35,48,16.5,213.3,43,2.45,4,0.277,0,0,0,0,52.9,HIGH,8.0,243,HIGH_backlog
58.9,4,0,131.15151044722026,60.9,13.7,0,1,0,14,36,10.2,274.5,32,1.75,16,0.166,0,0,0,0,24.8,MODERATE,7.0,213,MODERATE_standard
91.9,1,0,14.985782343104583,87.3,5.3,0,1,0,6,24,6.7,144.1,22,0.52,30,0.034,0,0,0,1,12.0,LOW,2.2,67,LOW_streamlined
39.4,6,3,254.94086564675763,29.2,26.7,36,0,83,27,36,23.3,721.0,168,3.16,6,0.354,0,1,0,0,68.8,CRITICAL,26.2,796,HIGH_backlog
42.9,9,2,197.10272885738524,27.2,28.8,22,0,0,25,48,20.0,452.6,102,2.61,22,0.372,1,1,0,0,64.8,HIGH,9.6,292,HIGH_backlog
68.6,3,0,77.30267125568727,59.8,14.4,0,1,0,11,24,13.4,195.8,30,1.11,10,0.179,0,0,0,0,22.5,LOW,0.2,6,MODERATE_standard
87.0,0,0,20.69487786007157,81.6,2.3,0,1,0,6,30,8.0,80.4,9,0.57,24,0.075,0,0,0,1,12.0,LOW,0.8,24,LOW_streamlined
54.5,7,3,203.55143788189812,38.4,30.5,23,1,0,26,48,17.0,416.9,104,2.79,5,0.481,0,1,0,1,57.5,HIGH,13.7,416,HIGH_backlog
49.1,8,2,185.17935406893932,32.1,26.0,18,1,47,33,48,20.2,484.2,114,3.05,27,0.379,0,0,0,1,54.2,HIGH,9.8,298,HIGH_backlog
68.1,2,0,121.29547035020869,58.8,15.5,0,1,0,23,24,12.4,146.7,33,1.31,22,0.181,0,0,0,1,20.1,LOW,0.7,21,MODERATE_standard
58.5,2,1,167.12995496201938,71.0,10.8,1,1,0,14,24,14.3,373.1,63,1.39,23,0.201,0,1,1,0,32.0,MODERATE,3.4,103,MODERATE_standard
61.8,3,0,87.69540536772482,58.9,17.3,0,1,0,16,24,13.1,138.1,19,1.43,29,0.115,0,0,1,1,26.3,MODERATE,6.5,198,MODERATE_standard
81.0,2,0,33.5579569160395,95.2,6.9,0,1,0,10,18,7.9,202.2,24,0.61,17,0.054,0,0,1,1,12.0,LOW,0.9,27,LOW_streamlined
43.9,6,2,192.78125927112222,45.2,34.4,23,1,42,28,36,19.5,754.2,159,3.31,27,0.314,1,0,0,1,55.4,HIGH,8.2,249,HIGH_backlog
70.8,3,0,60.080089707272734,62.7,12.3,1,1,0,13,36,16.0,323.3,55,1.48,15,0.187,0,0,0,1,26.8,MODERATE,7.0,213,MODERATE_standard
90.0,0,0,33.17551661167205,79.2,0.3,0,1,0,5,18,8.2,211.0,20,0.63,46,0.07,0,0,1,1,12.0,LOW,2.4,73,LOW_streamlined
28.6,12,3,300.45089567503607,16.2,35.6,92,1,162,40,48,33.0,940.1,214,4.21,11,0.587,1,0,0,0,72.2,CRITICAL,20.2,614,CRITICAL_injunction
72.6,3,0,70.7577965841788,58.1,15.1,0,1,0,8,24,10.0,177.9,48,1.86,12,0.182,0,1,1,1,26.2,MODERATE,5.1,155,MODERATE_standard
78.3,0,0,37.53349555417564,89.9,0.2,0,1,0,15,18,7.6,230.7,37,0.48,13,0.072,0,0,1,1,12.0,LOW,2.3,70,LOW_streamlined
35.3,10,3,486.79121112051314,14.3,42.9,19,0,167,36,60,30.1,1415.1,389,3.76,6,0.458,0,1,0,0,85.1,CRITICAL,26.9,818,CRITICAL_injunction
69.2,4,0,93.47771579691437,66.9,11.6,1,1,0,13,36,14.6,364.3,60,1.33,16,0.165,0,0,1,0,27.8,MODERATE,4.7,143,MODERATE_standard
48.8,9,2,220.32043659019382,34.2,35.3,29,1,79,30,48,23.7,688.0,147,2.23,17,0.447,0,0,0,0,53.2,HIGH,8.5,258,HIGH_backlog
69.7,3,0,157.8410847645556,54.9,12.1,1,1,0,10,36,11.7,135.5,24,1.94,38,0.215,0,0,0,1,31.2,MODERATE,4.6,140,MODERATE_standard
89.1,1,0,19.113014944513083,93.1,1.0,0,1,0,4,18,7.8,165.0,28,0.75,45,0.061,0,0,0,0,12.0,LOW,1.7,52,LOW_streamlined
29.0,14,3,540.8907876364997,11.6,59.9,159,0,331,37,48,28.7,1058.6,310,4.37,16,0.506,1,0,0,0,93.7,CRITICAL,20.3,617,CRITICAL_injunction
13.7,12,4,512.5909045269966,22.6,60.2,4,0,224,48,60,33.2,336.4,81,4.24,8,0.794,0,1,0,1,92.8,CRITICAL,21.0,638,CRITICAL_injunction
70.2,2,0,166.7665696338572,53.8,8.9,0,1,0,18,36,13.9,122.6,20,1.38,35,0.174,0,1,0,0,19.2,LOW,2.4,73,MODERATE_standard
60.9,4,1,156.16040997006058,52.2,11.8,3,1,0,11,24,12.7,420.2,62,1.71,33,0.09,0,1,0,1,37.1,MODERATE,3.4,103,MODERATE_standard
79.1,2,0,53.43388751209596,89.1,1.6,0,1,0,5,18,4.3,33.8,7,0.7,18,0.032,0,0,0,1,12.0,LOW,2.1,64,LOW_streamlined
87.4,1,0,34.90576376715683,76.5,5.4,0,1,0,7,18,8.2,170.0,18,0.76,26,0.078,0,0,1,1,12.0,LOW,1.2,36,LOW_streamlined
83.7,0,0,54.94137206035891,96.9,5.5,0,1,0,11,18,5.5,110.6,10,0.2,38,0.065,0,0,1,1,12.0,LOW,1.9,58,LOW_streamlined
46.5,6,1,199.28816137249905,28.2,33.5,4,1,75,37,36,18.6,137.7,31,3.45,4,0.454,1,0,0,0,57.4,HIGH,10.8,328,HIGH_backlog
26.2,14,5,286.3395064848926,13.7,36.9,23,0,289,47,48,22.9,1413.6,468,3.94,12,0.76,0,0,0,1,85.4,CRITICAL,23.8,724,CRITICAL_injunction
94.5,0,0,17.629664919553136,77.8,3.4,0,1,0,5,30,5.5,44.2,4,0.64,46,0.029,0,0,1,1,12.0,LOW,0.6,18,LOW_streamlined
68.9,2,1,82.47456806129009,61.4,11.6,0,1,0,17,36,10.1,271.9,44,1.34,37,0.172,0,0,0,1,23.7,LOW,2.3,70,MODERATE_standard
94.3,0,0,29.812687807888285,88.8,2.2,0,1,0,4,24,4.2,30.0,6,0.33,34,0.041,0,0,1,1,12.0,LOW,1.3,40,LOW_streamlined
44.4,7,2,247.15693164247062,47.4,33.3,17,1,77,24,36,18.1,356.3,75,2.35,26,0.47,0,1,0,1,54.4,HIGH,12.6,383,HIGH_backlog
83.6,0,0,11.972580130194752,96.2,6.8,0,1,0,14,18,6.5,103.1,15,0.72,19,0.017,0,0,0,1,12.0,LOW,0.6,18,LOW_streamlined
24.4,14,2,521.2042448398385,10.8,59.1,9,1,192,50,48,34.4,558.4,184,3.81,7,0.653,0,0,0,0,71.4,CRITICAL,27.1,824,CRITICAL_injunction
39.4,7,1,209.93733806892,31.9,22.1,7,0,0,32,36,23.5,399.6,88,3.47,21,0.258,0,1,0,1,57.8,HIGH,13.8,420,HIGH_backlog
52.9,6,1,279.8182545424826,28.2,34.2,2,0,0,24,36,17.2,106.2,35,2.69,28,0.335,0,1,0,0,53.9,HIGH,8.4,255,HIGH_backlog
28.0,10,5,416.47857313814075,13.9,63.7,14,0,341,27,48,30.8,736.6,286,4.36,15,0.509,0,1,0,1,94.0,CRITICAL,25.4,772,CRITICAL_injunction
52.1,6,2,272.54054114445717,41.4,22.0,16,1,0,31,36,22.1,719.2,140,2.3,27,0.443,0,0,0,0,50.1,HIGH,13.3,404,HIGH_backlog
70.8,3,1,109.8025668783401,61.5,15.7,1,1,0,13,24,14.3,306.1,59,1.47,16,0.17,0,0,1,0,28.8,MODERATE,3.5,106,MODERATE_standard
64.3,3,1,171.5337460234886,55.0,8.6,0,1,0,15,36,12.6,224.4,30,1.46,38,0.215,0,0,1,1,27.4,MODERATE,5.4,164,MODERATE_standard
80.7,0,0,12.464879780696267,96.7,6.8,0,1,0,15,18,8.8,239.8,28,0.78,16,0.054,0,0,1,1,12.0,LOW,1.8,55,LOW_streamlined
18.7,18,4,521.1148630731597,17.6,36.0,12,0,343,36,36,26.7,1206.9,254,4.9,10,0.772,0,1,0,0,86.3,CRITICAL,28.0,851,CRITICAL_injunction
77.3,0,0,22.776242305152955,97.1,0.8,0,1,0,11,24,4.2,207.4,24,0.32,27,0.034,0,0,1,1,12.0,LOW,1.2,36,LOW_streamlined
51.1,6,1,234.8370381862379,35.2,22.4,37,0,101,36,48,17.8,670.6,163,2.67,17,0.298,1,1,0,0,64.6,HIGH,9.2,280,HIGH_backlog
43.9,7,1,274.27224156822547,36.9,30.6,5,0,0,25,36,22.1,292.1,56,3.43,8,0.363,0,0,0,0,60.6,HIGH,9.5,289,HIGH_backlog
80.1,2,0,54.994252087469874,77.5,4.0,0,1,0,4,24,4.7,239.5,27,0.72,28,0.079,0,0,1,1,12.0,LOW,1.2,36,LOW_streamlined
85.4,0,0,59.90329613616401,85.3,3.3,0,1,0,10,18,4.6,230.0,33,0.4,19,0.048,0,0,1,1,12.0,LOW,2.2,67,LOW_streamlined
47.9,6,2,255.84598275241626,37.2,27.7,6,0,0,35,48,16.7,344.2,83,3.04,24,0.492,1,0,0,1,59.8,HIGH,13.2,401,HIGH_backlog
14.9,18,3,412.88670092535,22.1,62.6,13,0,147,43,36,20.8,905.9,269,3.62,14,0.562,0,1,0,0,93.6,CRITICAL,30.1,915,CRITICAL_injunction
71.0,5,0,106.35237530233056,59.7,9.0,0,1,0,23,24,11.1,412.1,94,1.54,30,0.087,0,0,1,0,23.8,LOW,2.3,70,MODERATE_standard
43.4,8,1,201.98760243853252,36.0,26.1,3,1,0,28,48,21.1,325.8,59,2.47,15,0.421,0,0,0,1,52.0,HIGH,9.9,301,HIGH_backlog
90.0,0,0,52.38537784940932,95.4,6.8,0,1,0,10,18,4.2,159.0,10,0.41,12,0.022,0,0,1,1,12.0,LOW,0.0,0,LOW_streamlined
81.9,1,0,22.647656206763983,80.5,6.7,0,1,0,14,30,7.1,57.4,10,0.45,23,0.035,0,0,1,1,12.0,LOW,1.1,33,LOW_streamlined
51.8,7,1,275.7543319555226,25.4,33.6,45,1,96,31,36,22.2,778.1,193,2.58,6,0.305,0,0,0,0,53.4,HIGH,8.3,252,HIGH_backlog
86.1,0,0,38.52164602510135,97.3,4.2,0,1,0,8,24,5.9,238.7,27,0.5,14,0.058,0,0,0,1,12.0,LOW,1.2,36,LOW_streamlined
78.9,0,0,11.498315154133605,75.5,0.5,0,1,0,12,30,5.2,97.6,15,0.4,24,0.06,0,0,1,1,12.0,LOW,2.5,76,LOW_streamlined
86.7,1,0,59.45264848781186,95.1,5.1,0,1,0,6,18,8.8,26.5,6,0.64,30,0.063,0,0,1,1,12.0,LOW,2.4,73,LOW_streamlined
55.0,9,3,309.9358352262073,27.3,26.8,11,1,96,22,36,17.6,193.2,55,2.95,15,0.363,1,1,0,1,57.2,HIGH,9.2,280,HIGH_backlog
63.4,3,1,142.1740051231119,51.4,17.4,0,1,0,19,24,11.9,312.1,40,1.88,8,0.151,0,0,0,1,32.4,MODERATE,3.4,103,MODERATE_standard
87.2,2,0,44.92776157626888,94.0,4.4,0,1,0,17,30,8.5,191.9,15,0.32,30,0.036,0,0,0,1,12.0,LOW,0.5,15,LOW_streamlined
73.6,5,1,171.86596635278025,62.4,13.4,0,1,0,23,36,12.4,127.8,18,1.98,24,0.17,0,0,1,1,30.0,MODERATE,5.0,152,MODERATE_standard
44.9,6,1,180.6818483047304,46.8,34.6,36,0,0,18,48,16.9,797.8,220,2.52,27,0.422,1,1,0,0,59.8,HIGH,13.5,410,HIGH_backlog
33.6,12,4,389.3003647111531,17.1,61.9,4,0,352,26,36,21.7,370.6,92,3.97,13,0.541,0,0,0,0,87.0,CRITICAL,30.4,924,CRITICAL_injunction
62.4,3,0,113.91699431806069,53.4,12.5,0,1,0,21,36,15.5,142.6,22,1.91,33,0.1,0,0,0,1,29.3,MODERATE,6.2,188,MODERATE_standard
52.5,7,1,304.0967137776225,35.8,28.0,2,0,107,19,48,21.9,197.6,34,3.09,25,0.47,0,0,0,1,63.6,HIGH,9.5,289,HIGH_backlog
95.2,1,0,10.789972460199456,82.3,5.4,0,1,0,4,30,5.9,117.2,13,0.83,21,0.057,0,0,0,1,12.0,LOW,1.0,30,LOW_streamlined
94.5,1,0,17.614747407821348,87.2,4.5,0,1,0,10,24,4.7,43.6,7,0.44,47,0.071,0,0,0,1,12.0,LOW,0.8,24,LOW_streamlined
31.4,14,2,528.2979298516656,18.7,59.7,3,0,184,26,48,22.7,395.1,74,4.78,10,0.777,0,1,0,0,86.2,CRITICAL,18.6,565,CRITICAL_injunction
62.4,4,0,160.0371925347643,66.2,10.7,2,1,0,22,36,10.2,269.3,60,1.43,19,0.124,0,0,0,1,30.6,MODERATE,5.0,152,MODERATE_standard
50.9,9,1,299.74752839907626,41.6,32.4,4,0,0,27,36,21.5,101.6,23,2.92,13,0.312,0,0,0,1,59.9,HIGH,9.7,295,HIGH_backlog
83.0,1,0,31.716190272964464,79.6,6.1,0,1,0,8,30,6.5,107.7,19,0.75,47,0.068,0,0,0,1,12.0,LOW,1.8,55,LOW_streamlined
17.1,12,2,377.9067651506533,16.3,54.9,13,0,293,30,36,22.5,873.4,266,4.35,11,0.628,0,0,0,0,90.8,CRITICAL,24.0,730,CRITICAL_injunction
12.3,10,2,290.6697330937502,17.6,61.2,12,0,303,45,60,22.6,1142.6,258,3.59,5,0.646,0,1,0,0,92.1,CRITICAL,23.6,717,CRITICAL_injunction
92.4,1,0,50.925234807230105,95.8,0.4,0,1,0,11,24,4.7,168.3,16,0.38,47,0.077,0,0,1,1,12.0,LOW,1.1,33,LOW_streamlined
72.6,3,0,151.81584820898888,52.8,14.2,0,1,0,13,24,13.9,285.5,58,1.43,21,0.153,0,1,1,1,24.8,MODERATE,5.6,170,MODERATE_standard
61.9,3,1,162.52840779822316,67.1,14.2,1,1,0,20,36,10.2,210.6,34,1.38,26,0.121,0,0,0,0,34.3,MODERATE,3.9,119,MODERATE_standard
43.7,6,3,187.7814782224517,31.7,31.9,19,1,80,36,36,21.5,524.6,134,2.29,23,0.293,0,0,0,0,57.8,HIGH,9.5,289,HIGH_backlog
78.1,0,0,10.850555829757177,77.1,3.8,0,1,0,6,18,5.3,35.5,4,0.83,28,0.015,0,0,1,1,12.0,LOW,2.4,73,LOW_streamlined
47.1,9,2,182.78772618370087,33.9,30.7,24,1,49,35,36,21.7,477.5,126,2.65,18,0.294,0,0,0,1,59.0,HIGH,9.1,277,HIGH_backlog
40.5,7,2,202.0312374886381,29.6,30.8,15,1,0,29,36,22.6,387.0,93,2.22,6,0.452,0,0,0,1,53.2,HIGH,14.6,444,HIGH_backlog
12.2,12,3,353.22675837657835,14.0,57.6,140,0,190,45,48,28.4,1445.1,344,3.77,16,0.516,1,0,0,1,92.4,CRITICAL,21.2,644,CRITICAL_injunction
47.8,8,1,293.6913558370384,43.5,26.9,3,0,109,27,36,19.8,100.1,24,3.26,20,0.357,0,1,0,0,64.6,HIGH,8.7,264,HIGH_backlog
85.8,0,0,54.204768790299966,76.5,3.1,0,1,0,13,30,4.9,28.0,6,0.35,19,0.072,0,0,0,1,12.0,LOW,1.2,36,LOW_streamlined
92.4,1,0,29.88458027572364,78.6,7.6,0,1,0,6,24,7.5,90.5,7,0.55,40,0.013,0,0,1,1,12.0,LOW,0.1,3,LOW_streamlined
81.2,1,0,13.157667101747275,77.2,0.3,0,1,0,9,30,4.2,39.7,5,0.77,13,0.015,0,0,1,1,12.0,LOW,2.3,70,LOW_streamlined
64.4,5,0,179.3018172861408,64.5,9.0,0,1,0,16,24,15.3,55.4,18,1.9,34,0.209,0,1,0,1,28.7,MODERATE,5.0,152,MODERATE_standard
16.6,14,2,536.9665359850208,8.6,40.6,162,0,158,33,60,32.5,1076.8,246,4.19,7,0.724,1,0,0,0,91.8,CRITICAL,25.0,760,CRITICAL_injunction
78.8,2,0,23.940282387701973,93.5,7.9,0,1,0,9,18,6.3,249.1,28,0.77,31,0.035,0,0,0,1,12.9,LOW,1.4,43,LOW_streamlined
43.6,9,3,248.0572759651402,46.0,26.8,6,1,87,28,48,22.0,505.8,133,2.43,12,0.319,0,1,0,0,58.9,HIGH,10.3,313,HIGH_backlog
42.6,8,2,297.66343894077147,25.9,20.3,3,1,102,32,48,20.0,211.6,52,3.59,23,0.421,0,1,0,0,59.7,HIGH,13.4,407,HIGH_backlog
59.9,2,0,99.23654027137403,65.5,17.8,0,1,0,23,36,10.8,88.1,23,1.98,26,0.09,0,0,0,1,25.6,MODERATE,6.0,182,MODERATE_standard
67.1,3,0,89.4455008610872,55.1,11.7,1,1,0,13,36,14.8,243.2,42,1.31,29,0.115,0,0,1,1,28.4,MODERATE,4.1,125,MODERATE_standard
47.2,7,2,276.0499639777174,38.0,27.7,7,0,0,33,48,17.0,237.7,64,2.25,22,0.369,0,1,0,0,52.2,HIGH,9.4,286,HIGH_backlog
69.3,3,0,84.99663973851217,58.0,9.1,2,1,0,21,24,13.4,423.7,56,1.64,39,0.159,0,0,0,0,24.5,MODERATE,7.3,222,MODERATE_standard
60.5,3,1,138.83245955212647,69.6,15.8,0,1,0,11,36,13.6,155.7,27,1.62,7,0.211,0,0,1,1,28.4,MODERATE,7.3,222,MODERATE_standard
69.7,3,1,141.8876449757799,50.8,16.6,1,1,0,23,36,13.7,169.5,39,1.28,35,0.201,0,1,1,1,33.8,MODERATE,4.9,149,MODERATE_standard
55.2,7,3,290.8866451629418,45.7,27.1,6,0,109,31,36,20.7,574.8,111,2.99,26,0.254,0,0,0,1,61.8,HIGH,14.7,447,HIGH_backlog
39.1,6,1,225.1720560086443,37.5,35.5,2,0,50,18,36,20.3,168.6,50,2.39,21,0.432,0,0,0,0,58.7,HIGH,14.8,450,HIGH_backlog
66.0,5,0,83.12872102527469,53.8,15.0,1,1,0,22,36,9.4,243.6,43,1.6,38,0.099,0,0,1,1,33.1,MODERATE,5.5,167,MODERATE_standard
69.2,3,0,159.82141369231704,50.7,8.0,0,1,0,17,24,13.4,300.6,49,1.98,30,0.093,0,0,1,1,20.9,LOW,0.1,3,MODERATE_standard
54.7,8,3,236.16295133137555,46.9,21.6,34,1,0,35,36,21.5,612.1,139,3.31,5,0.372,0,0,0,1,50.3,HIGH,14.4,438,HIGH_backlog
63.7,3,0,119.47060152810582,66.9,13.6,1,1,0,23,36,14.5,344.4,57,1.38,17,0.106,0,0,1,0,29.6,MODERATE,7.0,213,MODERATE_standard
25.1,10,4,443.278872124897,11.9,44.5,47,0,204,40,60,30.0,436.7,92,5.34,17,0.464,1,0,0,0,94.0,CRITICAL,24.8,754,CRITICAL_injunction
92.2,2,0,47.16106862925191,92.3,7.4,0,1,0,5,30,6.2,220.7,33,0.48,17,0.016,0,0,1,1,14.4,LOW,1.3,40,LOW_streamlined
73.3,2,0,115.80075218033639,56.8,17.3,0,1,0,22,24,10.6,59.0,13,1.18,28,0.104,0,1,0,0,22.0,LOW,0.5,15,MODERATE_standard
78.8,1,0,58.89699231325724,82.3,3.5,0,1,0,8,24,7.4,151.0,17,0.66,37,0.043,0,0,1,1,12.0,LOW,0.2,6,LOW_streamlined
64.1,2,1,175.6420067079419,58.3,17.2,4,1,0,16,24,10.2,433.8,102,1.98,26,0.199,0,1,1,1,36.5,MODERATE,7.4,225,MODERATE_standard
95.0,1,0,24.58316779183039,80.1,1.9,0,1,0,10,24,4.6,143.3,20,0.46,21,0.039,0,0,1,1,12.0,LOW,2.4,73,LOW_streamlined
84.5,0,0,44.78268855652755,83.2,6.9,0,1,0,17,24,4.2,33.0,2,0.59,17,0.057,0,0,0,0,12.0,LOW,1.3,40,LOW_streamlined
54.5,6,3,302.5243340151691,40.7,33.2,43,0,47,18,36,21.7,586.5,175,2.93,7,0.415,0,1,0,0,60.4,HIGH,9.2,280,HIGH_backlog
95.5,0,0,14.113706237479725,86.6,1.7,0,1,0,15,18,4.5,102.4,15,0.38,37,0.07,0,0,1,1,12.0,LOW,2.0,61,LOW_streamlined
41.6,6,2,185.69144731184932,31.5,28.8,27,0,61,20,48,18.7,603.1,156,2.54,28,0.413,0,1,0,0,61.0,HIGH,11.6,353,HIGH_backlog
87.8,0,0,23.149963791445614,92.1,2.9,0,1,0,5,18,8.3,184.6,19,0.63,15,0.058,0,0,1,1,12.0,LOW,0.7,21,LOW_streamlined
48.3,9,2,235.32182465210664,32.7,31.4,24,1,0,20,48,21.1,450.7,108,2.71,12,0.487,0,0,0,1,55.0,HIGH,14.1,429,HIGH_backlog
21.7,12,3,536.0371513529274,10.9,54.6,6,0,187,51,60,23.7,359.7,123,3.55,6,0.542,0,1,0,1,88.9,CRITICAL,24.2,736,CRITICAL_injunction
64.4,3,0,145.71623030619162,64.9,13.0,0,1,0,16,36,14.2,162.4,39,1.52,6,0.185,0,1,1,0,26.7,MODERATE,5.9,179,MODERATE_standard
84.2,1,0,42.3597096567361,92.3,4.9,0,1,0,17,18,6.4,205.3,19,0.6,38,0.07,0,0,1,1,12.0,LOW,1.7,52,LOW_streamlined
51.5,7,1,296.4016697977752,42.8,31.8,8,1,111,25,36,18.3,319.8,69,2.48,17,0.304,1,0,0,0,50.0,HIGH,9.7,295,HIGH_backlog
63.9,4,1,158.49141978530074,57.4,10.0,1,1,0,15,36,14.3,309.3,52,1.1,20,0.104,0,0,0,1,31.6,MODERATE,6.7,204,MODERATE_standard
52.2,9,3,211.65508032813838,32.7,34.8,3,0,107,21,48,18.9,217.3,51,2.63,25,0.387,1,0,0,1,70.6,CRITICAL,21.2,644,HIGH_backlog
30.0,10,3,488.4681583405006,14.8,58.6,6,0,120,50,60,21.7,439.2,132,4.45,11,0.794,0,1,0,1,89.4,CRITICAL,25.8,784,CRITICAL_injunction
58.8,2,0,80.76877008593496,55.6,8.6,0,1,0,11,24,11.4,175.7,34,1.5,31,0.112,0,0,1,1,21.9,LOW,2.0,61,MODERATE_standard
43.1,7,2,259.65632029534424,33.9,35.2,22,1,0,30,48,18.7,332.5,97,3.23,7,0.438,0,0,0,1,55.5,HIGH,14.9,453,HIGH_backlog
87.6,0,0,32.20342886947969,79.0,6.6,0,1,0,16,30,8.3,184.6,25,0.5,34,0.038,0,0,1,1,12.0,LOW,0.5,15,LOW_streamlined
61.0,4,0,172.54424692931408,67.5,11.9,0,1,0,12,36,11.9,169.3,24,1.42,10,0.09,0,0,1,1,25.1,MODERATE,6.9,210,MODERATE_standard
21.6,12,2,477.22608981687915,19.4,52.1,61,0,325,30,36,23.2,703.9,137,5.04,5,0.655,1,0,0,1,91.9,CRITICAL,17.6,535,CRITICAL_injunction
90.0,0,0,23.91322397483117,86.2,4.6,0,1,0,5,30,5.5,235.2,39,0.36,46,0.074,0,0,0,1,12.0,LOW,0.2,6,LOW_streamlined
69.0,4,0,118.33117589376349,51.4,12.7,3,1,0,15,24,15.0,364.2,66,1.21,30,0.086,0,0,1,0,27.6,MODERATE,6.1,185,MODERATE_standard
63.9,3,1,63.31276456595799,50.6,16.5,0,1,0,16,24,11.0,91.0,16,1.15,26,0.124,0,0,0,0,29.0,MODERATE,7.1,216,MODERATE_standard
23.9,10,3,296.8864954857314,19.6,52.6,56,0,281,26,36,34.8,251.4,87,5.04,23,0.624,1,0,0,0,94.0,CRITICAL,29.3,891,CRITICAL_injunction
76.4,0,0,52.49030645513195,90.1,6.2,0,1,0,9,24,8.2,49.9,8,0.69,45,0.042,0,0,1,1,12.0,LOW,1.4,43,LOW_streamlined
85.3,0,0,34.23338327453013,96.9,3.2,0,1,0,7,24,8.0,65.0,17,0.47,19,0.064,0,0,1,0,12.0,LOW,0.1,3,LOW_streamlined
50.4,6,1,227.9898629150015,28.8,32.3,13,0,114,32,36,16.5,438.0,95,2.71,14,0.281,0,0,0,0,61.8,HIGH,9.1,277,HIGH_backlog
95.8,1,0,56.42433741841865,81.6,6.2,0,1,0,12,18,5.5,86.8,7,0.77,20,0.04,0,0,1,1,12.0,LOW,0.6,18,LOW_streamlined
72.4,4,0,85.95684530884891,68.9,14.4,0,1,0,9,24,15.7,95.8,17,1.52,33,0.161,0,0,1,0,20.6,LOW,2.5,76,MODERATE_standard
43.0,7,1,231.03061972037204,42.0,29.9,14,1,78,26,36,18.5,674.8,121,2.46,11,0.366,0,0,0,0,53.2,HIGH,12.4,377,HIGH_backlog
66.5,3,0,133.19140384079915,65.8,8.3,0,1,0,15,24,12.3,119.5,19,1.77,26,0.112,0,0,0,0,23.4,LOW,2.0,61,MODERATE_standard
39.9,9,1,225.4608341891185,33.7,22.3,11,0,0,36,36,24.0,530.0,135,3.23,28,0.286,0,1,0,1,57.5,HIGH,10.6,322,HIGH_backlog
78.9,1,0,36.341594800382595,89.8,3.6,0,1,0,5,24,8.7,188.4,25,0.33,34,0.069,0,0,1,1,12.0,LOW,2.5,76,LOW_streamlined
51.5,7,1,237.55960450797352,46.8,24.5,37,1,0,29,48,22.4,766.0,156,2.73,9,0.427,0,0,0,0,50.0,HIGH,14.6,444,HIGH_backlog
13.6,12,2,474.7358838725137,11.2,49.2,127,1,208,30,36,26.0,1238.0,349,3.63,10,0.765,1,0,0,0,72.7,CRITICAL,30.4,924,CRITICAL_injunction
87.4,0,0,47.80354011835041,93.6,5.3,0,1,0,7,30,4.8,138.7,11,0.28,18,0.069,0,0,1,1,12.0,LOW,1.1,33,LOW_streamlined
49.8,9,2,209.636903514981,47.5,26.4,18,0,0,29,48,21.0,263.5,84,2.84,5,0.476,0,1,0,0,57.3,HIGH,8.7,264,HIGH_backlog
35.7,14,5,407.58771566667457,18.0,60.0,191,0,334,41,36,30.4,729.2,258,3.77,19,0.458,1,0,0,0,86.6,CRITICAL,28.6,869,CRITICAL_injunction
19.1,10,3,448.72737992629993,15.3,37.1,17,0,226,33,48,22.3,1135.6,357,4.37,21,0.61,0,1,0,1,91.8,CRITICAL,17.4,529,CRITICAL_injunction
91.2,2,0,56.103865056147185,95.1,4.1,0,1,0,8,18,5.3,200.9,16,0.53,31,0.07,0,0,0,1,12.0,LOW,0.6,18,LOW_streamlined
71.6,4,0,119.10609840884374,62.0,15.6,1,1,0,17,36,13.5,389.2,59,1.5,18,0.096,0,0,0,1,27.2,MODERATE,3.8,116,MODERATE_standard
18.5,12,3,507.8885183115144,19.4,37.2,36,0,200,47,60,33.0,287.0,98,4.28,13,0.664,1,0,0,1,92.2,CRITICAL,25.6,778,CRITICAL_injunction
59.0,2,0,127.91760400502173,69.4,15.4,1,1,0,13,36,12.1,118.7,24,1.55,30,0.148,0,0,0,0,26.6,MODERATE,7.3,222,MODERATE_standard
43.2,9,2,247.53277104288605,43.1,20.7,26,0,0,30,36,19.2,679.0,163,2.91,5,0.422,0,0,0,1,56.5,HIGH,10.3,313,HIGH_backlog
72.4,3,1,134.2613498668763,53.8,14.9,3,1,0,8,36,13.3,351.8,83,1.69,21,0.103,0,0,0,1,30.8,MODERATE,4.4,134,MODERATE_standard
92.0,2,0,23.376689677734817,83.6,2.4,0,1,0,12,18,6.1,115.6,17,0.66,26,0.011,0,0,1,1,12.0,LOW,0.8,24,LOW_streamlined
96.0,2,0,30.939491869667375,78.4,7.4,0,1,0,7,24,6.9,170.3,17,0.57,38,0.033,0,0,0,1,12.0,LOW,1.4,43,LOW_streamlined
21.0,14,3,396.0693329718257,11.2,49.6,4,0,352,40,48,29.6,446.3,86,3.69,9,0.597,0,0,0,0,86.8,CRITICAL,23.2,705,CRITICAL_injunction
42.7,9,1,208.37780482247555,32.6,25.2,25,0,95,26,48,16.4,738.1,206,2.84,8,0.497,0,0,0,0,63.9,HIGH,13.7,416,HIGH_backlog
24.8,18,2,335.9379606521813,12.2,39.6,4,0,180,46,36,23.9,345.7,93,3.7,20,0.506,0,1,0,0,86.2,CRITICAL,21.7,660,CRITICAL_injunction
61.8,3,0,112.23150459606904,60.3,13.6,0,1,0,16,24,14.4,143.7,20,1.47,22,0.215,0,0,1,0,22.1,LOW,1.0,30,MODERATE_standard
41.8,8,1,293.9994065108864,34.1,24.3,27,0,0,25,36,19.2,606.3,132,2.36,11,0.277,0,1,0,0,57.6,HIGH,11.6,353,HIGH_backlog
25.7,10,3,483.3897682079685,12.5,45.0,14,0,218,51,36,33.0,1373.1,293,4.45,21,0.696,0,1,0,1,88.0,CRITICAL,29.8,906,CRITICAL_injunction
75.4,1,0,33.41678725835371,84.6,5.9,0,1,0,9,30,4.1,173.7,27,0.65,40,0.021,0,0,1,0,12.0,LOW,0.5,15,LOW_streamlined
32.7,12,2,345.87173000215705,16.3,64.6,12,0,156,49,60,30.9,785.8,243,4.81,8,0.762,0,1,0,0,89.6,CRITICAL,30.2,918,CRITICAL_injunction
54.0,6,2,222.5635751123049,40.9,24.4,16,0,0,33,48,21.3,673.5,199,3.19,26,0.422,1,0,0,0,54.1,HIGH,13.5,410,HIGH_backlog
44.1,8,1,258.8351095656409,35.1,22.0,30,1,113,19,36,19.9,642.0,145,3.28,19,0.335,0,0,0,1,51.7,HIGH,14.4,438,HIGH_backlog
58.5,3,0,115.16195697192416,53.4,12.2,0,1,0,8,24,11.1,163.7,31,1.28,21,0.2,0,1,1,0,31.2,MODERATE,3.7,112,MODERATE_standard
32.8,14,2,485.43109129444196,23.8,36.6,186,0,147,32,36,33.7,839.1,284,4.22,2,0.489,1,0,0,0,85.9,CRITICAL,22.5,684,CRITICAL_injunction
22.8,10,3,420.37251668106927,12.0,52.4,2,0,224,25,60,21.4,328.7,58,4.41,17,0.737,0,1,0,0,92.5,CRITICAL,31.9,970,CRITICAL_injunction
72.6,2,0,165.6002512852636,53.3,9.2,1,1,0,16,24,13.6,255.3,40,1.15,19,0.181,0,0,1,1,27.0,MODERATE,7.3,222,MODERATE_standard
13.2,18,5,379.32932704377885,12.4,36.3,53,0,300,26,36,27.2,280.7,72,4.31,5,0.548,1,0,0,1,94.0,CRITICAL,29.0,882,CRITICAL_injunction
71.9,3,0,107.06122002832271,53.7,12.4,0,1,0,15,36,13.6,175.6,22,1.69,13,0.124,0,0,0,1,23.2,LOW,0.4,12,MODERATE_standard
51.1,8,1,275.5384966141638,29.3,27.2,10,1,0,26,48,19.7,141.4,43,3.34,19,0.266,1,1,0,0,57.4,HIGH,12.1,368,HIGH_backlog
68.6,3,0,168.75172198799922,65.1,10.3,0,1,0,11,24,9.7,322.2,45,1.79,9,0.176,0,0,1,1,19.7,LOW,2.2,67,MODERATE_standard
32.6,14,5,506.1305600120893,17.7,52.6,155,0,202,36,60,23.2,1136.1,296,3.91,20,0.741,1,0,0,0,88.2,CRITICAL,17.0,517,CRITICAL_injunction
66.7,4,1,136.577825476706,68.3,8.9,0,1,0,22,24,14.0,81.4,8,1.92,10,0.092,0,0,0,1,25.8,MODERATE,3.8,116,MODERATE_standard
51.1,6,3,232.44704589869076,36.1,27.7,39,0,0,28,36,19.0,689.9,179,3.42,9,0.302,1,0,0,1,62.7,HIGH,12.0,365,HIGH_backlog
34.2,14,3,480.6862759438708,24.0,36.9,44,0,344,50,60,25.7,229.3,81,5.03,5,0.748,1,0,0,0,89.0,CRITICAL,21.5,654,CRITICAL_injunction
64.7,2,0,72.65120442565595,53.6,11.2,2,1,0,21,36,12.3,248.1,63,1.83,31,0.099,0,0,1,0,29.7,MODERATE,4.3,131,MODERATE_standard
17.1,12,4,539.0846227748998,21.2,39.5,141,0,192,47,48,31.9,1004.5,195,5.36,7,0.691,1,0,0,0,94.0,CRITICAL,26.1,793,CRITICAL_injunction
62.7,2,0,157.83279863834792,69.3,15.7,0,1,0,13,24,14.3,88.8,13,1.74,30,0.122,0,0,1,0,23.2,LOW,2.0,61,MODERATE_standard
69.9,2,0,148.51164553567304,52.1,17.9,2,1,0,10,36,15.3,269.1,49,1.76,32,0.143,0,0,1,1,32.7,MODERATE,5.3,161,MODERATE_standard
42.9,7,3,202.0509466895408,25.6,23.9,7,0,69,36,48,21.6,338.1,62,3.37,4,0.434,1,1,0,0,68.0,CRITICAL,29.5,897,HIGH_backlog
90.9,0,0,46.08796628495363,97.7,5.2,0,1,0,10,30,4.3,93.1,11,0.45,24,0.028,0,0,1,1,12.0,LOW,2.1,64,LOW_streamlined
49.2,7,3,293.48709354956,38.8,20.8,23,1,0,25,36,20.9,660.8,136,2.62,9,0.339,1,0,0,1,50.6,HIGH,11.9,362,HIGH_backlog
89.8,0,0,28.39625244139157,75.8,3.8,0,1,0,7,30,6.1,115.8,19,0.24,16,0.028,0,0,1,1,12.0,LOW,1.2,36,LOW_streamlined
42.8,7,1,306.4346371859766,40.7,28.8,30,1,71,26,48,16.3,508.1,147,3.23,27,0.314,0,0,0,0,52.0,HIGH,13.7,416,HIGH_backlog
41.0,7,3,199.63205452777322,28.3,31.3,13,0,42,19,48,16.9,301.4,68,3.53,28,0.469,0,0,0,1,66.4,HIGH,12.7,386,HIGH_backlog
47.8,9,2,297.98466491964814,28.7,32.6,8,0,92,26,48,22.3,346.6,86,3.35,16,0.358,0,0,0,0,67.7,HIGH,8.5,258,HIGH_backlog
75.1,0,0,58.0938628935961,92.3,2.6,0,1,0,11,24,8.5,23.5,4,0.74,14,0.035,0,0,0,1,12.0,LOW,2.2,67,LOW_streamlined
45.8,6,3,285.09931487742506,37.6,24.8,8,0,0,31,48,23.3,158.0,42,3.09,11,0.452,0,1,0,0,56.5,HIGH,8.9,271,HIGH_backlog
15.4,14,2,356.92548822368667,20.4,58.2,13,0,206,30,36,30.4,919.5,278,5.01,15,0.726,0,1,0,0,93.8,CRITICAL,22.8,693,CRITICAL_injunction
66.5,5,0,109.09063271362734,66.9,11.7,1,1,0,17,24,10.1,270.4,62,1.7,24,0.218,0,0,1,1,29.4,MODERATE,4.3,131,MODERATE_standard
60.8,3,0,82.11353929283689,51.3,17.1,2,1,0,20,36,15.7,296.4,61,1.17,10,0.209,0,1,1,0,31.4,MODERATE,6.5,198,MODERATE_standard
51.6,7,2,278.18143700944137,45.0,30.8,13,1,114,32,48,18.4,458.5,132,3.06,4,0.441,0,0,0,0,52.2,HIGH,12.7,386,HIGH_backlog
65.6,5,1,143.8342472683978,57.5,12.1,2,1,0,20,24,15.5,446.5,100,1.41,27,0.176,0,0,0,0,28.2,MODERATE,3.4,103,MODERATE_standard
46.4,6,2,233.81821410367678,28.0,23.6,28,0,71,35,36,17.0,672.4,135,2.67,25,0.453,1,0,0,1,57.9,HIGH,9.0,274,HIGH_backlog
75.4,2,0,13.62662173001867,80.2,0.1,0,1,0,17,24,8.4,227.5,32,0.31,15,0.065,0,0,1,1,12.0,LOW,2.2,67,LOW_streamlined
26.9,12,3,294.9767938341696,20.0,46.9,8,0,197,51,36,27.9,700.3,166,4.9,4,0.729,0,1,0,0,92.3,CRITICAL,20.5,623,CRITICAL_injunction
38.5,7,1,193.52665781942542,31.1,32.9,5,0,63,20,36,19.6,243.8,53,2.74,22,0.466,1,0,0,0,66.8,HIGH,9.7,295,HIGH_backlog
95.3,0,0,11.75831396821407,93.7,3.4,0,1,0,6,30,6.3,37.8,7,0.28,47,0.067,0,0,1,1,12.0,LOW,2.4,73,LOW_streamlined
49.1,8,1,202.66872962096448,30.4,23.0,9,0,77,26,48,20.9,298.3,73,3.34,29,0.492,0,0,0,0,58.8,HIGH,12.7,386,HIGH_backlog
40.4,6,1,313.78412292416783,43.6,25.2,4,1,0,22,36,18.6,163.1,36,3.49,26,0.365,0,0,0,1,54.6,HIGH,14.6,444,HIGH_backlog
49.1,8,1,261.6163285852122,33.7,34.6,23,1,59,34,36,19.0,656.9,154,3.31,5,0.384,0,0,0,1,59.2,HIGH,9.3,283,HIGH_backlog
85.6,0,0,43.22167154413588,89.7,5.1,0,1,0,16,24,8.2,236.0,23,0.77,14,0.077,0,0,1,1,12.0,LOW,2.4,73,LOW_streamlined
65.5,3,0,162.53044396837743,54.6,11.7,0,1,0,14,36,14.8,93.4,18,1.9,21,0.171,0,0,0,0,27.1,MODERATE,5.0,152,MODERATE_standard
92.5,0,0,22.11010134917015,77.5,2.1,0,1,0,17,18,5.2,47.3,3,0.21,37,0.078,0,0,0,1,12.0,LOW,0.0,0,LOW_streamlined
86.4,0,0,36.65827228767236,94.4,7.0,0,1,0,5,30,6.0,69.4,15,0.59,14,0.079,0,0,0,1,12.0,LOW,0.0,0,LOW_streamlined
82.9,1,0,57.83337699592295,80.7,5.4,0,1,0,9,24,6.4,190.2,17,0.56,38,0.046,0,0,0,1,12.0,LOW,1.5,46,LOW_streamlined
68.9,4,0,91.5552993527351,54.6,15.4,0,1,0,12,36,11.1,223.6,29,1.34,26,0.154,0,0,0,0,22.9,LOW,0.0,0,MODERATE_standard
33.5,18,3,397.1153700710622,18.0,62.2,25,0,317,34,48,26.0,1458.5,501,3.58,9,0.589,0,1,0,1,84.7,CRITICAL,21.5,654,CRITICAL_injunction
29.3,18,3,491.733301378713,9.4,54.3,20,1,267,37,60,24.4,1300.4,411,5.22,22,0.47,0,0,0,0,74.5,CRITICAL,20.0,608,CRITICAL_injunction
93.4,0,0,40.696795890051966,95.2,1.7,0,1,0,5,18,5.3,147.5,13,0.36,29,0.029,0,0,1,1,12.0,LOW,1.1,33,LOW_streamlined
49.0,9,2,194.36425524427224,28.2,29.9,37,1,0,34,36,19.3,651.5,170,3.2,12,0.328,0,0,0,0,49.7,HIGH,11.6,353,HIGH_backlog
16.6,18,3,484.3477231795554,9.0,58.2,6,1,276,33,36,23.2,474.1,121,3.54,19,0.75,0,0,0,0,74.2,CRITICAL,16.6,505,CRITICAL_injunction
60.1,2,0,143.31467387258252,51.9,14.7,0,1,0,12,36,10.4,77.6,20,1.96,32,0.176,0,0,0,0,24.2,MODERATE,6.9,210,MODERATE_standard
15.9,14,3,395.9847673230117,13.8,52.0,12,0,246,42,48,27.4,1040.9,255,5.37,8,0.463,0,1,0,0,92.1,CRITICAL,25.7,781,CRITICAL_injunction
88.3,1,0,20.46364474345276,87.9,4.4,0,1,0,11,18,6.2,85.0,11,0.63,39,0.063,0,0,0,1,12.0,LOW,0.9,27,LOW_streamlined
22.3,10,2,357.30044335088013,17.6,60.1,187,0,258,34,48,25.5,1027.4,307,5.15,12,0.626,1,0,0,0,93.8,CRITICAL,21.0,638,CRITICAL_injunction
52.5,9,3,190.39012832316007,25.8,28.0,13,1,119,25,48,23.0,257.0,58,2.34,19,0.416,0,0,0,0,49.4,HIGH,12.7,386,HIGH_backlog
28.2,12,3,391.71166423477626,22.6,54.5,139,0,243,45,48,31.7,1338.9,315,3.94,11,0.627,1,0,0,1,90.0,CRITICAL,27.2,827,CRITICAL_injunction
34.0,10,2,377.11411117965116,8.7,60.3,30,0,149,35,36,28.0,302.1,75,4.66,16,0.643,1,0,0,0,88.6,CRITICAL,27.2,827,CRITICAL_injunction
83.1,0,0,40.64544406702922,76.2,2.6,0,1,0,14,18,8.4,126.6,18,0.55,12,0.015,0,0,0,1,12.0,LOW,0.3,9,LOW_streamlined
39.0,6,1,273.5351662011384,33.7,25.4,17,1,83,24,48,23.2,296.1,95,3.32,7,0.403,0,1,0,0,56.2,HIGH,9.0,274,HIGH_backlog
50.2,8,1,261.814221208918,33.6,29.6,5,1,0,25,36,17.3,309.3,92,3.12,25,0.367,1,0,0,1,57.8,HIGH,10.4,316,HIGH_backlog
32.5,10,5,334.42836343789156,19.8,39.6,143,0,136,40,48,24.9,573.2,193,4.77,16,0.695,1,0,0,1,84.0,CRITICAL,25.1,763,CRITICAL_injunction
12.5,10,5,509.7462984307783,21.4,57.8,74,0,185,39,60,23.1,411.4,157,4.48,13,0.678,1,0,0,0,94.0,CRITICAL,31.0,942,CRITICAL_injunction
71.6,2,0,100.52006973993468,50.4,17.8,0,1,0,10,24,14.5,219.7,43,1.69,8,0.156,0,0,1,1,23.4,LOW,2.3,70,MODERATE_standard
88.6,0,0,41.88060229559295,85.5,7.0,0,1,0,7,18,5.0,246.7,17,0.6,15,0.067,0,0,0,1,12.0,LOW,1.4,43,LOW_streamlined
69.1,2,1,86.42128966284916,53.4,12.0,0,1,0,19,36,13.2,312.3,69,1.88,26,0.216,0,1,1,1,28.7,MODERATE,4.4,134,MODERATE_standard
49.5,9,1,187.06496440245206,40.8,30.7,37,1,0,23,48,19.0,752.1,167,3.55,13,0.363,0,1,0,0,56.5,HIGH,14.4,438,HIGH_backlog
23.6,12,3,527.0892357423959,16.6,50.2,88,0,171,49,60,24.4,771.1,237,4.82,14,0.718,1,0,0,0,93.3,CRITICAL,28.3,860,CRITICAL_injunction
85.5,0,0,24.65682815363939,85.5,7.8,0,1,0,14,18,6.2,190.3,21,0.61,17,0.046,0,0,1,1,12.0,LOW,2.1,64,LOW_streamlined
60.3,3,1,172.3614433094873,59.8,11.2,1,1,0,13,36,11.7,302.1,43,1.18,7,0.081,0,0,0,0,32.8,MODERATE,3.8,116,MODERATE_standard
94.3,1,0,13.462233086840538,88.7,4.7,0,1,0,7,18,5.0,213.1,17,0.61,33,0.043,0,0,1,1,12.0,LOW,0.9,27,LOW_streamlined
47.1,8,1,235.3316167974505,34.8,26.8,26,0,41,29,36,19.6,623.2,162,2.36,16,0.276,0,0,0,1,50.7,HIGH,12.1,368,HIGH_backlog
28.6,18,4,403.2112656008916,7.9,64.3,3,0,183,41,48,29.4,251.4,63,3.78,22,0.515,0,1,0,0,91.3,CRITICAL,21.5,654,CRITICAL_injunction
62.1,2,0,136.3907125866333,57.9,13.6,0,1,0,9,36,15.4,277.1,44,1.15,14,0.173,0,0,1,0,22.3,LOW,0.4,12,MODERATE_standard
94.5,0,0,47.604032691854265,75.5,7.9,0,1,0,10,24,4.4,220.4,28,0.86,45,0.025,0,0,1,1,12.0,LOW,1.5,46,LOW_streamlined
43.9,7,1,266.7576582039853,47.0,26.1,13,1,76,19,36,21.9,744.8,131,3.01,8,0.484,0,0,0,1,51.3,HIGH,14.1,429,HIGH_backlog
60.3,3,0,167.3911411159636,69.5,17.8,1,1,0,21,24,14.2,256.7,42,1.63,36,0.109,0,0,1,1,33.6,MODERATE,7.2,219,MODERATE_standard
64.1,3,0,74.23212650428054,62.6,10.5,3,1,0,22,24,14.1,398.3,80,1.13,23,0.126,0,1,0,1,29.1,MODERATE,6.5,198,MODERATE_standard
17.8,18,4,427.4665585360767,5.0,58.2,76,0,207,39,48,22.4,645.4,216,3.52,14,0.552,1,0,0,1,93.6,CRITICAL,29.9,909,CRITICAL_injunction
63.8,3,0,124.54170722629051,54.0,11.2,2,1,0,21,24,13.6,302.2,67,1.69,18,0.179,0,0,0,1,28.5,MODERATE,4.5,137,MODERATE_standard
13.2,18,4,393.27399985827304,6.1,46.6,9,0,220,29,36,29.7,829.3,182,5.14,17,0.48,0,0,0,1,94.0,CRITICAL,25.1,763,CRITICAL_injunction
27.2,12,5,338.8014757484824,5.6,57.9,17,0,138,35,48,31.6,1079.5,346,4.98,10,0.741,0,1,0,0,94.0,CRITICAL,17.6,535,CRITICAL_injunction
52.7,8,1,255.866227191713,46.8,32.0,8,1,0,26,36,22.3,492.6,131,2.22,20,0.423,0,0,0,0,49.4,HIGH,13.3,404,HIGH_backlog
28.9,10,2,495.38013821555256,15.1,62.1,42,1,359,36,36,21.9,454.0,121,5.05,21,0.557,1,0,0,0,73.8,CRITICAL,17.0,517,CRITICAL_injunction
32.7,12,2,340.5426847485102,10.7,36.0,14,0,189,26,36,20.6,1197.7,281,4.94,22,0.741,0,0,0,0,87.4,CRITICAL,22.8,693,CRITICAL_injunction
44.2,9,1,312.8645516277353,28.9,31.2,15,1,52,36,48,22.2,282.9,64,2.89,27,0.429,0,1,0,0,58.6,HIGH,14.1,429,HIGH_backlog
68.3,3,1,174.88689843444203,59.9,9.0,1,1,0,9,36,12.6,436.2,47,1.56,30,0.107,0,0,1,0,29.1,MODERATE,3.0,91,MODERATE_standard
58.9,3,1,75.99175414304725,66.1,13.1,0,1,0,9,24,13.2,116.2,21,1.79,37,0.094,0,0,0,1,28.4,MODERATE,4.8,146,MODERATE_standard
64.3,4,1,109.09423290948743,63.8,10.3,0,1,0,17,36,13.9,210.8,21,1.85,34,0.085,0,0,1,1,22.5,LOW,0.0,0,MODERATE_standard
39.7,6,3,319.107032822012,47.3,25.3,28,1,60,25,36,23.9,611.2,138,3.41,27,0.283,1,0,0,0,61.2,HIGH,8.1,246,HIGH_backlog
29.0,12,3,455.34181643360336,11.1,44.7,5,0,268,42,36,25.6,443.6,108,4.09,8,0.676,0,1,0,0,86.6,CRITICAL,18.1,550,CRITICAL_injunction
53.1,8,3,297.2333278130158,41.4,35.9,6,0,0,28,36,20.1,477.1,93,3.3,8,0.438,0,1,0,1,62.7,HIGH,11.0,334,HIGH_backlog
67.0,3,1,104.36298820443707,51.3,17.6,0,1,0,9,24,12.6,143.6,23,1.2,13,0.176,0,0,0,0,27.1,MODERATE,5.9,179,MODERATE_standard
88.1,0,0,11.739676685148966,82.5,3.5,0,1,0,10,30,4.9,240.7,24,0.51,27,0.023,0,0,0,1,12.0,LOW,2.0,61,LOW_streamlined
84.8,0,0,51.11048107818182,81.7,0.6,0,1,0,11,30,7.5,221.3,21,0.84,23,0.032,0,0,1,1,12.0,LOW,0.0,0,LOW_streamlined
33.1,18,2,524.4427654104229,22.4,38.2,7,0,312,41,36,21.7,448.5,152,5.16,13,0.736,0,1,0,0,89.7,CRITICAL,26.2,796,CRITICAL_injunction
75.7,0,0,28.835947513082818,84.1,3.6,0,1,0,15,30,8.0,91.0,9,0.3,47,0.014,0,0,1,1,12.0,LOW,1.9,58,LOW_streamlined
51.9,6,2,212.64910783434675,44.7,31.9,8,1,0,36,36,23.1,306.5,86,3.23,7,0.332,0,0,0,1,56.6,HIGH,11.3,344,HIGH_backlog
44.9,7,1,241.3337218884201,41.0,30.4,8,1,85,37,48,23.8,482.8,111,3.01,7,0.346,0,1,0,0,54.7,HIGH,11.0,334,HIGH_backlog
41.9,6,1,193.39596277011225,31.3,34.1,7,1,0,28,36,20.2,141.5,56,2.83,17,0.324,1,0,0,0,53.8,HIGH,14.3,435,HIGH_backlog
18.6,14,2,403.7618295300906,23.5,50.8,21,0,226,44,48,33.7,1437.5,428,5.23,5,0.725,0,0,0,0,94.0,CRITICAL,21.1,641,CRITICAL_injunction
78.4,0,0,11.772511847593961,91.6,4.1,0,1,0,7,30,8.0,197.5,22,0.85,27,0.036,0,0,0,1,12.0,LOW,1.9,58,LOW_streamlined
85.2,0,0,41.10476883457021,75.8,6.4,0,1,0,15,30,6.4,97.8,12,0.41,19,0.031,0,0,1,1,12.0,LOW,0.5,15,LOW_streamlined
84.7,0,0,13.473101255357358,97.8,3.3,0,1,0,6,18,6.3,154.8,27,0.81,43,0.077,0,0,0,0,12.0,LOW,0.3,9,LOW_streamlined
31.2,12,5,367.90462334043065,19.0,46.9,12,0,245,36,36,29.7,1251.2,259,4.11,16,0.499,0,0,0,0,89.6,CRITICAL,18.3,556,CRITICAL_injunction
69.9,3,0,86.5751416847807,69.3,17.3,2,1,0,22,36,10.4,448.3,57,1.3,22,0.201,0,1,1,1,29.9,MODERATE,6.9,210,MODERATE_standard
66.6,3,1,123.65177226776444,54.9,9.9,1,1,0,22,36,15.6,307.6,31,1.34,8,0.191,0,0,0,0,25.6,MODERATE,5.0,152,MODERATE_standard
50.2,7,1,225.02830540525292,32.8,26.3,3,1,0,30,48,21.7,200.4,39,3.58,28,0.455,0,0,0,0,56.4,HIGH,10.1,307,HIGH_backlog
79.5,1,0,21.6363773239788,85.5,2.4,0,1,0,12,30,5.0,153.7,21,0.82,42,0.064,0,0,1,1,12.0,LOW,1.9,58,LOW_streamlined
32.7,10,2,304.96045475765436,12.4,59.1,12,0,157,32,60,29.9,848.9,247,3.94,15,0.565,0,1,0,0,92.7,CRITICAL,23.4,711,CRITICAL_injunction
67.5,3,0,112.44776057106932,62.8,11.4,3,1,0,21,24,14.0,303.9,76,1.3,34,0.091,0,0,1,1,25.0,MODERATE,4.7,143,MODERATE_standard
34.9,12,4,535.4934279803123,9.4,60.4,170,1,212,46,48,20.3,938.1,234,4.51,3,0.48,1,0,0,0,72.8,CRITICAL,27.5,836,CRITICAL_injunction
92.9,1,0,30.31291533477845,78.3,4.5,0,1,0,15,24,4.2,37.7,5,0.34,39,0.054,0,0,1,0,12.0,LOW,2.3,70,LOW_streamlined
89.2,0,0,34.50673987890224,95.8,3.2,0,1,0,11,24,6.9,111.8,20,0.5,46,0.063,0,0,1,1,12.0,LOW,0.1,3,LOW_streamlined
49.4,8,2,250.0872700362205,44.6,25.0,10,1,0,34,36,21.7,640.1,167,3.49,8,0.484,0,0,0,1,56.4,HIGH,11.9,362,HIGH_backlog
16.6,14,3,285.5818934984499,14.0,38.7,36,0,194,33,36,30.2,379.4,97,4.55,23,0.659,1,0,0,0,90.6,CRITICAL,26.1,793,CRITICAL_injunction
72.3,2,0,92.83982837702726,54.1,8.3,0,1,0,13,36,10.4,65.2,17,1.53,27,0.167,0,0,0,1,19.9,LOW,2.5,76,MODERATE_standard
44.1,9,1,261.7221089106009,41.4,34.9,23,0,0,29,48,18.8,787.2,148,2.5,29,0.386,0,0,0,1,61.5,HIGH,10.4,316,HIGH_backlog
92.3,0,0,19.027404185511806,80.1,6.0,0,1,0,16,24,4.5,236.2,25,0.86,42,0.016,0,0,1,1,12.0,LOW,0.6,18,LOW_streamlined
33.3,12,3,342.3353664685776,19.9,35.9,127,0,295,37,36,23.0,852.3,202,4.19,14,0.596,1,0,0,1,84.8,CRITICAL,20.8,632,CRITICAL_injunction
26.0,14,3,333.8009559421293,22.0,61.0,21,1,264,41,48,22.1,1248.6,424,3.87,22,0.785,0,0,0,1,70.6,CRITICAL,29.8,906,CRITICAL_injunction
19.8,10,4,522.5509455950416,20.4,50.7,148,0,334,41,60,27.8,1184.9,301,5.04,11,0.611,1,0,0,1,90.3,CRITICAL,19.0,578,CRITICAL_injunction
73.7,3,1,99.44828598858649,71.8,17.2,0,1,0,10,24,14.2,51.8,8,1.95,11,0.1,0,1,1,1,27.7,MODERATE,6.6,201,MODERATE_standard
46.8,7,1,308.1489256413819,41.9,35.1,20,1,0,27,36,23.6,719.5,183,2.9,20,0.383,0,1,0,1,58.4,HIGH,10.6,322,HIGH_backlog
47.5,8,1,259.79436043396475,47.9,22.1,7,0,101,26,36,18.8,226.4,46,3.57,11,0.394,0,0,0,0,62.6,HIGH,9.9,301,HIGH_backlog
76.5,1,0,51.33515354218357,82.0,7.1,0,1,0,11,30,8.9,83.3,10,0.72,27,0.021,0,0,1,1,12.0,LOW,1.9,58,LOW_streamlined
83.6,0,0,18.59322906701344,88.8,7.9,0,1,0,14,30,4.1,123.8,12,0.7,27,0.011,0,0,1,1,12.0,LOW,0.7,21,LOW_streamlined
78.2,1,0,58.358275032028416,94.1,2.7,0,1,0,13,18,5.3,39.5,9,0.84,35,0.036,0,0,0,1,12.0,LOW,1.7,52,LOW_streamlined
65.5,4,1,78.06020084492074,64.1,12.7,2,1,0,16,36,9.6,414.2,72,1.38,31,0.191,0,0,1,1,32.4,MODERATE,4.4,134,MODERATE_standard
65.0,4,0,104.32013212995423,67.1,13.0,1,1,0,13,24,13.0,397.4,54,1.55,8,0.128,0,1,1,1,27.5,MODERATE,6.1,185,MODERATE_standard
77.6,1,0,32.04744654506966,84.1,7.0,0,1,0,16,24,7.0,52.9,3,0.59,27,0.029,0,0,0,0,12.0,LOW,2.3,70,LOW_streamlined
79.1,1,0,41.23844005023339,88.4,5.6,0,1,0,13,18,4.7,52.9,8,0.42,38,0.062,0,0,1,1,12.0,LOW,2.4,73,LOW_streamlined
13.3,10,3,471.2046077627739,6.6,44.1,3,0,136,35,36,25.9,313.9,75,3.72,16,0.739,0,0,0,1,89.5,CRITICAL,17.1,520,CRITICAL_injunction
77.9,1,0,37.40143590473918,84.4,6.8,0,1,0,7,24,4.9,82.1,9,0.69,27,0.03,0,0,1,0,12.0,LOW,0.2,6,LOW_streamlined
49.3,7,1,316.2663035844157,33.8,35.1,20,0,0,18,36,16.9,425.7,127,2.86,20,0.323,1,0,0,0,60.5,HIGH,12.0,365,HIGH_backlog
41.3,8,1,242.37026883476184,38.8,26.1,5,0,83,24,48,20.6,295.1,68,3.27,14,0.346,0,1,0,0,65.7,HIGH,9.3,283,HIGH_backlog
73.9,2,1,150.67562715614432,57.2,8.7,0,1,0,14,24,13.8,90.3,15,1.29,30,0.13,0,0,1,0,23.0,LOW,0.5,15,MODERATE_standard
47.4,9,1,288.4927316737047,47.0,34.8,9,0,104,20,36,22.7,205.6,49,2.23,28,0.456,1,0,0,0,67.6,HIGH,13.4,407,HIGH_backlog
30.0,10,4,282.1634725534765,18.8,48.7,87,1,301,47,60,27.2,487.0,121,3.62,12,0.472,1,0,0,1,72.3,CRITICAL,18.5,562,CRITICAL_injunction
31.8,12,4,423.04231625025204,10.5,49.1,166,0,286,47,60,33.8,1357.9,413,5.39,20,0.473,1,0,0,0,94.0,CRITICAL,16.4,499,CRITICAL_injunction
24.5,10,5,289.37797395698396,13.1,38.2,8,0,254,25,36,22.3,511.5,169,4.14,6,0.798,0,1,0,1,89.8,CRITICAL,24.7,751,CRITICAL_injunction
84.5,0,0,24.01216964982257,78.1,3.8,0,1,0,15,24,4.5,178.3,19,0.53,13,0.018,0,0,0,1,12.0,LOW,1.3,40,LOW_streamlined
92.8,0,0,31.63282337695055,85.8,3.6,0,1,0,4,24,7.6,105.6,13,0.69,41,0.078,0,0,1,1,12.0,LOW,0.8,24,LOW_streamlined
93.7,0,0,20.39575734612375,97.6,3.0,0,1,0,6,18,7.0,228.2,16,0.27,41,0.054,0,0,1,0,12.0,LOW,1.2,36,LOW_streamlined
45.8,6,2,180.4990657044313,41.1,24.1,7,0,0,26,36,23.5,517.6,97,2.87,21,0.463,1,1,0,1,57.1,HIGH,11.8,359,HIGH_backlog
52.2,7,2,182.46135579118672,46.3,28.5,8,1,86,29,36,23.6,407.6,93,3.25,15,0.445,0,0,0,1,50.6,HIGH,14.1,429,HIGH_backlog
54.0,7,1,287.9062311332834,33.5,35.5,37,0,0,29,48,16.7,768.8,220,3.1,11,0.273,0,1,0,1,56.9,HIGH,14.1,429,HIGH_backlog
85.3,0,0,42.865592965102046,75.8,5.1,0,1,0,13,30,5.8,94.2,7,0.74,46,0.013,0,0,0,0,12.0,LOW,1.2,36,LOW_streamlined
53.9,6,1,244.0249278540756,47.5,25.4,20,1,105,25,48,21.6,545.6,142,3.56,15,0.495,0,0,0,1,48.9,HIGH,13.9,423,HIGH_backlog
93.6,0,0,51.948041633223845,95.0,0.2,0,1,0,16,30,4.9,123.9,6,0.31,37,0.029,0,0,0,1,12.0,LOW,1.7,52,LOW_streamlined
45.4,9,3,313.3774216083876,27.1,30.9,8,1,85,24,36,21.8,129.6,46,3.5,21,0.364,0,1,0,0,64.3,HIGH,12.8,389,HIGH_backlog
69.8,4,0,113.17360671317672,65.4,12.4,0,1,0,21,24,9.7,118.3,21,1.1,37,0.117,0,1,1,0,25.1,MODERATE,6.3,192,MODERATE_standard
78.7,1,0,16.61373919956224,77.9,2.7,0,1,0,14,24,7.6,188.5,28,0.7,17,0.05,0,0,1,1,12.0,LOW,1.5,46,LOW_streamlined
63.1,3,1,70.74480157275089,56.3,14.9,1,1,0,16,36,12.7,231.9,32,1.54,18,0.164,0,0,0,1,24.4,MODERATE,5.3,161,MODERATE_standard
84.8,0,0,37.93780903991136,78.3,5.3,0,1,0,5,18,5.6,143.9,26,0.28,20,0.018,0,0,1,0,12.0,LOW,0.6,18,LOW_streamlined
65.0,4,0,155.84585433405869,64.9,16.7,1,1,0,18,36,11.6,257.8,36,1.76,20,0.137,0,1,1,0,37.9,MODERATE,4.8,146,MODERATE_standard
90.1,1,0,27.63345143683988,93.6,6.0,0,1,0,15,18,7.9,26.0,4,0.86,20,0.013,0,0,1,1,12.0,LOW,0.5,15,LOW_streamlined
41.8,6,1,299.16647802359995,34.4,22.2,9,0,104,20,48,16.3,269.9,43,3.31,9,0.336,1,0,0,1,64.0,HIGH,11.3,344,HIGH_backlog
32.9,10,5,445.3504896368396,23.9,55.4,2,0,331,41,48,34.9,200.9,55,3.62,22,0.521,0,0,0,1,87.7,CRITICAL,16.7,508,CRITICAL_injunction
48.3,7,2,182.06548452789832,40.5,32.4,12,1,101,34,48,23.1,405.5,93,3.06,28,0.389,0,1,0,0,57.6,HIGH,12.8,389,HIGH_backlog
79.8,0,0,23.757740339527608,93.2,4.4,0,1,0,14,30,6.4,76.8,14,0.79,40,0.021,0,0,0,1,12.0,LOW,0.8,24,LOW_streamlined
38.7,7,1,209.25571776620637,28.5,26.2,10,0,0,19,48,21.1,611.0,173,3.42,27,0.353,1,0,0,0,62.2,HIGH,12.9,392,HIGH_backlog
17.2,14,4,349.47133459010183,10.0,57.6,191,1,159,28,60,31.3,1082.1,268,5.19,10,0.507,1,0,0,1,81.5,CRITICAL,19.5,593,CRITICAL_injunction
28.8,10,5,324.448021702212,13.1,56.0,6,0,248,36,60,30.4,449.8,125,4.78,15,0.682,0,1,0,0,94.0,CRITICAL,27.2,827,CRITICAL_injunction
69.6,4,0,87.16717260326445,69.1,9.0,0,1,0,13,36,11.7,367.7,50,1.82,7,0.146,0,0,0,1,19.2,LOW,2.2,67,MODERATE_standard
17.0,12,3,401.5124252277586,10.0,54.3,22,0,331,50,60,21.3,1240.2,459,5.16,12,0.567,0,0,0,1,94.0,CRITICAL,27.7,842,CRITICAL_injunction
55.3,6,3,252.84107176136473,40.1,32.0,20,0,43,29,48,20.3,589.7,133,3.45,5,0.467,0,0,0,0,60.5,HIGH,8.3,252,HIGH_backlog
49.3,9,2,242.51452297836298,40.7,22.6,3,0,47,36,36,23.4,188.9,50,3.44,19,0.377,1,0,0,1,59.6,HIGH,12.1,368,HIGH_backlog
91.8,1,0,12.597365089398778,96.7,0.2,0,1,0,12,24,6.1,202.7,25,0.84,30,0.016,0,0,1,0,12.0,LOW,0.9,27,LOW_streamlined
54.1,9,1,195.88978536728166,41.5,23.5,13,1,0,21,48,21.3,663.0,176,3.18,10,0.413,0,1,0,1,52.7,HIGH,11.4,347,HIGH_backlog
25.2,12,4,374.09111301151387,17.0,50.7,6,1,128,29,36,24.9,470.7,134,4.35,16,0.732,0,0,0,1,72.4,CRITICAL,23.9,727,CRITICAL_injunction
94.1,1,0,26.312574107736978,92.6,0.7,0,1,0,8,18,8.5,86.6,4,0.66,15,0.024,0,0,0,1,12.0,LOW,0.9,27,LOW_streamlined
47.6,9,1,291.31612039957673,40.5,30.6,14,0,0,19,48,18.1,519.7,116,3.52,12,0.354,0,1,0,0,56.4,HIGH,10.2,310,HIGH_backlog
90.1,2,0,41.418252264887634,88.5,0.4,0,1,0,14,24,8.8,95.9,7,0.47,28,0.045,0,0,0,0,12.0,LOW,1.4,43,LOW_streamlined
25.7,14,5,406.2972804897364,16.4,56.7,194,0,144,42,48,34.3,1250.6,321,4.69,4,0.59,1,0,0,1,88.4,CRITICAL,24.0,730,CRITICAL_injunction
77.7,0,0,28.803730693109788,77.6,0.7,0,1,0,14,18,8.8,232.0,26,0.83,23,0.066,0,0,0,1,12.0,LOW,1.7,52,LOW_streamlined
21.1,10,3,466.52398683978606,5.8,45.2,7,0,169,47,36,22.5,569.1,142,4.02,8,0.593,0,1,0,1,90.1,CRITICAL,17.2,523,CRITICAL_injunction
79.0,0,0,31.073586304742726,94.0,7.6,0,1,0,15,30,4.0,32.2,6,0.38,22,0.042,0,0,1,1,13.2,LOW,0.9,27,LOW_streamlined
71.2,4,1,89.07378581640968,56.4,9.0,0,1,0,22,24,15.3,185.5,45,1.77,39,0.093,0,0,1,1,24.3,MODERATE,5.2,158,MODERATE_standard
68.9,2,0,164.1828286305577,63.5,10.8,2,1,0,14,36,9.1,445.4,115,1.55,39,0.102,0,1,1,1,29.6,MODERATE,5.5,167,MODERATE_standard
23.0,10,3,391.77409370303945,21.5,55.7,10,1,315,35,36,21.6,834.7,201,3.73,3,0.52,0,0,0,1,71.8,CRITICAL,21.6,657,CRITICAL_injunction
61.0,3,1,110.24588755621804,57.3,9.2,0,1,0,19,36,12.0,231.6,42,1.15,32,0.105,0,0,0,0,25.3,MODERATE,5.9,179,MODERATE_standard
44.2,9,1,299.7015298300421,47.2,33.9,2,0,0,34,36,16.7,157.9,24,2.59,7,0.256,0,1,0,0,59.9,HIGH,13.8,420,HIGH_backlog
40.8,8,3,223.02788367664087,28.2,24.0,9,0,0,22,48,21.4,240.1,76,2.94,11,0.442,0,0,0,1,63.0,HIGH,10.4,316,HIGH_backlog
43.2,8,3,280.69461001704235,40.8,20.0,29,1,69,35,48,22.6,612.1,129,2.67,5,0.433,0,0,0,1,50.9,HIGH,10.4,316,HIGH_backlog
42.9,9,3,180.32860937912912,36.3,27.1,11,1,108,31,48,16.4,760.2,130,3.08,25,0.314,1,1,0,1,62.6,HIGH,12.9,392,HIGH_backlog
29.4,18,2,357.2744189358153,16.8,57.0,182,0,134,25,60,33.3,859.6,251,4.48,9,0.617,1,0,0,1,85.8,CRITICAL,20.6,626,CRITICAL_injunction
89.6,1,0,15.75106545263217,75.2,4.6,0,1,0,13,18,4.4,24.4,7,0.69,37,0.072,0,0,1,1,12.0,LOW,1.3,40,LOW_streamlined
45.7,8,2,245.11468761300569,47.7,21.2,2,0,87,33,48,17.8,195.0,48,3.55,17,0.255,0,0,0,0,57.2,HIGH,8.5,258,HIGH_backlog
45.7,7,1,276.07989795653805,31.3,21.6,9,1,0,23,48,22.1,334.5,78,2.99,25,0.34,0,1,0,1,53.9,HIGH,13.8,420,HIGH_backlog
42.8,8,1,299.22863398903485,33.7,28.4,17,0,53,30,48,19.7,421.7,110,2.84,25,0.339,0,0,0,0,59.4,HIGH,12.3,374,HIGH_backlog
50.4,7,3,208.34503704880152,32.7,25.0,20,1,0,36,48,23.4,427.3,97,2.95,24,0.272,0,0,0,1,56.5,HIGH,14.2,432,HIGH_backlog
31.4,14,2,288.54155702949146,20.0,37.0,13,0,321,32,60,22.2,963.5,273,4.01,21,0.57,0,1,0,0,86.3,CRITICAL,16.5,502,CRITICAL_injunction
20.6,10,5,452.0367890417127,17.5,53.7,261,0,174,31,36,29.0,971.7,351,4.89,22,0.515,1,0,0,0,94.0,CRITICAL,30.7,933,CRITICAL_injunction
63.6,2,0,105.42135108474257,69.0,14.8,0,1,0,13,24,14.4,277.9,44,1.39,7,0.127,0,0,0,1,19.9,LOW,2.1,64,MODERATE_standard
71.8,3,0,164.79362317268377,50.9,15.9,0,1,0,21,36,11.0,341.1,48,1.93,26,0.17,0,0,1,0,25.5,MODERATE,3.3,100,MODERATE_standard
78.5,2,0,55.50340097468113,77.2,4.9,0,1,0,9,30,7.5,197.1,23,0.42,24,0.016,0,0,0,1,12.0,LOW,0.9,27,LOW_streamlined
40.2,8,1,240.813364133143,27.6,25.7,5,0,0,35,48,23.6,204.1,43,2.75,12,0.298,0,0,0,1,57.7,HIGH,11.2,340,HIGH_backlog
52.4,6,1,265.46166078481673,28.1,34.8,8,0,86,22,36,19.1,283.7,55,3.29,28,0.397,0,1,0,1,64.0,HIGH,11.9,362,HIGH_backlog
48.7,9,1,202.9899650410781,41.0,22.9,9,0,0,31,48,22.5,296.1,79,3.1,4,0.443,0,0,0,0,51.1,HIGH,10.0,304,HIGH_backlog
42.7,9,1,241.26422236216422,44.8,20.7,4,0,96,20,48,18.9,195.9,44,2.61,6,0.268,0,0,0,0,60.6,HIGH,14.3,435,HIGH_backlog
54.6,8,1,308.6692057947314,45.0,31.9,11,0,78,27,36,16.8,285.4,80,3.34,14,0.34,1,0,0,1,65.8,HIGH,10.0,304,HIGH_backlog
91.1,2,0,26.08636834255057,77.7,3.6,0,1,0,12,30,8.6,208.1,32,0.84,15,0.018,0,0,1,1,12.0,LOW,0.1,3,LOW_streamlined
26.1,10,3,506.97221665374263,10.1,54.0,14,0,168,29,48,30.4,1188.4,282,4.27,22,0.479,0,1,0,1,92.1,CRITICAL,30.8,936,CRITICAL_injunction
27.8,18,3,317.0255863350418,13.7,49.1,224,1,139,49,60,27.6,1052.5,309,4.85,22,0.713,1,0,0,0,73.3,CRITICAL,29.8,906,CRITICAL_injunction
91.0,0,0,10.967474194214352,90.0,6.5,0,1,0,10,18,8.1,211.4,19,0.72,31,0.027,0,0,1,1,12.0,LOW,1.4,43,LOW_streamlined
83.2,1,0,18.855788771332094,96.6,2.1,0,1,0,10,24,5.3,143.0,10,0.61,26,0.025,0,0,1,1,12.0,LOW,0.0,0,LOW_streamlined
54.7,7,2,218.62917606012178,26.1,33.5,23,0,0,25,36,18.2,378.8,96,2.75,28,0.476,0,1,0,0,57.4,HIGH,13.9,423,HIGH_backlog
70.7,4,1,110.21356169042139,58.3,8.6,0,1,0,19,24,10.3,163.1,29,1.19,13,0.114,0,0,0,1,23.8,LOW,0.4,12,MODERATE_standard
46.2,7,2,222.6510109366248,29.6,26.3,12,1,0,37,48,20.2,240.2,62,3.3,5,0.379,0,0,0,1,55.2,HIGH,10.6,322,HIGH_backlog
46.0,6,1,305.58459474928736,31.5,27.8,27,1,0,24,48,22.1,746.4,160,2.32,25,0.43,0,0,0,0,46.4,HIGH,9.5,289,HIGH_backlog
38.7,7,1,311.5116980960472,32.1,24.6,10,0,74,31,36,18.7,739.9,179,2.37,15,0.301,0,1,0,1,60.4,HIGH,8.3,252,HIGH_backlog
34.4,18,2,380.97606494736567,19.9,42.3,8,0,224,44,48,32.3,651.8,174,3.53,15,0.762,0,1,0,1,82.1,CRITICAL,17.8,541,CRITICAL_injunction
26.0,14,2,293.28291927164383,8.0,38.0,79,0,160,35,36,24.4,574.9,174,4.3,13,0.549,1,0,0,0,88.5,CRITICAL,29.9,909,CRITICAL_injunction
58.5,3,1,125.61727104280249,59.0,15.7,0,1,0,20,36,9.4,156.0,20,1.76,32,0.145,0,0,1,1,28.7,MODERATE,4.1,125,MODERATE_standard
38.9,9,3,220.5662608254112,27.0,29.4,9,0,65,29,48,17.3,635.2,117,3.23,22,0.392,1,1,0,0,68.3,CRITICAL,29.4,894,HIGH_backlog
48.6,7,2,188.87697873041057,35.0,32.0,11,0,62,25,48,23.0,761.4,202,3.24,16,0.337,1,0,0,1,62.5,HIGH,11.7,356,HIGH_backlog
60.4,3,0,114.96489468419082,54.3,14.1,0,1,0,16,36,11.2,194.3,28,1.8,35,0.119,0,1,1,0,28.8,MODERATE,4.0,122,MODERATE_standard
78.0,0,0,42.48334359466769,76.1,2.3,0,1,0,10,18,6.1,143.8,18,0.59,23,0.016,0,0,1,1,12.0,LOW,1.4,43,LOW_streamlined
68.1,2,0,68.9288323634929,56.2,15.9,0,1,0,8,24,12.8,202.8,32,1.86,8,0.096,0,0,0,1,24.3,MODERATE,4.2,128,MODERATE_standard
44.7,6,1,299.0246670618034,27.2,23.4,17,1,0,28,48,20.6,483.1,84,2.92,21,0.299,1,0,0,0,52.5,HIGH,13.4,407,HIGH_backlog
71.9,2,0,161.64946245699156,67.6,14.4,0,1,0,12,24,11.2,70.5,18,1.74,39,0.105,0,0,0,1,20.6,LOW,1.6,49,MODERATE_standard
68.9,3,0,79.7518665949977,63.5,13.1,0,1,0,10,36,13.6,389.4,69,1.17,19,0.165,0,0,0,0,20.8,LOW,2.0,61,MODERATE_standard
72.8,4,1,93.37911146033574,61.6,10.2,0,1,0,11,36,15.9,92.7,21,1.17,7,0.198,0,0,0,0,24.3,MODERATE,3.6,109,MODERATE_standard
50.4,6,1,194.27444737812922,37.5,33.1,18,0,77,20,48,20.3,714.9,189,2.59,24,0.332,0,0,0,0,58.0,HIGH,10.7,325,HIGH_backlog
21.1,14,2,302.0218314372222,21.8,36.6,3,0,221,44,60,22.9,225.4,66,3.98,10,0.713,0,0,0,1,85.0,CRITICAL,28.2,857,CRITICAL_injunction
42.1,7,1,240.64114346826813,28.2,27.6,15,1,0,21,48,18.9,415.1,63,3.46,4,0.272,0,0,0,0,55.7,HIGH,9.9,301,HIGH_backlog
89.3,0,0,28.898747564285785,86.7,7.8,0,1,0,7,30,5.9,102.3,7,0.29,41,0.037,0,0,1,1,12.0,LOW,2.2,67,LOW_streamlined
24.1,14,5,314.3131349533968,13.1,39.9,13,0,247,51,36,24.9,999.9,264,4.32,8,0.556,0,0,0,0,86.0,CRITICAL,17.0,517,CRITICAL_injunction
28.9,12,2,535.7829426139988,16.3,48.9,15,0,264,34,48,28.4,963.2,318,4.95,13,0.526,0,0,0,1,93.6,CRITICAL,21.9,666,CRITICAL_injunction
89.5,0,0,24.156743330504213,90.4,7.3,0,1,0,6,18,4.9,105.8,18,0.84,47,0.04,0,0,1,0,12.0,LOW,0.3,9,LOW_streamlined
43.9,7,1,241.17705374110136,27.0,27.1,30,0,0,18,48,23.7,489.7,147,2.93,25,0.33,0,0,0,1,57.0,HIGH,11.3,344,HIGH_backlog
80.5,1,0,12.745463608596115,86.8,7.1,0,1,0,7,30,4.5,92.9,12,0.59,42,0.014,0,0,1,0,12.0,LOW,2.2,67,LOW_streamlined
35.9,12,4,350.1376697674059,17.2,45.0,55,0,343,41,36,24.3,485.2,118,4.74,22,0.618,1,0,0,0,89.8,CRITICAL,22.1,672,CRITICAL_injunction
15.1,18,3,390.36084691337163,14.9,52.0,220,0,265,37,48,32.6,1428.7,305,3.58,22,0.479,1,0,0,1,94.0,CRITICAL,21.4,651,CRITICAL_injunction
39.1,8,1,227.03986781194197,30.7,22.0,10,1,112,36,48,22.8,534.0,97,2.24,12,0.409,0,1,0,1,55.5,HIGH,8.5,258,HIGH_backlog
83.3,0,0,33.308047454660965,95.7,0.3,0,1,0,14,24,8.1,39.3,4,0.66,23,0.048,0,0,1,1,12.0,LOW,1.2,36,LOW_streamlined
46.4,6,3,210.77408829204262,41.9,26.9,2,1,67,20,48,21.8,240.0,39,2.67,17,0.444,1,1,0,0,56.7,HIGH,10.4,316,HIGH_backlog
94.1,0,0,38.56487579208198,88.4,1.3,0,1,0,4,30,7.1,102.5,5,0.77,26,0.074,0,0,0,1,12.0,LOW,0.2,6,LOW_streamlined
13.3,12,5,438.21300518436044,12.8,41.5,57,0,359,29,60,24.4,489.8,136,4.45,17,0.629,1,0,0,1,93.3,CRITICAL,25.1,763,CRITICAL_injunction
67.9,4,0,81.9017797215982,56.9,12.3,0,1,0,9,24,13.9,217.8,33,1.22,15,0.142,0,0,1,1,21.5,LOW,0.7,21,MODERATE_standard
38.7,8,1,281.80163352917316,25.3,29.3,6,0,68,36,36,20.3,251.8,58,3.23,25,0.446,0,1,0,0,66.4,HIGH,9.2,280,HIGH_backlog
35.9,12,5,338.94141442016576,8.9,55.0,5,0,295,38,60,20.5,465.4,112,5.39,16,0.507,0,1,0,0,93.1,CRITICAL,17.3,526,CRITICAL_injunction
40.8,6,1,265.8313594767884,47.5,20.8,12,1,0,31,48,21.2,261.0,52,3.1,25,0.359,0,0,0,0,50.1,HIGH,8.8,268,HIGH_backlog
72.0,5,0,67.98889129088765,59.4,17.7,0,1,0,10,24,13.0,194.2,22,1.88,26,0.081,0,0,0,1,30.2,MODERATE,6.3,192,MODERATE_standard
84.6,0,0,45.97676730130785,91.5,6.2,0,1,0,5,30,5.8,81.1,4,0.71,15,0.024,0,0,1,0,12.0,LOW,0.2,6,LOW_streamlined
40.0,7,1,284.29007374068,32.1,34.5,25,0,56,19,36,18.4,487.9,130,2.64,15,0.452,0,1,0,1,61.0,HIGH,13.5,410,HIGH_backlog
78.9,1,0,58.892762087990086,97.4,1.6,0,1,0,7,24,8.2,178.2,33,0.85,31,0.034,0,0,0,1,12.0,LOW,2.1,64,LOW_streamlined
61.0,3,0,170.9836019185625,51.5,16.3,1,1,0,18,36,15.3,434.1,110,1.75,31,0.179,0,1,1,0,34.0,MODERATE,7.5,228,MODERATE_standard
94.9,0,0,49.68217793664844,97.9,1.2,0,1,0,4,24,4.1,53.6,4,0.4,33,0.026,0,0,1,1,12.0,LOW,0.2,6,LOW_streamlined
30.7,10,5,380.0299179654266,19.6,37.4,90,0,236,46,36,23.6,642.8,200,4.72,2,0.627,1,0,0,1,91.3,CRITICAL,25.1,763,CRITICAL_injunction
52.5,6,2,231.2388438791496,30.8,24.2,25,1,0,18,36,23.4,436.4,125,2.25,21,0.375,0,0,0,0,47.2,HIGH,13.3,404,HIGH_backlog
49.6,7,1,227.8908922194463,37.4,23.3,9,1,0,22,36,19.6,173.0,57,3.34,21,0.399,1,0,0,1,47.3,HIGH,11.3,344,HIGH_backlog
73.5,3,0,91.14526288766939,58.6,16.0,0,1,0,18,24,14.9,237.7,37,1.72,26,0.141,0,0,0,1,20.3,LOW,0.0,0,MODERATE_standard
27.7,10,4,517.4291115428294,14.3,59.8,90,1,147,31,36,21.3,565.5,200,3.94,12,0.462,1,0,0,1,73.2,CRITICAL,22.5,684,CRITICAL_injunction
86.5,0,0,44.11068850164797,75.3,4.1,0,1,0,17,24,6.4,179.5,19,0.56,35,0.02,0,0,1,0,12.0,LOW,1.7,52,LOW_streamlined
19.5,10,3,381.01892237146603,18.0,40.6,27,0,185,29,60,28.7,269.9,62,3.51,22,0.673,1,0,0,0,90.0,CRITICAL,25.1,763,CRITICAL_injunction
17.0,12,3,498.00479955632403,16.5,47.5,73,0,247,41,48,33.4,538.4,109,4.97,3,0.646,1,0,0,0,94.0,CRITICAL,20.8,632,CRITICAL_injunction
28.9,14,2,504.69112917681775,14.6,52.0,167,1,234,45,60,27.3,827.2,288,5.05,6,0.555,1,0,0,0,74.5,CRITICAL,22.6,687,CRITICAL_injunction
50.0,9,2,273.38297808632103,32.8,26.5,8,1,75,30,36,18.9,427.9,84,3.5,5,0.299,1,1,0,1,60.8,HIGH,10.8,328,HIGH_backlog
53.3,6,3,228.2447489603226,33.6,32.7,16,1,113,28,48,18.1,439.4,100,2.32,4,0.36,0,0,0,0,48.2,HIGH,9.9,301,HIGH_backlog
73.6,3,0,167.35328359778643,67.6,16.2,0,1,0,15,24,14.6,57.7,19,1.57,15,0.101,0,0,1,1,20.0,LOW,0.3,9,MODERATE_standard
80.9,0,0,49.24582346525185,85.1,7.5,0,1,0,17,24,7.9,52.6,5,0.34,41,0.021,0,0,0,1,12.0,LOW,2.0,61,LOW_streamlined
44.9,6,3,196.5460361025712,39.2,29.4,11,1,0,21,48,22.0,440.7,102,2.25,29,0.497,1,1,0,1,55.7,HIGH,10.9,331,HIGH_backlog
51.3,7,1,277.99310814691717,31.6,27.9,6,0,0,18,36,18.5,285.1,51,3.43,21,0.429,0,1,0,0,55.6,HIGH,8.5,258,HIGH_backlog
80.9,0,0,23.41013058361812,87.7,1.4,0,1,0,7,30,6.7,93.7,8,0.39,33,0.011,0,0,1,0,12.0,LOW,2.3,70,LOW_streamlined
51.9,8,2,291.92837605867226,38.8,25.2,7,1,0,27,48,17.7,293.1,53,3.25,11,0.348,0,1,0,0,59.3,HIGH,10.4,316,HIGH_backlog
72.8,3,1,93.3860184353066,66.4,9.0,0,1,0,19,24,13.9,133.1,24,1.25,38,0.081,0,0,1,1,22.6,LOW,2.5,76,MODERATE_standard
69.4,4,0,149.4928117013223,67.3,15.8,0,1,0,17,36,15.6,66.7,17,1.43,32,0.121,0,0,1,1,24.9,MODERATE,5.0,152,MODERATE_standard
82.3,2,0,31.200575170556625,84.4,4.3,0,1,0,17,30,6.8,239.7,41,0.73,18,0.012,0,0,1,1,12.0,LOW,1.2,36,LOW_streamlined
52.0,7,1,300.03820866568503,31.7,33.5,19,0,0,33,48,18.4,616.3,118,2.41,29,0.331,0,1,0,1,56.6,HIGH,10.2,310,HIGH_backlog
68.6,3,0,74.93838249286084,64.2,8.4,1,1,0,17,24,12.1,434.7,77,1.41,20,0.169,0,0,1,1,26.4,MODERATE,3.0,91,MODERATE_standard
47.0,7,2,257.7900342514391,32.6,24.3,13,0,83,27,48,18.6,304.6,88,2.75,27,0.394,0,0,0,0,61.4,HIGH,8.4,255,HIGH_backlog
58.1,2,1,111.82513817935842,65.8,8.7,0,1,0,8,24,14.9,92.1,13,1.88,35,0.156,0,0,0,0,23.2,LOW,1.0,30,MODERATE_standard
61.8,3,0,175.01200169258865,71.1,16.9,2,1,0,13,36,12.5,214.0,49,1.52,23,0.085,0,1,1,1,33.0,MODERATE,6.1,185,MODERATE_standard
44.4,7,2,193.54294468938303,39.1,24.4,15,1,0,23,48,16.5,526.8,116,2.55,9,0.431,1,1,0,0,55.6,HIGH,9.0,274,HIGH_backlog
54.3,6,2,185.8137237175912,42.3,25.8,19,1,96,27,48,23.4,732.4,122,2.89,19,0.379,0,0,0,1,47.2,HIGH,12.0,365,HIGH_backlog
17.2,18,4,474.48759016941085,17.4,56.3,20,0,145,40,48,30.4,278.2,58,4.14,20,0.618,1,0,0,0,91.1,CRITICAL,16.6,505,CRITICAL_injunction
63.2,4,0,150.74447907784824,55.2,15.2,2,1,0,22,36,12.1,319.7,60,1.89,18,0.164,0,1,1,1,32.0,MODERATE,7.3,222,MODERATE_standard
71.2,2,1,149.59030043811947,60.5,8.1,0,1,0,8,36,14.1,331.5,62,1.76,37,0.138,0,1,0,0,24.2,MODERATE,3.0,91,MODERATE_standard
81.0,0,0,43.796153419421,78.1,5.2,0,1,0,12,18,8.9,158.3,19,0.37,37,0.047,0,0,1,1,12.0,LOW,1.0,30,LOW_streamlined
46.3,8,2,294.9255103316317,33.9,35.0,35,0,0,35,36,21.9,669.0,166,2.23,17,0.46,0,0,0,0,60.1,HIGH,9.3,283,HIGH_backlog
23.9,18,3,482.04172070755897,6.8,53.5,13,0,311,43,60,20.5,1328.8,279,5.37,20,0.742,0,0,0,0,94.0,CRITICAL,28.7,872,CRITICAL_injunction
94.0,0,0,33.66909374235965,94.3,7.5,0,1,0,12,24,6.2,242.0,10,0.51,13,0.022,0,0,1,1,12.0,LOW,0.8,24,LOW_streamlined
27.4,10,2,368.79091834588417,9.7,36.8,11,0,238,30,36,27.8,1085.2,225,4.76,9,0.636,0,1,0,0,91.7,CRITICAL,19.4,590,CRITICAL_injunction
87.8,2,0,37.20635837411707,85.6,3.6,0,1,0,9,18,7.5,150.2,15,0.7,12,0.049,0,0,0,0,12.0,LOW,0.9,27,LOW_streamlined
20.0,12,4,292.7343630516995,5.6,45.0,10,0,168,34,36,22.2,809.2,210,3.86,11,0.479,0,0,0,0,92.3,CRITICAL,26.9,818,CRITICAL_injunction
68.2,3,0,112.88499076402854,62.9,16.7,0,1,0,22,36,10.0,110.4,22,1.48,35,0.172,0,0,0,0,23.2,LOW,1.9,58,MODERATE_standard
39.6,6,2,265.1985312049108,36.2,28.1,17,0,104,24,48,17.5,726.8,148,2.84,9,0.297,0,1,0,0,63.4,HIGH,10.0,304,HIGH_backlog
41.4,7,1,267.206782054294,42.0,20.4,20,0,100,25,48,18.7,513.3,142,3.11,20,0.293,0,0,0,0,61.9,HIGH,10.7,325,HIGH_backlog
85.6,0,0,34.992280138969065,82.9,3.2,0,1,0,9,30,8.1,87.4,7,0.27,38,0.029,0,0,1,1,12.0,LOW,2.5,76,LOW_streamlined
25.7,18,3,379.5642754733256,21.1,58.1,5,0,154,47,48,24.2,317.0,108,3.74,2,0.666,0,0,0,0,87.2,CRITICAL,22.1,672,CRITICAL_injunction
71.1,3,1,87.9026980448123,62.6,14.0,0,1,0,15,36,9.1,361.6,59,1.21,11,0.086,0,1,1,0,25.1,MODERATE,7.0,213,MODERATE_standard
78.2,0,0,27.21618279094447,92.2,2.7,0,1,0,5,30,5.6,116.3,14,0.54,28,0.06,0,0,0,1,12.0,LOW,0.3,9,LOW_streamlined
77.2,0,0,25.21267117110619,78.4,7.5,0,1,0,12,30,4.1,175.6,21,0.22,32,0.073,0,0,1,1,12.0,LOW,0.8,24,LOW_streamlined
35.7,10,3,334.4986488046044,19.4,35.8,43,0,293,36,48,26.9,303.1,63,5.4,17,0.783,1,0,0,0,90.6,CRITICAL,31.7,964,CRITICAL_injunction
49.3,6,1,213.1532231576388,30.6,35.2,30,0,81,24,36,18.2,729.9,143,3.25,8,0.258,0,0,0,0,59.5,HIGH,9.5,289,HIGH_backlog
32.8,10,2,315.50373830574597,19.8,45.6,266,0,334,38,48,25.6,1331.7,447,4.71,21,0.576,1,0,0,1,89.2,CRITICAL,27.9,848,CRITICAL_injunction
72.0,3,0,87.31120271698558,53.3,9.0,0,1,0,9,24,10.0,132.2,15,1.95,10,0.21,0,1,0,1,23.4,LOW,2.1,64,MODERATE_standard
62.9,3,0,78.53432812255022,55.3,16.6,1,1,0,8,24,11.4,202.8,41,1.84,34,0.161,0,1,1,0,32.0,MODERATE,6.1,185,MODERATE_standard
49.3,7,2,183.58446083272636,25.8,33.5,9,0,88,24,36,16.9,351.9,70,3.51,24,0.257,1,1,0,0,70.8,CRITICAL,17.8,541,HIGH_backlog
72.4,2,0,116.30709440428583,64.5,15.1,0,1,0,21,24,12.7,128.3,23,1.49,36,0.204,0,0,0,1,21.8,LOW,1.5,46,MODERATE_standard
66.4,4,1,136.9225963157404,69.4,11.6,1,1,0,20,36,13.8,432.5,73,1.39,9,0.095,0,0,0,1,29.1,MODERATE,3.5,106,MODERATE_standard
87.6,1,0,51.76787929834192,93.8,1.2,0,1,0,15,24,4.8,204.0,27,0.68,46,0.028,0,0,0,1,12.0,LOW,1.2,36,LOW_streamlined
77.4,0,0,18.211864003708225,80.4,5.5,0,1,0,4,30,5.0,110.9,9,0.74,34,0.061,0,0,1,1,12.0,LOW,0.3,9,LOW_streamlined
29.2,18,4,547.3802039365138,10.1,39.0,56,1,154,38,60,25.1,284.8,89,4.89,8,0.571,1,0,0,1,74.4,CRITICAL,18.6,565,CRITICAL_injunction
64.4,2,0,148.07870040374507,69.6,9.2,0,1,0,15,24,10.3,77.0,16,1.17,38,0.121,0,0,0,1,21.6,LOW,0.4,12,MODERATE_standard
75.3,1,0,18.662252612394283,80.8,4.0,0,1,0,17,24,8.4,194.1,21,0.48,16,0.012,0,0,1,1,12.0,LOW,2.3,70,LOW_streamlined
44.1,9,1,240.82630597794414,26.3,34.1,39,0,0,30,36,22.8,652.5,218,3.55,7,0.369,0,1,0,1,65.5,HIGH,13.4,407,HIGH_backlog
18.5,12,2,518.7651367056508,13.4,62.4,8,0,141,26,48,22.3,488.0,161,3.75,16,0.506,0,0,0,0,90.3,CRITICAL,27.7,842,CRITICAL_injunction
66.9,3,0,166.18949597489876,69.1,9.6,3,1,0,23,36,14.1,345.5,68,1.93,38,0.128,0,0,1,1,27.0,MODERATE,4.7,143,MODERATE_standard
53.5,6,1,274.0301991541861,28.9,25.4,6,0,0,20,36,20.8,472.7,114,2.88,28,0.416,1,0,0,0,53.7,HIGH,9.7,295,HIGH_backlog
81.1,0,0,37.28062570270033,85.2,6.2,0,1,0,8,24,8.7,166.7,27,0.26,28,0.018,0,0,1,0,12.0,LOW,0.3,9,LOW_streamlined
95.8,1,0,37.20049442311557,96.1,4.9,0,1,0,16,18,8.7,204.5,20,0.35,43,0.032,0,0,1,1,12.0,LOW,1.9,58,LOW_streamlined
48.2,6,1,237.90725563690575,31.6,27.1,27,0,77,36,36,18.5,474.1,137,3.42,23,0.327,1,1,0,1,60.7,HIGH,10.0,304,HIGH_backlog
58.8,2,0,90.40951995982815,61.2,11.5,1,1,0,11,36,10.5,429.3,71,1.34,9,0.091,0,0,1,1,28.1,MODERATE,7.3,222,MODERATE_standard
63.9,4,0,80.83420503444987,59.0,9.9,1,1,0,21,24,14.2,345.0,46,1.89,25,0.153,0,0,0,0,30.6,MODERATE,6.3,192,MODERATE_standard
60.0,3,0,147.21692471302615,64.6,11.0,2,1,0,11,36,14.7,420.1,52,1.88,21,0.18,0,1,0,0,31.8,MODERATE,4.6,140,MODERATE_standard
70.6,3,0,121.44511716247837,50.4,8.6,0,1,0,18,24,9.1,154.6,21,1.24,31,0.122,0,0,0,1,23.0,LOW,0.1,3,MODERATE_standard
94.0,0,0,26.6960940489248,93.4,6.3,0,1,0,5,18,7.2,179.9,20,0.36,16,0.048,0,0,1,1,12.0,LOW,1.4,43,LOW_streamlined
78.1,0,0,27.943616934482964,96.1,3.0,0,1,0,6,30,8.0,38.3,5,0.44,13,0.054,0,0,1,0,12.0,LOW,1.4,43,LOW_streamlined
26.0,18,5,507.12548360498187,22.1,55.3,22,0,249,30,60,32.7,1389.6,450,4.94,18,0.504,0,1,0,1,90.9,CRITICAL,22.7,690,CRITICAL_injunction
38.9,8,1,315.2744087223043,40.3,23.8,9,1,83,29,48,21.2,435.8,80,2.45,27,0.272,0,1,0,0,54.0,HIGH,10.7,325,HIGH_backlog
51.9,8,1,271.6790510193327,35.3,28.5,5,1,0,36,48,18.5,112.1,29,3.44,26,0.373,0,1,0,0,52.7,HIGH,12.9,392,HIGH_backlog
17.7,12,3,315.35557007928026,22.3,60.5,222,0,286,46,48,21.1,1313.6,374,3.92,7,0.606,1,0,0,0,94.0,CRITICAL,19.6,596,CRITICAL_injunction
91.9,0,0,39.498006474027456,91.9,5.2,0,1,0,12,30,5.2,177.1,34,0.45,34,0.013,0,0,1,1,12.0,LOW,2.3,70,LOW_streamlined
39.0,6,3,298.206969160334,26.6,25.7,15,0,0,27,36,20.6,265.3,71,3.28,21,0.375,0,0,0,1,61.5,HIGH,13.4,407,HIGH_backlog
23.1,10,5,388.64265232215473,8.4,41.8,2,1,252,36,36,25.0,214.4,45,5.44,11,0.486,0,0,0,0,75.5,CRITICAL,28.4,863,CRITICAL_injunction
16.3,10,2,545.1297764797318,16.8,60.4,55,0,184,45,36,22.7,345.5,103,3.99,12,0.749,1,0,0,1,94.0,CRITICAL,21.9,666,CRITICAL_injunction
48.4,8,3,239.547797654355,39.3,23.2,33,1,117,29,36,16.6,590.8,138,2.2,4,0.458,0,0,0,1,49.2,HIGH,9.6,292,HIGH_backlog
79.5,0,0,45.55295580306872,89.4,0.5,0,1,0,7,24,8.5,209.5,22,0.9,20,0.022,0,0,1,0,12.0,LOW,1.0,30,LOW_streamlined
70.7,2,0,91.56329316071358,69.4,10.5,0,1,0,21,24,13.6,386.1,55,1.13,35,0.215,0,0,1,1,18.4,LOW,1.9,58,MODERATE_standard
40.0,6,2,241.7488806052225,28.7,24.5,10,1,47,21,48,23.9,233.2,57,3.39,11,0.264,1,0,0,0,61.8,HIGH,12.1,368,HIGH_backlog
35.7,12,3,411.09577124453324,19.8,60.6,5,0,154,41,48,32.9,322.8,102,3.54,5,0.619,0,0,0,1,80.7,CRITICAL,20.3,617,CRITICAL_injunction
91.9,0,0,29.913218450503596,76.5,3.9,0,1,0,5,30,5.2,139.3,26,0.46,18,0.041,0,0,1,1,12.0,LOW,1.5,46,LOW_streamlined
60.0,3,1,145.17088662001953,60.4,16.3,2,1,0,11,36,13.7,305.7,56,1.27,13,0.148,0,1,1,0,33.2,MODERATE,6.1,185,MODERATE_standard
92.5,0,0,15.214064378262574,88.9,3.3,0,1,0,6,18,4.5,209.9,27,0.6,23,0.018,0,0,0,1,12.0,LOW,0.5,15,LOW_streamlined
65.4,3,1,166.15008964940293,60.5,12.4,0,1,0,11,24,13.6,311.2,51,1.39,12,0.178,0,0,0,0,24.3,MODERATE,3.9,119,MODERATE_standard
21.9,10,2,498.72262145721595,15.2,51.0,4,0,285,42,60,29.3,427.0,87,4.06,10,0.502,0,1,0,0,93.7,CRITICAL,16.2,492,CRITICAL_injunction
49.1,8,3,288.1287711653646,37.8,26.1,3,1,113,32,36,20.2,165.2,41,2.33,20,0.401,0,0,0,1,53.5,HIGH,14.8,450,HIGH_backlog
72.9,4,1,95.2508836349636,68.9,10.5,2,1,0,9,24,14.3,431.3,66,1.34,16,0.194,0,0,0,1,24.2,MODERATE,4.4,134,MODERATE_standard
40.0,7,2,238.2393850130198,43.7,23.1,12,0,0,37,48,23.6,537.4,144,2.75,11,0.276,1,0,0,0,57.6,HIGH,10.2,310,HIGH_backlog
22.8,12,4,539.4502509283877,13.0,45.4,193,1,346,25,48,23.4,1309.8,337,5.01,16,0.468,1,0,0,0,79.0,CRITICAL,30.4,924,CRITICAL_injunction
46.0,8,3,296.7911380833632,41.4,32.4,5,0,0,31,36,21.0,242.8,61,2.23,23,0.265,1,1,0,0,59.6,HIGH,11.3,344,HIGH_backlog
24.7,12,2,478.4885481484921,22.6,39.3,10,0,339,34,36,26.5,812.3,219,4.22,22,0.468,0,0,0,0,88.0,CRITICAL,18.8,572,CRITICAL_injunction
40.1,6,1,255.79691323698393,43.7,25.8,7,1,0,30,36,23.9,608.4,107,2.96,22,0.416,0,0,0,1,50.0,HIGH,8.6,261,HIGH_backlog
64.6,4,0,81.76482227566751,59.0,14.3,0,1,0,12,36,10.7,197.2,22,1.52,32,0.202,0,0,0,1,24.8,MODERATE,3.0,91,MODERATE_standard
92.2,1,0,35.00593065076038,85.3,3.7,0,1,0,13,30,7.9,114.2,7,0.24,42,0.028,0,0,0,1,12.0,LOW,1.8,55,LOW_streamlined
32.2,12,4,302.5167543909977,13.4,51.8,57,0,326,33,60,31.0,333.8,80,3.65,12,0.558,1,0,0,0,89.2,CRITICAL,18.3,556,CRITICAL_injunction
61.7,2,0,152.74213958575095,65.2,11.1,0,1,0,20,24,13.2,422.1,76,1.71,6,0.133,0,1,1,1,27.4,MODERATE,4.3,131,MODERATE_standard
34.9,14,5,527.3355917258768,8.3,60.7,105,0,293,27,48,25.9,849.4,168,3.64,13,0.561,1,0,0,0,88.7,CRITICAL,18.8,572,CRITICAL_injunction
31.0,12,3,312.6427125559375,21.1,35.2,166,0,141,27,48,33.0,1393.8,320,4.1,5,0.538,1,0,0,0,80.9,CRITICAL,28.6,869,CRITICAL_injunction
40.6,6,1,286.74405871677595,36.2,28.3,19,1,113,31,36,20.1,414.9,85,3.05,26,0.43,0,1,0,1,56.6,HIGH,9.0,274,HIGH_backlog
93.3,1,0,48.5835944812404,78.1,2.7,0,1,0,12,18,5.2,118.5,9,0.58,47,0.078,0,0,1,1,12.0,LOW,2.2,67,LOW_streamlined
71.2,2,1,115.65079778592495,61.0,8.9,1,1,0,10,24,13.3,286.8,53,1.55,21,0.106,0,0,1,0,23.3,LOW,1.8,55,MODERATE_standard
32.1,12,3,425.07806914353387,7.9,45.2,192,1,242,49,48,29.1,1023.9,287,5.38,17,0.46,1,0,0,1,75.6,CRITICAL,25.6,778,CRITICAL_injunction
80.9,0,0,12.211628007963961,91.9,6.7,0,1,0,12,18,8.5,210.6,20,0.67,41,0.076,0,0,1,1,12.0,LOW,1.9,58,LOW_streamlined
76.9,0,0,30.38239198550567,76.0,1.9,0,1,0,14,24,4.1,175.8,13,0.36,13,0.071,0,0,1,0,12.0,LOW,2.0,61,LOW_streamlined
14.3,14,3,501.99223545939265,21.9,62.1,32,1,154,49,48,28.3,283.6,94,3.76,9,0.653,1,0,0,1,77.7,CRITICAL,22.6,687,CRITICAL_injunction
52.5,6,1,223.44311123437123,44.4,21.8,9,0,71,32,36,21.0,176.7,43,2.86,11,0.467,1,0,0,0,56.6,HIGH,8.6,261,HIGH_backlog
52.3,9,1,193.3771538387823,38.0,21.9,24,0,97,33,48,20.3,656.6,192,2.58,16,0.396,1,1,0,1,66.7,HIGH,14.0,426,HIGH_backlog
86.1,0,0,44.12869852341046,75.6,1.8,0,1,0,9,18,8.3,144.8,7,0.29,36,0.034,0,0,0,1,12.0,LOW,1.5,46,LOW_streamlined
34.0,12,4,361.56473176258334,14.1,50.4,10,0,200,39,36,22.3,794.7,214,5.4,3,0.611,0,1,0,0,91.2,CRITICAL,27.4,833,CRITICAL_injunction
44.5,7,3,277.40431693580456,36.1,22.4,12,0,43,19,36,22.0,217.3,62,2.7,25,0.312,0,0,0,0,55.7,HIGH,9.0,274,HIGH_backlog
81.8,0,0,57.72656834772421,75.8,6.6,0,1,0,12,30,5.9,121.9,19,0.21,18,0.076,0,0,1,1,12.0,LOW,0.5,15,LOW_streamlined
89.7,1,0,48.983132380182795,81.7,4.0,0,1,0,8,24,5.4,220.1,28,0.26,32,0.038,0,0,1,0,12.0,LOW,0.1,3,LOW_streamlined
66.4,4,0,173.85747357675572,70.8,8.9,0,1,0,20,36,9.5,97.0,14,1.64,19,0.217,0,0,0,0,22.1,LOW,1.5,46,MODERATE_standard
69.2,3,0,65.02894847831894,57.8,10.1,1,1,0,14,36,10.9,121.4,24,1.84,13,0.204,0,0,1,0,28.6,MODERATE,7.4,225,MODERATE_standard
55.2,6,2,189.5881955884361,39.1,34.8,20,1,0,27,48,21.2,754.7,143,2.23,24,0.457,0,0,0,1,51.9,HIGH,8.6,261,HIGH_backlog
33.4,12,2,435.3258407285148,6.3,50.9,123,1,345,27,36,23.2,1105.8,239,4.77,20,0.659,1,0,0,0,71.3,CRITICAL,18.1,550,CRITICAL_injunction
12.5,14,2,303.5450427565925,23.8,52.3,3,0,315,24,48,32.1,227.8,64,4.41,2,0.718,0,1,0,0,93.9,CRITICAL,29.1,885,CRITICAL_injunction
40.0,6,1,260.0179051938255,30.9,36.0,13,1,0,25,48,19.7,637.1,145,3.14,21,0.254,0,0,0,0,56.0,HIGH,9.0,274,HIGH_backlog
95.4,0,0,46.17102121464432,78.0,3.2,0,1,0,8,18,5.3,167.0,10,0.68,44,0.036,0,0,1,1,12.0,LOW,1.8,55,LOW_streamlined
73.0,3,1,79.60346034739166,56.2,11.0,1,1,0,21,36,12.5,215.6,38,1.27,19,0.133,0,0,0,1,27.6,MODERATE,5.7,173,MODERATE_standard
89.1,2,0,44.00181891282706,85.7,4.4,0,1,0,13,30,7.1,102.8,12,0.49,20,0.01,0,0,0,0,12.0,LOW,1.9,58,LOW_streamlined
68.2,3,0,62.675205114717215,66.0,16.8,1,1,0,18,24,15.4,245.0,38,1.19,22,0.151,0,0,1,1,29.6,MODERATE,3.9,119,MODERATE_standard
53.6,7,1,201.90525028914038,42.9,24.9,10,1,0,23,48,23.8,430.5,123,2.45,12,0.455,0,1,0,0,50.1,HIGH,13.1,398,HIGH_backlog
88.8,1,0,29.198980623549154,84.0,2.3,0,1,0,11,24,7.3,106.5,17,0.66,43,0.041,0,0,1,0,12.0,LOW,1.1,33,LOW_streamlined
31.3,12,4,282.15771416531175,7.6,38.7,4,0,271,25,60,31.1,281.5,81,5.4,2,0.765,0,0,0,0,91.6,CRITICAL,29.9,909,CRITICAL_injunction
88.2,0,0,22.509913690863357,92.2,7.0,0,1,0,13,18,6.3,98.5,14,0.48,35,0.02,0,0,1,1,12.0,LOW,1.8,55,LOW_streamlined
60.3,2,1,76.3338754725083,71.0,14.2,0,1,0,9,24,15.7,291.0,34,1.82,15,0.087,0,0,0,1,23.5,LOW,1.3,40,MODERATE_standard
50.6,6,1,293.05794318583196,31.8,29.7,36,1,0,31,48,17.1,679.5,161,2.75,14,0.472,1,0,0,0,52.6,HIGH,11.9,362,HIGH_backlog
83.8,0,0,11.734609249238883,88.0,2.6,0,1,0,12,30,6.1,158.4,14,0.34,15,0.071,0,0,1,1,12.0,LOW,1.0,30,LOW_streamlined
66.6,4,0,61.518595022435946,50.9,11.3,0,1,0,8,24,11.1,129.5,17,1.55,21,0.13,0,1,1,0,29.4,MODERATE,4.8,146,MODERATE_standard
65.4,3,1,133.8097972478769,70.2,12.6,0,1,0,8,36,11.7,142.4,27,1.57,9,0.205,0,0,0,1,22.1,LOW,1.1,33,MODERATE_standard
92.1,0,0,24.065439796586265,78.6,2.2,0,1,0,14,18,8.7,160.6,15,0.3,43,0.024,0,0,1,1,12.0,LOW,1.3,40,LOW_streamlined
40.6,8,3,221.441961903881,46.1,20.4,29,1,0,36,36,23.9,650.0,135,3.47,5,0.297,0,0,0,1,53.1,HIGH,13.8,420,HIGH_backlog
18.6,10,3,544.2724198629661,21.7,53.9,6,0,237,27,36,30.4,561.1,126,4.34,17,0.502,0,0,0,1,92.9,CRITICAL,21.6,657,CRITICAL_injunction
61.4,3,0,135.76996624760176,62.1,16.3,0,1,0,21,36,12.9,201.3,25,1.73,18,0.194,0,0,0,1,26.2,MODERATE,6.2,188,MODERATE_standard
89.1,0,0,15.059571318497596,81.5,3.2,0,1,0,11,30,5.2,227.6,10,0.21,39,0.018,0,0,0,0,12.0,LOW,0.2,6,LOW_streamlined
71.2,4,0,164.7655529218408,50.1,14.2,0,1,0,20,24,13.0,128.8,23,1.27,7,0.158,0,0,1,1,26.0,MODERATE,6.9,210,MODERATE_standard
50.2,8,2,311.18530206147454,35.5,34.5,17,0,0,31,48,22.0,736.5,175,2.7,10,0.32,0,0,0,0,55.9,HIGH,8.1,246,HIGH_backlog
15.9,14,4,495.9303788925994,6.3,45.2,3,0,173,27,48,28.8,292.4,78,3.54,3,0.71,0,0,0,0,85.8,CRITICAL,19.3,587,CRITICAL_injunction
87.1,0,0,17.59189525990423,91.3,6.0,0,1,0,14,30,5.3,139.3,12,0.46,33,0.031,0,0,1,1,12.0,LOW,0.1,3,LOW_streamlined
12.5,12,3,542.2787421291955,12.4,61.4,25,0,330,50,48,20.4,1449.6,507,5.29,6,0.56,0,0,0,1,94.0,CRITICAL,30.6,930,CRITICAL_injunction
94.3,2,0,47.158137446232125,78.7,6.5,0,1,0,8,18,6.5,83.8,16,0.5,45,0.031,0,0,0,1,12.0,LOW,0.8,24,LOW_streamlined
35.6,18,3,281.26806701439193,10.4,36.5,63,0,125,37,48,28.6,697.5,146,4.77,6,0.795,1,0,0,0,86.1,CRITICAL,23.4,711,CRITICAL_injunction
85.4,0,0,55.019559012576806,94.7,6.3,0,1,0,14,18,9.0,77.8,4,0.32,47,0.027,0,0,1,0,12.0,LOW,0.6,18,LOW_streamlined
90.9,1,0,31.541990503261488,79.7,7.7,0,1,0,14,18,4.6,80.6,8,0.44,25,0.042,0,0,0,1,12.0,LOW,1.4,43,LOW_streamlined
80.7,0,0,31.28955128830123,85.1,1.7,0,1,0,10,24,8.0,119.0,12,0.89,17,0.062,0,0,0,1,12.0,LOW,2.2,67,LOW_streamlined
93.5,2,0,40.659397196432806,77.7,4.7,0,1,0,9,18,4.5,173.5,27,0.6,37,0.027,0,0,1,1,12.0,LOW,2.4,73,LOW_streamlined
77.6,0,0,44.38288328494837,82.0,2.8,0,1,0,4,18,7.2,77.8,10,0.37,25,0.044,0,0,0,1,12.0,LOW,1.2,36,LOW_streamlined
15.5,10,5,402.24746685180855,20.9,50.5,13,0,350,43,60,22.4,848.3,273,4.85,7,0.497,0,0,0,0,92.8,CRITICAL,17.7,538,CRITICAL_injunction
45.0,6,2,295.0245310699886,37.2,23.6,7,0,47,28,48,17.3,443.0,102,2.39,18,0.261,0,0,0,0,54.4,HIGH,14.3,435,HIGH_backlog
12.0,10,5,304.1734207982433,7.5,63.8,8,0,142,40,36,31.0,799.3,172,5.28,9,0.559,0,0,0,0,93.1,CRITICAL,17.2,523,CRITICAL_injunction
90.1,0,0,52.42005781568082,82.3,1.4,0,1,0,8,30,7.6,80.6,12,0.51,27,0.022,0,0,0,1,12.0,LOW,1.1,33,LOW_streamlined
61.4,3,0,88.38843401870818,66.6,10.1,0,1,0,21,36,11.8,310.2,47,1.33,8,0.109,0,0,1,0,21.7,LOW,0.6,18,MODERATE_standard
55.8,6,1,257.7348427929332,43.0,31.7,15,1,51,23,36,21.1,332.8,69,2.97,26,0.328,1,1,0,1,53.4,HIGH,13.2,401,HIGH_backlog
13.0,10,4,292.95524658523294,7.4,36.9,15,0,356,36,36,24.1,1035.1,304,4.14,7,0.661,0,1,0,1,92.0,CRITICAL,17.5,532,CRITICAL_injunction
95.2,0,0,44.776502938140894,93.6,6.4,0,1,0,10,24,5.6,122.7,20,0.78,46,0.053,0,0,0,1,12.0,LOW,1.6,49,LOW_streamlined
65.3,4,0,73.6027242535678,53.0,14.6,1,1,0,11,36,13.5,367.6,58,1.28,13,0.203,0,0,1,1,28.3,MODERATE,7.1,216,MODERATE_standard
70.6,3,0,102.57778391188327,67.7,15.3,1,1,0,22,36,9.3,197.6,39,1.34,26,0.199,0,1,0,0,29.5,MODERATE,4.3,131,MODERATE_standard
78.8,1,0,38.03018996264748,81.4,5.1,0,1,0,9,18,5.9,39.3,5,0.83,41,0.067,0,0,0,1,12.0,LOW,1.5,46,LOW_streamlined
12.5,10,3,297.04337630477886,19.4,39.3,4,0,223,26,60,29.1,482.7,86,4.76,13,0.778,0,1,0,0,90.6,CRITICAL,24.3,739,CRITICAL_injunction
66.5,2,0,115.34382090973484,53.6,13.9,0,1,0,10,24,13.6,109.1,22,1.87,10,0.09,0,0,1,0,22.1,LOW,1.9,58,MODERATE_standard
72.4,3,0,147.90951153128324,61.2,17.5,0,1,0,19,36,9.1,124.7,20,1.26,36,0.107,0,0,0,1,22.4,LOW,0.7,21,MODERATE_standard
12.6,12,2,306.1982146626943,7.9,43.6,8,0,318,30,48,23.1,843.1,179,4.23,2,0.72,0,1,0,0,94.0,CRITICAL,29.8,906,CRITICAL_injunction
49.8,9,1,214.21081825057755,25.4,26.1,11,1,0,24,48,20.0,364.6,88,3.52,22,0.414,1,1,0,1,59.9,HIGH,11.2,340,HIGH_backlog
45.9,9,1,319.618215200679,31.4,33.2,16,0,97,32,36,22.0,714.9,144,2.37,4,0.272,1,1,0,1,73.7,CRITICAL,22.4,681,HIGH_backlog
66.1,3,1,128.96328533610603,50.0,9.2,0,1,0,11,36,10.6,88.3,13,1.46,27,0.085,0,0,1,1,25.3,MODERATE,6.1,185,MODERATE_standard
41.8,8,1,220.12641544163174,34.2,31.1,20,0,106,34,36,18.5,341.8,100,2.69,8,0.362,1,0,0,0,68.9,CRITICAL,25.4,772,HIGH_backlog
59.6,4,0,103.1215831013946,58.8,17.7,1,1,0,13,36,13.2,183.8,31,1.57,30,0.204,0,0,1,0,32.7,MODERATE,5.3,161,MODERATE_standard
85.2,1,0,11.231575290647797,86.9,1.3,0,1,0,13,30,8.3,143.1,21,0.68,38,0.072,0,0,0,0,12.0,LOW,0.7,21,LOW_streamlined
89.2,0,0,32.68402853109647,86.6,6.0,0,1,0,11,24,7.6,237.8,29,0.47,22,0.028,0,0,1,1,12.0,LOW,0.6,18,LOW_streamlined
82.6,0,0,40.96137934986573,91.4,2.2,0,1,0,6,24,8.3,153.2,9,0.23,22,0.025,0,0,1,0,12.0,LOW,2.5,76,LOW_streamlined
49.4,7,1,250.8740674434738,27.0,23.9,5,1,66,19,48,19.8,131.7,33,3.04,26,0.487,0,0,0,1,48.3,HIGH,9.3,283,HIGH_backlog
72.3,3,1,160.69338479209352,57.3,16.5,0,1,0,21,36,11.8,79.8,14,1.56,15,0.178,0,0,0,0,25.0,MODERATE,5.7,173,MODERATE_standard
59.7,3,1,70.31395067291682,53.9,13.1,1,1,0,15,24,11.8,407.0,44,1.31,25,0.205,0,0,1,1,29.8,MODERATE,5.5,167,MODERATE_standard
51.0,8,1,248.408107215719,39.6,22.5,12,0,0,21,48,18.2,727.8,199,2.73,28,0.366,1,0,0,0,55.4,HIGH,12.6,383,HIGH_backlog
46.4,8,1,220.4769783110861,43.2,23.5,3,1,0,26,48,22.9,153.2,36,2.57,22,0.275,0,1,0,0,51.9,HIGH,13.8,420,HIGH_backlog
23.5,12,2,349.0996561533359,15.2,63.6,12,0,222,25,48,25.7,974.2,243,4.38,2,0.636,0,1,0,1,91.6,CRITICAL,22.4,681,CRITICAL_injunction
69.4,2,0,84.82220956899346,69.6,12.1,0,1,0,19,24,13.9,166.8,35,1.28,29,0.192,0,0,0,0,21.0,LOW,1.6,49,MODERATE_standard
82.1,2,0,36.584719742083074,83.9,5.7,0,1,0,10,30,6.4,39.9,5,0.44,16,0.011,0,0,1,1,12.4,LOW,0.2,6,LOW_streamlined
59.5,3,0,174.9425924552517,53.5,17.2,1,1,0,13,24,11.9,336.4,40,1.43,25,0.154,0,0,0,1,29.6,MODERATE,7.2,219,MODERATE_standard
46.0,7,2,227.84176254270002,30.9,28.6,9,0,0,37,36,22.1,659.0,138,3.14,9,0.263,0,0,0,0,58.2,HIGH,9.6,292,HIGH_backlog
91.1,2,0,37.193067412233916,86.3,2.1,0,1,0,17,18,6.1,147.1,17,0.23,33,0.072,0,0,0,1,12.0,LOW,1.0,30,LOW_streamlined
70.8,5,0,98.98173059783929,59.5,11.6,0,1,0,22,24,13.8,201.9,32,1.2,32,0.213,0,0,1,1,24.0,LOW,0.2,6,MODERATE_standard
50.0,6,3,304.04310710285324,33.6,24.6,19,0,0,18,48,23.6,497.2,144,2.85,16,0.443,0,1,0,0,56.6,HIGH,13.8,420,HIGH_backlog
52.5,7,2,270.34116807057865,43.0,24.8,12,0,0,32,48,16.9,797.0,195,3.3,25,0.257,0,0,0,1,54.5,HIGH,13.8,420,HIGH_backlog
73.9,4,0,115.74827175532192,56.5,9.4,0,1,0,22,36,10.5,380.5,43,1.7,18,0.199,0,1,1,1,26.9,MODERATE,6.5,198,MODERATE_standard
77.8,0,0,18.334600751613685,91.7,4.7,0,1,0,15,30,7.4,131.3,23,0.32,30,0.028,0,0,0,1,12.0,LOW,0.2,6,LOW_streamlined
40.6,9,1,191.61932072327699,27.3,24.4,40,1,91,18,36,22.1,766.2,236,3.19,29,0.442,0,0,0,1,53.6,HIGH,10.2,310,HIGH_backlog
26.1,10,2,295.9517458934878,5.1,53.0,128,1,268,47,36,30.6,1106.0,245,4.72,14,0.478,1,0,0,1,73.0,CRITICAL,16.7,508,CRITICAL_injunction
52.2,7,1,278.36280651344043,34.5,32.0,6,0,0,22,48,24.0,293.8,65,2.55,7,0.5,0,0,0,1,57.7,HIGH,12.3,374,HIGH_backlog
64.5,3,0,76.53649291763301,69.7,14.3,1,1,0,14,24,15.8,314.3,49,1.37,21,0.082,0,0,1,0,26.8,MODERATE,6.6,201,MODERATE_standard
89.6,0,0,43.62002062281233,78.6,0.2,0,1,0,6,30,5.5,46.4,7,0.39,12,0.03,0,0,1,0,12.0,LOW,1.6,49,LOW_streamlined
64.8,3,0,177.85625460415906,50.8,17.6,0,1,0,15,24,9.0,204.9,42,1.36,39,0.102,0,0,1,0,24.3,MODERATE,5.5,167,MODERATE_standard
38.3,9,1,216.397963056616,26.7,34.9,25,0,0,33,36,21.6,648.9,153,3.46,11,0.284,1,0,0,0,70.4,CRITICAL,16.1,489,HIGH_backlog
95.5,1,0,50.26861697586962,80.0,7.6,0,1,0,11,30,8.8,237.8,15,0.56,31,0.065,0,0,1,0,12.0,LOW,0.8,24,LOW_streamlined
61.3,3,0,67.14141165536398,51.7,10.1,0,1,0,13,36,13.6,160.7,31,1.37,11,0.214,0,0,1,1,27.1,MODERATE,7.5,228,MODERATE_standard
14.9,18,2,447.5276676224412,18.0,59.5,196,0,132,38,60,28.3,1140.4,264,4.95,10,0.574,1,0,0,1,87.7,CRITICAL,23.8,724,CRITICAL_injunction
45.8,6,1,198.1044684393897,33.0,21.0,24,0,89,32,36,18.0,561.1,102,2.44,25,0.268,0,0,0,0,55.7,HIGH,13.1,398,HIGH_backlog
40.2,8,1,229.75571867211676,38.4,34.8,19,1,0,36,48,20.7,533.8,124,2.64,7,0.427,1,0,0,0,55.5,HIGH,8.3,252,HIGH_backlog
69.9,4,0,73.05140893560943,59.3,12.0,1,1,0,21,36,10.5,129.9,30,1.55,25,0.09,0,0,1,1,28.4,MODERATE,3.6,109,MODERATE_standard
87.0,0,0,20.718624945351674,81.4,1.1,0,1,0,11,30,6.0,64.2,3,0.68,38,0.041,0,0,1,1,12.0,LOW,2.0,61,LOW_streamlined
65.6,3,0,178.02972797411255,71.8,8.2,0,1,0,18,24,13.4,111.9,16,1.38,22,0.094,0,0,0,1,19.9,LOW,0.3,9,MODERATE_standard
47.2,7,3,272.195787819874,40.6,22.0,8,1,0,24,48,16.7,615.6,146,2.46,18,0.38,1,0,0,1,53.0,HIGH,13.2,401,HIGH_backlog
80.8,1,0,17.18211883252438,85.9,6.1,0,1,0,4,24,8.3,134.4,14,0.54,15,0.013,0,0,1,1,12.0,LOW,0.4,12,LOW_streamlined
55.8,8,1,200.0223410300643,33.9,36.0,18,0,0,33,36,20.7,507.7,117,2.71,11,0.482,1,0,0,0,60.7,HIGH,8.9,271,HIGH_backlog
71.8,2,1,84.49667237050724,56.8,14.2,0,1,0,23,36,11.9,63.8,9,1.58,9,0.189,0,0,1,0,20.9,LOW,1.5,46,MODERATE_standard
43.5,6,1,200.4255714102924,38.4,33.8,23,1,42,23,36,23.9,691.7,151,3.28,24,0.439,1,1,0,0,59.4,HIGH,8.5,258,HIGH_backlog
20.8,14,3,412.10431868157355,9.9,63.3,20,0,149,24,48,32.5,1180.1,416,4.63,13,0.782,0,1,0,1,94.0,CRITICAL,28.8,876,CRITICAL_injunction
44.2,6,3,306.37767929695417,39.5,23.9,40,1,54,31,36,20.0,698.7,166,3.09,14,0.474,0,0,0,0,53.6,HIGH,11.7,356,HIGH_backlog
79.5,0,0,45.09661072867091,93.4,5.1,0,1,0,5,18,8.4,20.7,5,0.28,27,0.07,0,0,1,1,12.0,LOW,1.0,30,LOW_streamlined
76.4,1,0,35.64581867481904,87.3,5.5,0,1,0,17,24,7.4,86.2,9,0.83,33,0.073,0,0,1,1,12.0,LOW,2.2,67,LOW_streamlined
83.4,0,0,41.31804692105157,78.8,0.8,0,1,0,13,18,5.7,155.8,14,0.28,41,0.045,0,0,1,1,12.0,LOW,0.9,27,LOW_streamlined
48.0,6,3,236.88736074822137,45.0,25.7,9,0,0,28,36,19.5,287.9,81,3.11,11,0.33,0,0,0,1,58.5,HIGH,9.9,301,HIGH_backlog
70.7,2,0,79.11959882423253,65.0,14.8,0,1,0,9,36,10.1,274.6,38,1.55,28,0.125,0,1,1,1,24.9,MODERATE,6.2,188,MODERATE_standard
55.2,6,2,185.1027964711726,47.1,35.4,24,0,119,23,48,23.0,455.9,134,2.51,15,0.314,0,0,0,1,60.9,HIGH,10.7,325,HIGH_backlog
46.2,7,1,227.28487424896622,40.3,21.7,30,1,0,35,48,22.6,760.4,184,2.46,22,0.432,0,0,0,1,51.4,HIGH,8.9,271,HIGH_backlog
17.3,12,5,415.7246159249538,6.0,57.9,14,0,138,39,36,23.1,819.3,286,3.72,8,0.508,0,1,0,0,93.3,CRITICAL,26.6,809,CRITICAL_injunction
21.9,12,2,436.2623519191005,14.8,46.8,14,0,228,49,36,26.2,1031.1,293,5.38,15,0.736,0,0,0,0,92.6,CRITICAL,19.6,596,CRITICAL_injunction
72.2,2,0,155.23824042055344,53.4,10.4,0,1,0,8,24,13.4,69.8,15,1.25,25,0.109,0,1,1,1,23.7,LOW,1.5,46,MODERATE_standard
60.9,2,0,135.50130381604953,70.0,16.3,2,1,0,9,24,15.6,418.1,67,1.61,33,0.209,0,0,1,1,29.7,MODERATE,6.0,182,MODERATE_standard
71.6,4,0,79.30314003784497,61.9,9.8,0,1,0,10,24,10.4,158.2,27,1.23,8,0.12,0,0,1,1,23.5,LOW,0.4,12,MODERATE_standard
29.3,14,3,292.81363882906055,23.1,52.6,13,0,341,48,48,20.7,1080.4,274,3.87,19,0.578,0,0,0,1,88.9,CRITICAL,24.8,754,CRITICAL_injunction
25.6,14,5,381.0031336406625,9.8,61.7,6,0,214,47,36,26.6,394.3,137,5.11,7,0.697,0,0,0,1,94.0,CRITICAL,25.5,775,CRITICAL_injunction
64.9,3,0,122.77084789826537,51.7,16.5,0,1,0,23,36,9.8,159.2,34,1.43,8,0.143,0,0,0,1,26.4,MODERATE,3.4,103,MODERATE_standard
43.7,9,1,201.0987303521147,43.1,34.7,10,0,0,31,48,19.3,745.4,134,3.16,14,0.469,1,1,0,0,64.2,HIGH,10.3,313,HIGH_backlog
25.3,10,3,383.8450278533167,18.7,49.3,3,0,163,43,60,27.2,289.7,72,3.76,8,0.49,0,1,0,1,91.9,CRITICAL,18.4,559,CRITICAL_injunction
72.2,4,0,91.71804480215323,55.1,16.0,1,1,0,14,36,9.3,401.7,53,1.55,30,0.118,0,0,0,1,25.4,MODERATE,3.3,100,MODERATE_standard
86.2,1,0,32.14314940128795,85.8,0.6,0,1,0,5,24,6.5,59.2,4,0.79,35,0.019,0,0,1,1,12.0,LOW,1.6,49,LOW_streamlined
27.6,12,3,454.49379189054514,19.7,40.6,152,0,183,40,48,33.9,1269.1,379,5.3,12,0.661,1,0,0,0,91.5,CRITICAL,26.5,806,CRITICAL_injunction
49.4,9,2,273.97936890616177,35.2,27.5,10,1,55,36,36,19.1,505.6,99,2.98,4,0.466,0,0,0,1,51.7,HIGH,12.9,392,HIGH_backlog
24.5,10,2,432.5008891966777,8.7,43.1,147,1,239,30,48,29.6,978.2,221,4.0,22,0.54,1,0,0,1,74.5,CRITICAL,23.3,708,CRITICAL_injunction
75.2,1,0,32.45931959318042,82.5,7.2,0,1,0,16,30,5.8,44.9,6,0.4,27,0.031,0,0,0,0,13.8,LOW,0.9,27,LOW_streamlined
68.0,3,0,134.49814484788226,51.5,16.3,0,1,0,18,24,11.4,382.8,64,1.51,34,0.213,0,0,1,1,24.8,MODERATE,6.2,188,MODERATE_standard
50.1,6,2,213.19935427192218,39.8,24.2,8,1,0,19,36,23.7,430.1,111,2.57,19,0.371,0,1,0,1,55.6,HIGH,13.9,423,HIGH_backlog
52.4,7,1,289.6672002641379,35.1,26.3,13,0,99,34,48,21.2,216.5,61,2.34,18,0.337,0,1,0,1,63.8,HIGH,12.7,386,HIGH_backlog
79.3,1,0,38.20102647438853,78.0,2.5,0,1,0,14,24,8.1,38.9,6,0.88,47,0.018,0,0,1,1,12.0,LOW,2.2,67,LOW_streamlined
54.3,6,2,311.7089168557159,31.4,30.6,23,0,85,35,36,21.4,669.1,162,2.99,18,0.435,0,0,0,1,62.6,HIGH,14.3,435,HIGH_backlog
15.1,14,2,548.0053342211686,9.8,46.7,119,0,211,51,48,25.5,546.1,188,4.46,17,0.657,1,0,0,0,94.0,CRITICAL,30.7,933,CRITICAL_injunction
18.1,18,3,365.04076152673235,15.6,59.6,18,0,120,25,36,22.7,1380.3,373,4.17,3,0.662,0,1,0,0,89.1,CRITICAL,16.9,514,CRITICAL_injunction
42.0,7,1,240.4696548976232,28.7,29.5,38,1,89,34,48,21.1,705.0,190,3.28,9,0.366,0,0,0,0,56.1,HIGH,11.2,340,HIGH_backlog
62.0,4,1,142.46332549877155,68.1,18.0,1,1,0,10,24,13.8,442.4,77,1.91,16,0.08,0,0,1,0,34.5,MODERATE,3.7,112,MODERATE_standard
49.3,6,2,182.57951482212147,30.1,20.9,25,0,101,37,36,22.2,362.4,105,3.24,21,0.325,1,0,0,0,60.0,HIGH,14.9,453,HIGH_backlog
54.5,7,1,249.02553010928028,42.6,29.8,9,1,64,33,36,19.7,163.6,50,3.11,17,0.321,0,1,0,0,53.6,HIGH,13.9,423,HIGH_backlog
58.5,5,0,112.04987170274742,69.0,15.7,1,1,0,22,36,14.3,332.6,60,1.56,33,0.218,0,0,1,0,33.1,MODERATE,5.1,155,MODERATE_standard
64.1,5,0,71.78222735296995,55.3,17.9,1,1,0,14,24,12.7,440.9,89,1.74,26,0.213,0,0,0,1,36.1,MODERATE,5.0,152,MODERATE_standard
33.6,10,5,408.3051279079484,19.5,38.7,18,0,137,48,36,21.1,1135.4,379,5.37,18,0.501,0,0,0,0,83.5,CRITICAL,18.6,565,CRITICAL_injunction
70.3,5,0,133.32179653176283,56.2,17.6,0,1,0,22,24,10.6,348.4,55,1.52,31,0.129,0,0,0,1,29.2,MODERATE,6.8,207,MODERATE_standard
26.4,10,4,462.9990672251969,5.1,55.1,19,0,167,45,48,27.6,1165.7,381,4.12,15,0.729,0,1,0,1,89.9,CRITICAL,19.1,581,CRITICAL_injunction
51.1,7,2,314.1464185381158,29.3,33.2,30,0,0,18,48,16.4,602.6,126,3.54,5,0.396,0,1,0,1,64.7,HIGH,12.7,386,HIGH_backlog
69.2,4,0,84.76528599656159,70.6,15.6,0,1,0,13,36,11.5,379.0,74,1.95,26,0.219,0,0,1,1,25.0,MODERATE,7.0,213,MODERATE_standard
90.8,0,0,55.584243455617354,84.5,2.6,0,1,0,7,30,7.6,131.8,11,0.4,16,0.03,0,0,1,1,12.0,LOW,1.8,55,LOW_streamlined
58.4,4,0,170.8000186187207,53.2,17.6,0,1,0,14,24,10.6,258.3,33,1.87,20,0.143,0,0,0,1,26.1,MODERATE,4.1,125,MODERATE_standard
72.6,2,0,118.99164920316312,59.4,17.0,2,1,0,9,36,9.6,382.1,58,1.5,12,0.192,0,0,1,1,25.4,MODERATE,4.7,143,MODERATE_standard
89.7,0,0,56.94374635759516,92.4,6.3,0,1,0,12,18,7.9,220.0,16,0.82,30,0.059,0,0,0,0,12.0,LOW,1.8,55,LOW_streamlined
68.0,2,0,150.62766511850037,55.9,16.0,2,1,0,11,24,9.4,371.3,49,1.66,33,0.192,0,1,1,0,30.6,MODERATE,6.6,201,MODERATE_standard
90.0,1,0,48.22035682626104,96.8,0.9,0,1,0,5,18,8.1,174.2,21,0.65,37,0.065,0,0,1,1,12.0,LOW,2.3,70,LOW_streamlined
65.4,3,1,61.7375646865877,59.5,12.5,0,1,0,15,24,12.5,94.1,13,1.36,11,0.21,0,0,0,1,23.9,LOW,1.4,43,MODERATE_standard
59.6,2,0,109.22246510087155,54.5,8.8,1,1,0,18,24,12.2,328.9,45,1.54,7,0.173,0,0,0,0,26.5,MODERATE,4.3,131,MODERATE_standard
50.8,9,2,295.33493980099115,34.1,25.3,7,0,85,21,48,18.0,448.9,91,3.17,25,0.492,0,1,0,0,63.3,HIGH,13.8,420,HIGH_backlog
58.9,3,0,85.5998512519924,68.1,9.0,0,1,0,8,36,9.5,150.6,19,1.82,34,0.115,0,1,0,0,28.6,MODERATE,3.3,100,MODERATE_standard
16.2,12,4,310.1883521430563,16.8,54.4,18,0,197,40,60,20.6,1254.5,378,5.33,21,0.521,0,1,0,0,94.0,CRITICAL,29.0,882,CRITICAL_injunction
81.1,0,0,36.20388469767682,84.0,3.3,0,1,0,11,24,6.9,153.1,7,0.88,22,0.038,0,0,1,1,12.0,LOW,0.6,18,LOW_streamlined
31.9,12,3,329.0462716460941,19.9,49.7,19,0,156,40,36,31.2,1040.7,381,3.84,10,0.641,0,1,0,1,89.1,CRITICAL,29.3,891,CRITICAL_injunction
73.2,3,0,176.18694610597151,65.1,16.1,0,1,0,11,24,14.1,116.6,18,1.22,24,0.166,0,1,1,1,29.5,MODERATE,6.6,201,MODERATE_standard
65.2,2,1,105.08798929657453,53.5,10.0,2,1,0,19,24,15.3,440.4,106,1.82,26,0.206,0,1,0,1,28.3,MODERATE,3.3,100,MODERATE_standard
58.1,5,0,145.94229853066668,53.6,12.4,0,1,0,8,36,11.4,95.8,18,1.94,10,0.189,0,0,0,0,28.4,MODERATE,4.7,143,MODERATE_standard
86.4,0,0,53.52080403844111,76.3,6.8,0,1,0,17,24,5.9,64.2,5,0.36,26,0.047,0,0,1,1,12.0,LOW,0.5,15,LOW_streamlined
91.2,0,0,17.577864803122182,96.6,5.4,0,1,0,7,30,6.5,41.2,3,0.89,13,0.022,0,0,0,0,12.0,LOW,1.2,36,LOW_streamlined
51.5,7,3,234.24139197507253,39.7,29.0,1,1,0,33,36,23.0,138.5,32,3.46,19,0.266,1,1,0,0,63.8,HIGH,12.6,383,HIGH_backlog
48.0,8,1,275.6538767893256,26.7,24.8,21,1,0,26,36,19.1,525.5,112,2.22,8,0.447,0,0,0,0,52.0,HIGH,12.4,377,HIGH_backlog
40.0,9,1,268.94252913815956,42.6,33.0,17,0,0,21,36,20.3,301.3,76,2.9,15,0.323,1,0,0,0,63.5,HIGH,14.2,432,HIGH_backlog
15.4,10,3,337.4151107436778,9.9,49.2,280,0,157,31,36,30.6,1441.7,375,4.11,18,0.729,1,0,0,0,89.7,CRITICAL,28.1,854,CRITICAL_injunction
75.7,0,0,18.429581914680227,89.1,0.4,0,1,0,8,18,6.8,242.6,28,0.39,14,0.024,0,0,0,1,12.0,LOW,2.1,64,LOW_streamlined
51.7,8,3,280.300778209453,37.4,20.9,14,0,92,36,36,23.5,263.9,59,2.89,22,0.408,0,1,0,0,63.8,HIGH,9.9,301,HIGH_backlog
34.1,12,3,549.9575163961372,9.1,47.1,44,0,185,24,48,30.5,574.2,120,4.27,10,0.578,1,0,0,0,88.8,CRITICAL,24.6,748,CRITICAL_injunction
90.4,1,0,51.68834337560317,79.6,4.8,0,1,0,16,30,7.6,36.0,3,0.6,37,0.078,0,0,1,1,12.0,LOW,1.6,49,LOW_streamlined
90.2,0,0,13.554960183435979,78.6,4.9,0,1,0,8,24,7.4,179.7,14,0.42,12,0.034,0,0,1,1,12.0,LOW,0.6,18,LOW_streamlined
54.1,7,3,214.36462006942517,31.5,31.8,4,0,83,21,36,23.9,329.0,78,2.67,11,0.335,0,1,0,0,62.8,HIGH,12.5,380,HIGH_backlog
53.9,7,2,291.6262113400667,26.9,30.6,9,0,0,21,36,22.7,243.2,73,2.29,10,0.255,0,0,0,1,54.8,HIGH,8.2,249,HIGH_backlog
67.5,2,0,146.8425462063215,56.3,10.9,0,1,0,23,24,12.3,143.0,32,1.9,22,0.128,0,0,1,1,21.1,LOW,2.5,76,MODERATE_standard
63.4,3,0,153.0149985939857,52.5,15.8,0,1,0,16,36,11.6,234.3,23,1.87,29,0.188,0,0,0,0,24.8,MODERATE,6.8,207,MODERATE_standard
30.2,18,2,499.68478672093914,18.5,61.7,15,0,348,46,60,32.2,1352.0,312,4.73,22,0.483,0,1,0,1,90.0,CRITICAL,28.0,851,CRITICAL_injunction
82.6,0,0,39.19770080102348,75.1,7.8,0,1,0,7,30,5.4,58.9,6,0.67,22,0.055,0,0,1,1,12.0,LOW,1.6,49,LOW_streamlined
86.5,1,0,28.285380555461156,79.7,6.6,0,1,0,11,24,7.7,243.6,31,0.43,37,0.066,0,0,1,1,12.4,LOW,1.7,52,LOW_streamlined
70.0,2,0,162.72590511463375,50.3,17.6,2,1,0,21,36,15.9,240.0,47,1.39,7,0.107,0,0,0,0,29.3,MODERATE,5.1,155,MODERATE_standard
58.9,2,0,148.75123803439513,62.9,12.8,0,1,0,20,36,10.3,431.5,64,1.22,16,0.2,0,0,1,0,22.0,LOW,0.2,6,MODERATE_standard
38.5,9,2,249.8854822509009,31.2,35.1,3,1,56,32,36,20.9,253.6,61,2.64,27,0.292,1,1,0,0,67.6,HIGH,11.0,334,HIGH_backlog
58.3,3,0,99.78052424090336,63.5,14.0,0,1,0,9,24,11.5,345.0,59,1.73,20,0.16,0,0,0,1,27.0,MODERATE,6.5,198,MODERATE_standard
13.4,14,2,328.3699264099671,6.2,54.3,13,0,203,34,60,29.6,1020.8,274,4.66,16,0.772,0,1,0,1,94.0,CRITICAL,22.6,687,CRITICAL_injunction
32.9,14,3,470.40232011199663,14.6,62.9,78,1,352,41,36,33.4,446.1,137,5.29,8,0.549,1,0,0,0,74.3,CRITICAL,23.6,717,CRITICAL_injunction
34.7,12,2,486.92636491038405,14.0,47.7,45,0,315,44,60,20.7,207.1,72,4.1,15,0.565,1,0,0,1,84.7,CRITICAL,24.6,748,CRITICAL_injunction
65.2,4,0,97.66396434467376,70.6,12.2,3,1,0,13,36,9.4,281.4,79,1.57,15,0.09,0,1,0,0,29.9,MODERATE,6.5,198,MODERATE_standard
86.6,0,0,40.301399474247816,96.3,4.9,0,1,0,10,24,7.8,247.3,25,0.82,30,0.025,0,0,1,1,12.0,LOW,2.3,70,LOW_streamlined
82.6,0,0,50.991397020223744,76.1,1.3,0,1,0,7,18,5.3,110.3,11,0.69,30,0.046,0,0,0,1,12.0,LOW,0.6,18,LOW_streamlined
60.6,4,0,82.72422734592683,63.9,14.8,2,1,0,15,24,9.4,408.3,77,1.75,20,0.111,0,0,1,1,31.6,MODERATE,3.7,112,MODERATE_standard
26.6,12,2,415.8652380805512,6.7,41.2,88,0,265,40,60,29.0,443.6,158,4.85,7,0.706,1,0,0,0,94.0,CRITICAL,24.0,730,CRITICAL_injunction
68.7,5,1,135.91407273885608,68.7,17.4,0,1,0,14,36,12.0,334.8,66,1.21,14,0.118,0,0,0,1,25.5,MODERATE,5.7,173,MODERATE_standard
16.7,12,2,388.40387193570587,19.9,55.5,11,0,334,32,48,29.9,707.6,220,4.92,6,0.702,0,0,0,0,93.7,CRITICAL,24.2,736,CRITICAL_injunction
33.5,12,4,300.1165111411172,20.9,55.8,9,0,271,40,36,32.9,772.3,183,4.47,2,0.622,0,0,0,0,90.0,CRITICAL,17.0,517,CRITICAL_injunction
32.5,12,2,344.3252313130955,15.9,39.7,240,0,305,35,36,33.6,1115.2,323,4.97,8,0.486,1,0,0,0,92.4,CRITICAL,22.4,681,CRITICAL_injunction
73.6,3,0,117.6820427540724,53.5,9.4,0,1,0,15,24,12.8,351.4,48,1.21,15,0.155,0,0,0,1,16.3,LOW,2.1,64,MODERATE_standard
83.9,2,0,17.150084624384924,83.2,1.1,0,1,0,17,30,5.8,54.6,3,0.39,40,0.012,0,0,0,0,12.0,LOW,2.3,70,LOW_streamlined
71.7,3,1,170.68932074056556,61.3,16.2,0,1,0,21,36,14.3,109.1,19,1.49,39,0.132,0,0,1,0,26.9,MODERATE,4.3,131,MODERATE_standard
52.0,7,1,201.04927449361426,28.6,29.6,26,1,0,34,36,19.5,493.9,124,3.21,4,0.468,0,1,0,0,54.1,HIGH,10.8,328,HIGH_backlog
12.0,18,3,384.3565412182438,8.7,61.1,2,0,142,42,36,30.2,228.8,43,4.22,23,0.75,0,1,0,1,94.0,CRITICAL,23.3,708,CRITICAL_injunction
19.6,10,3,504.7382061563964,13.4,56.7,129,0,309,33,60,26.2,925.6,209,5.38,21,0.463,1,0,0,1,93.2,CRITICAL,16.0,486,CRITICAL_injunction
27.6,10,5,521.3412487149385,14.6,47.5,276,0,278,47,48,31.5,1424.3,471,5.15,17,0.625,1,0,0,0,94.0,CRITICAL,31.2,948,CRITICAL_injunction
62.0,5,0,84.13599414747958,57.6,9.5,0,1,0,14,24,14.8,328.7,63,1.34,33,0.082,0,0,0,0,28.8,MODERATE,4.4,134,MODERATE_standard
44.3,8,1,286.50430505716264,27.0,26.5,21,0,0,22,48,21.9,780.9,233,2.61,25,0.421,0,1,0,1,58.2,HIGH,11.2,340,HIGH_backlog
93.0,1,0,59.69156849415947,79.8,6.7,0,1,0,11,30,8.9,77.8,8,0.82,14,0.054,0,0,1,1,12.0,LOW,2.4,73,LOW_streamlined
63.5,5,1,128.5383799779744,53.6,17.4,0,1,0,15,24,11.4,51.4,12,1.75,22,0.132,0,0,0,1,29.1,MODERATE,3.4,103,MODERATE_standard
61.8,3,1,128.31375114275548,56.1,12.4,1,1,0,8,36,11.9,230.7,35,1.54,15,0.109,0,0,0,1,29.8,MODERATE,7.1,216,MODERATE_standard
80.0,0,0,31.935647893116574,79.6,7.2,0,1,0,13,24,6.5,77.8,10,0.77,39,0.033,0,0,1,1,12.0,LOW,1.4,43,LOW_streamlined
50.6,7,2,207.51239414915545,42.9,33.6,41,1,0,22,36,22.6,775.2,204,2.43,11,0.48,0,0,0,0,51.2,HIGH,12.9,392,HIGH_backlog
50.9,6,1,223.98760476270627,28.2,30.1,21,0,111,36,36,21.5,396.6,110,3.0,10,0.484,0,0,0,0,64.9,HIGH,11.7,356,HIGH_backlog
50.8,7,1,234.0090654351598,39.7,24.1,7,1,0,19,36,17.5,212.0,49,2.33,12,0.251,0,0,0,0,47.9,HIGH,13.8,420,HIGH_backlog
25.7,10,2,360.41041828282306,21.6,62.5,123,0,241,49,36,34.4,1498.2,336,4.1,11,0.459,1,0,0,0,88.0,CRITICAL,18.6,565,CRITICAL_injunction
49.1,6,3,302.79280103147136,40.9,22.7,5,0,0,25,36,17.0,174.3,38,2.91,23,0.317,1,0,0,0,57.4,HIGH,11.8,359,HIGH_backlog
46.3,9,1,304.9408580533846,35.1,34.9,19,1,0,28,36,17.2,398.4,107,2.3,26,0.333,1,1,0,0,61.6,HIGH,10.9,331,HIGH_backlog
20.2,10,3,346.4128510931555,24.0,61.3,4,0,212,25,48,34.0,282.3,97,4.72,21,0.782,0,0,0,1,91.6,CRITICAL,24.6,748,CRITICAL_injunction
72.9,3,0,164.29121297314458,51.7,9.8,2,1,0,11,24,12.6,336.5,62,1.53,32,0.171,0,0,1,1,24.1,MODERATE,6.1,185,MODERATE_standard
64.5,3,1,63.33282876528984,70.7,17.0,0,1,0,20,36,13.0,236.9,36,1.76,20,0.172,0,0,0,1,24.5,MODERATE,3.9,119,MODERATE_standard
48.3,8,3,191.11222727725695,40.0,23.5,47,1,0,30,36,23.4,666.0,193,3.12,16,0.49,0,0,0,1,51.8,HIGH,10.5,319,HIGH_backlog
94.4,0,0,24.273649478103867,79.0,0.9,0,1,0,9,24,8.5,64.0,10,0.46,28,0.04,0,0,1,1,12.0,LOW,1.2,36,LOW_streamlined
67.7,2,0,68.85104031541468,63.6,15.2,0,1,0,14,36,9.8,59.8,11,1.41,18,0.217,0,0,0,1,20.7,LOW,1.6,49,MODERATE_standard
62.1,3,0,148.9784389696057,57.4,13.2,1,1,0,11,36,15.5,134.7,26,2.0,12,0.134,0,0,0,0,30.7,MODERATE,6.6,201,MODERATE_standard
23.1,12,5,346.74687751182455,10.7,49.4,67,0,278,25,60,26.3,496.9,147,5.36,18,0.457,1,0,0,0,92.0,CRITICAL,17.8,541,CRITICAL_injunction
39.7,8,2,256.22761385736584,37.0,23.6,20,0,109,26,36,16.1,406.1,95,2.5,22,0.32,1,1,0,1,72.5,CRITICAL,19.5,593,HIGH_backlog
71.5,3,0,129.54196338995303,64.4,10.8,1,1,0,8,36,9.8,422.4,59,1.2,10,0.209,0,1,0,1,31.5,MODERATE,3.7,112,MODERATE_standard
39.8,7,1,306.88240495353716,47.2,27.8,14,0,117,22,36,23.5,676.3,141,3.17,17,0.323,0,1,0,0,68.0,CRITICAL,30.7,933,HIGH_backlog
70.1,3,0,169.04223318050413,61.1,9.3,1,1,0,21,24,15.6,428.5,56,1.88,24,0.143,0,0,0,1,26.3,MODERATE,5.3,161,MODERATE_standard
26.7,12,4,419.19460624194306,16.7,60.4,4,0,200,38,48,20.0,275.0,80,4.21,8,0.485,0,0,0,1,94.0,CRITICAL,25.0,760,CRITICAL_injunction
42.9,7,2,241.61301345982142,46.7,24.5,31,1,57,33,36,18.1,636.4,158,2.73,16,0.286,0,1,0,0,56.5,HIGH,11.6,353,HIGH_backlog
42.2,7,1,275.49943351671106,27.0,34.8,17,0,72,28,48,22.2,605.1,132,2.97,25,0.271,0,0,0,1,64.0,HIGH,9.1,277,HIGH_backlog
27.9,10,3,330.1540915536762,20.7,50.3,13,0,268,27,48,31.4,1001.6,279,4.03,12,0.597,0,1,0,0,88.4,CRITICAL,25.6,778,CRITICAL_injunction
58.7,2,0,124.11258978697943,50.8,14.2,2,1,0,9,24,13.7,402.4,66,1.26,21,0.083,0,0,1,1,28.2,MODERATE,4.0,122,MODERATE_standard
63.0,3,1,115.31198915573569,52.9,13.2,1,1,0,14,24,10.5,331.1,80,1.82,19,0.14,0,0,0,1,31.0,MODERATE,4.3,131,MODERATE_standard
22.2,12,4,281.0297717937918,13.6,46.3,294,1,160,31,48,30.7,1438.9,487,5.16,17,0.791,1,0,0,1,78.3,CRITICAL,21.1,641,CRITICAL_injunction
32.7,14,3,537.5216785234456,16.8,47.2,7,0,345,28,48,30.2,613.2,159,5.49,2,0.453,0,1,0,1,90.9,CRITICAL,31.1,945,CRITICAL_injunction
47.3,7,3,236.05741488691166,40.7,28.5,15,1,90,33,48,24.0,318.4,100,3.39,11,0.275,0,0,0,1,54.8,HIGH,12.5,380,HIGH_backlog
68.8,2,0,89.60093094774345,67.9,14.8,0,1,0,22,36,13.6,335.1,54,1.29,29,0.134,0,0,0,1,16.1,LOW,2.0,61,MODERATE_standard
54.0,7,1,190.9861944754636,33.9,28.9,37,0,0,20,48,21.3,790.4,203,3.32,29,0.442,1,0,0,0,57.5,HIGH,9.2,280,HIGH_backlog
15.5,10,2,314.01686747413237,21.5,41.8,15,0,123,28,48,22.4,944.3,318,4.95,23,0.71,0,1,0,0,89.0,CRITICAL,28.6,869,CRITICAL_injunction
81.6,0,0,25.416825725336146,88.4,2.9,0,1,0,11,24,4.2,105.3,10,0.64,33,0.051,0,0,1,1,12.0,LOW,1.4,43,LOW_streamlined
79.0,0,0,31.003720593241155,75.4,3.5,0,1,0,7,30,6.9,106.3,7,0.58,25,0.034,0,0,0,1,12.0,LOW,2.2,67,LOW_streamlined
69.0,4,0,169.49083376223177,60.4,14.1,0,1,0,14,36,14.0,270.1,47,1.88,6,0.092,0,0,0,1,23.9,LOW,2.3,70,MODERATE_standard
33.2,18,3,393.9796595312669,5.0,60.9,162,1,330,35,60,28.1,819.6,231,5.31,19,0.764,1,0,0,0,74.9,CRITICAL,30.2,918,CRITICAL_injunction
86.1,0,0,29.326098883885184,97.0,5.6,0,1,0,16,18,5.1,133.6,19,0.43,30,0.069,0,0,1,1,12.0,LOW,2.3,70,LOW_streamlined
94.5,0,0,32.91179180536886,87.3,3.7,0,1,0,10,30,5.7,91.5,15,0.36,30,0.064,0,0,0,1,12.0,LOW,0.4,12,LOW_streamlined
95.8,0,0,14.40254476296153,76.0,1.1,0,1,0,8,30,5.9,231.8,20,0.49,34,0.062,0,0,1,1,12.0,LOW,1.1,33,LOW_streamlined
93.6,1,0,45.84686538984051,95.1,2.5,0,1,0,12,24,4.3,72.0,8,0.45,16,0.049,0,0,1,1,12.0,LOW,1.0,30,LOW_streamlined
20.1,12,5,407.42239365120474,19.6,49.3,77,1,271,35,48,31.7,651.8,148,4.13,6,0.674,1,0,0,1,74.3,CRITICAL,23.4,711,CRITICAL_injunction
32.7,10,3,323.44204147011516,11.0,40.9,13,0,161,35,48,32.5,1448.2,263,4.91,6,0.585,0,1,0,0,88.8,CRITICAL,29.9,909,CRITICAL_injunction
14.9,18,3,532.5888019214783,21.8,60.1,163,0,212,26,36,23.3,1322.2,285,4.96,17,0.762,1,0,0,1,94.0,CRITICAL,19.4,590,CRITICAL_injunction
88.0,0,0,57.16004428224761,85.4,7.5,0,1,0,5,24,4.3,224.9,26,0.42,41,0.021,0,0,0,1,12.0,LOW,1.1,33,LOW_streamlined
84.2,0,0,52.171925947867585,77.0,3.6,0,1,0,12,18,6.0,221.8,20,0.24,35,0.058,0,0,1,1,12.0,LOW,1.5,46,LOW_streamlined
45.3,6,2,289.0880631574355,29.1,25.3,7,0,111,29,48,23.9,213.7,45,3.55,19,0.306,0,1,0,1,64.2,HIGH,15.0,456,HIGH_backlog
24.1,14,2,282.4453195417712,21.9,37.6,65,1,317,45,48,27.2,460.9,122,4.17,7,0.627,1,0,0,1,69.7,CRITICAL,29.7,903,CRITICAL_injunction
48.8,6,3,212.12007234724888,43.1,31.6,7,1,0,18,36,16.3,318.8,79,3.33,4,0.366,0,0,0,1,57.5,HIGH,8.3,252,HIGH_backlog
26.6,12,5,339.03659585808,15.0,46.8,163,1,170,39,36,28.7,741.4,219,4.89,7,0.687,1,0,0,0,72.2,CRITICAL,30.1,915,CRITICAL_injunction
42.3,8,2,195.17895408525234,46.9,23.1,6,1,85,19,48,16.4,376.9,92,2.99,16,0.288,0,0,0,0,51.5,HIGH,9.2,280,HIGH_backlog
36.0,14,2,373.9808336520679,23.5,56.1,14,0,132,28,48,22.3,1031.9,286,5.5,22,0.766,0,1,0,1,91.8,CRITICAL,19.6,596,CRITICAL_injunction
89.2,1,0,58.27766831147216,78.5,0.5,0,1,0,14,18,7.2,37.8,2,0.46,19,0.062,0,0,1,1,12.0,LOW,2.3,70,LOW_streamlined
43.7,7,2,243.2201808427873,41.5,30.7,2,0,0,23,48,20.2,206.0,47,2.4,19,0.301,0,1,0,1,56.1,HIGH,9.6,292,HIGH_backlog
81.6,2,0,33.024432275802084,83.9,0.8,0,1,0,10,30,6.7,112.3,10,0.72,47,0.039,0,0,0,1,13.5,LOW,2.4,73,LOW_streamlined
84.3,0,0,49.2744704589621,93.1,3.4,0,1,0,5,24,7.9,44.4,10,0.69,44,0.043,0,0,0,1,12.0,LOW,0.8,24,LOW_streamlined
61.2,3,0,130.3473588123515,61.1,11.8,0,1,0,10,36,14.2,390.6,66,1.73,7,0.163,0,0,0,0,21.8,LOW,0.5,15,MODERATE_standard
61.6,3,0,84.23992439155519,54.7,15.8,0,1,0,15,24,13.3,130.7,28,1.98,22,0.15,0,0,1,1,25.6,MODERATE,6.9,210,MODERATE_standard
39.8,9,1,315.0006377443269,31.3,29.8,5,1,86,23,36,22.0,162.9,30,2.33,27,0.448,1,1,0,0,59.7,HIGH,11.4,347,HIGH_backlog
63.3,2,0,143.98491239071245,67.1,17.1,1,1,0,14,24,9.4,243.7,41,1.2,15,0.166,0,1,0,0,30.5,MODERATE,7.2,219,MODERATE_standard
12.7,12,2,376.1547642252867,20.3,43.4,6,0,357,25,36,34.6,353.7,125,4.97,20,0.539,0,0,0,0,93.8,CRITICAL,32.0,973,CRITICAL_injunction
45.7,7,1,283.8642890712905,36.4,24.5,13,1,104,22,36,19.9,758.1,161,3.44,15,0.493,0,1,0,1,56.1,HIGH,12.3,374,HIGH_backlog
79.5,1,0,25.07924771857348,96.8,1.3,0,1,0,9,18,7.4,194.4,16,0.76,23,0.079,0,0,0,0,12.0,LOW,2.0,61,LOW_streamlined
34.5,14,3,421.2180303874111,17.9,47.0,69,1,282,51,60,24.4,421.5,123,4.12,7,0.473,1,0,0,0,70.9,CRITICAL,30.8,936,CRITICAL_injunction
79.8,0,0,21.830217528075476,97.9,7.2,0,1,0,7,24,6.0,182.2,21,0.41,41,0.073,0,0,0,1,12.0,LOW,1.5,46,LOW_streamlined
60.7,3,0,148.2899901247767,54.3,13.1,0,1,0,23,36,15.8,275.7,46,1.67,33,0.137,0,0,0,1,28.0,MODERATE,4.1,125,MODERATE_standard
71.7,2,0,132.2718478587851,64.1,17.9,1,1,0,23,36,11.5,220.8,36,1.22,33,0.129,0,0,0,1,25.3,MODERATE,5.8,176,MODERATE_standard
86.1,0,0,16.509780376774117,84.4,0.4,0,1,0,13,30,8.7,211.9,19,0.4,29,0.053,0,0,1,1,12.0,LOW,1.4,43,LOW_streamlined
58.9,3,0,113.97666617747169,63.6,8.3,0,1,0,8,36,11.9,104.0,12,1.54,12,0.194,0,1,1,1,24.9,MODERATE,4.5,137,MODERATE_standard
69.4,3,0,164.3720386829226,54.2,9.3,0,1,0,11,24,16.0,288.2,41,1.28,28,0.162,0,1,0,0,22.3,LOW,2.1,64,MODERATE_standard
64.5,4,0,97.28645692901964,65.3,8.1,0,1,0,17,24,9.4,139.0,25,1.69,19,0.15,0,0,1,1,25.3,MODERATE,6.5,198,MODERATE_standard
49.1,6,2,280.4144619736513,40.2,24.0,10,0,81,25,36,22.9,757.1,170,2.53,13,0.489,0,1,0,0,60.8,HIGH,8.8,268,HIGH_backlog
39.0,7,1,212.88574861803153,28.1,33.4,25,0,42,23,36,19.5,645.7,184,2.39,20,0.373,0,0,0,0,60.8,HIGH,12.8,389,HIGH_backlog
91.5,0,0,38.930807059038486,92.1,2.5,0,1,0,8,18,5.4,35.7,2,0.72,47,0.047,0,0,1,1,12.0,LOW,1.0,30,LOW_streamlined
50.2,7,1,234.6715436340437,26.7,21.8,26,1,108,33,36,16.1,574.9,108,3.34,21,0.364,0,0,0,1,50.7,HIGH,12.7,386,HIGH_backlog
33.9,14,4,506.9577045652239,23.2,41.8,8,0,276,37,36,21.7,617.1,177,4.9,11,0.644,0,1,0,0,86.8,CRITICAL,17.0,517,CRITICAL_injunction
49.8,6,2,299.46663112127857,27.8,32.3,15,1,63,26,48,23.0,729.2,121,3.28,19,0.327,0,1,0,1,54.7,HIGH,10.0,304,HIGH_backlog
59.4,2,0,167.69253982615072,51.5,11.2,0,1,0,16,36,10.5,61.3,17,1.16,6,0.166,0,0,1,1,22.0,LOW,0.8,24,MODERATE_standard
22.4,10,4,441.8760466518214,9.8,55.0,162,0,354,26,48,24.8,732.9,247,5.47,3,0.464,1,0,0,0,93.5,CRITICAL,21.2,644,CRITICAL_injunction
32.3,12,5,501.67365318012105,13.5,42.9,11,0,205,30,36,31.8,679.1,221,3.93,22,0.561,0,0,0,0,87.5,CRITICAL,27.1,824,CRITICAL_injunction
31.7,12,3,350.217005471403,7.0,58.6,7,0,283,41,36,28.4,581.1,150,5.46,6,0.646,0,1,0,0,94.0,CRITICAL,16.6,505,CRITICAL_injunction
67.1,3,0,95.49919751663901,64.7,16.2,1,1,0,18,36,9.7,382.9,70,1.46,32,0.12,0,1,1,0,26.9,MODERATE,7.3,222,MODERATE_standard
76.1,0,0,32.50923585840415,81.0,5.8,0,1,0,14,24,7.5,79.1,4,0.68,25,0.067,0,0,0,1,12.2,LOW,0.6,18,LOW_streamlined
53.2,8,2,207.63559600510143,41.8,26.1,39,0,84,18,36,23.6,695.4,190,2.22,9,0.268,0,1,0,0,61.7,HIGH,9.0,274,HIGH_backlog
61.0,3,1,159.29903395999685,64.3,10.2,0,1,0,12,36,13.0,219.4,57,1.25,17,0.147,0,0,1,1,23.4,LOW,0.2,6,MODERATE_standard
61.5,5,0,101.2459159715823,62.0,11.7,0,1,0,17,24,16.0,262.3,39,1.81,19,0.1,0,0,1,1,24.2,MODERATE,6.2,188,MODERATE_standard
55.9,6,3,294.3115524837905,42.1,34.2,26,0,0,18,36,20.9,703.3,166,3.46,17,0.388,0,0,0,1,59.0,HIGH,12.7,386,HIGH_backlog
92.1,0,0,20.509834532627607,97.2,6.8,0,1,0,12,18,7.4,224.2,20,0.83,18,0.034,0,0,1,1,12.0,LOW,2.1,64,LOW_streamlined
49.7,7,1,260.4570020611044,45.3,20.4,29,0,46,28,36,23.5,632.6,165,3.52,4,0.381,0,1,0,0,54.0,HIGH,10.0,304,HIGH_backlog
93.6,1,0,42.2426562610111,93.5,1.3,0,1,0,16,24,5.4,223.7,35,0.78,47,0.021,0,0,1,1,12.0,LOW,0.3,9,LOW_streamlined
60.8,5,0,87.40447383333215,58.0,16.4,0,1,0,12,24,13.5,307.5,64,1.97,30,0.098,0,0,1,1,28.8,MODERATE,7.5,228,MODERATE_standard
71.2,3,0,68.95893590568394,56.5,9.0,0,1,0,10,36,10.9,76.0,15,1.63,33,0.183,0,0,0,1,22.1,LOW,1.4,43,MODERATE_standard
67.1,2,0,72.82623339409497,55.2,13.0,0,1,0,8,36,10.0,193.8,27,1.32,36,0.179,0,0,1,1,25.8,MODERATE,4.7,143,MODERATE_standard
72.7,2,1,112.28772186716569,54.0,16.8,0,1,0,23,36,15.1,339.1,60,1.54,28,0.186,0,0,1,1,25.1,MODERATE,4.5,137,MODERATE_standard
43.3,9,1,232.1880529186724,38.8,26.5,3,0,0,19,48,17.9,257.6,33,3.34,8,0.334,0,0,0,1,60.5,HIGH,14.7,447,HIGH_backlog
80.8,1,0,33.76391815617724,98.0,5.9,0,1,0,16,18,4.6,103.1,10,0.88,37,0.069,0,0,0,1,12.0,LOW,0.2,6,LOW_streamlined
85.3,0,0,17.187676582883984,83.3,2.6,0,1,0,7,24,4.5,73.9,8,0.34,31,0.038,0,0,0,1,12.0,LOW,1.7,52,LOW_streamlined
35.7,14,2,527.5770109537814,9.5,61.4,14,0,173,51,48,26.6,1306.3,297,4.79,10,0.534,0,1,0,0,90.0,CRITICAL,20.8,632,CRITICAL_injunction
64.0,3,0,62.84431615807345,50.2,10.2,0,1,0,18,36,12.7,107.1,21,1.31,26,0.139,0,0,1,1,26.0,MODERATE,4.7,143,MODERATE_standard
73.0,2,1,126.5548230331918,69.9,10.7,0,1,0,8,24,10.3,414.0,61,1.39,34,0.213,0,0,0,0,22.7,LOW,0.1,3,MODERATE_standard
91.3,0,0,29.96687782035017,84.4,4.3,0,1,0,6,24,7.5,245.1,30,0.38,30,0.063,0,0,1,1,12.0,LOW,0.7,21,LOW_streamlined
89.8,1,0,21.100439735807367,75.6,5.5,0,1,0,9,18,6.1,104.7,21,0.36,16,0.051,0,0,1,0,12.0,LOW,1.1,33,LOW_streamlined
51.8,8,1,222.88108621108597,36.9,20.4,16,1,0,30,36,20.9,323.1,102,2.86,7,0.271,0,0,0,1,46.3,HIGH,8.5,258,HIGH_backlog
44.0,9,1,196.05824269388657,37.6,21.2,16,0,47,22,48,20.0,669.9,153,2.26,5,0.33,0,1,0,0,57.5,HIGH,8.8,268,HIGH_backlog
85.6,1,0,16.745340670774485,87.6,0.1,0,1,0,16,24,5.4,68.6,5,0.51,26,0.045,0,0,1,1,12.0,LOW,1.8,55,LOW_streamlined
61.1,3,1,71.67056570918648,50.8,9.8,0,1,0,21,24,13.0,185.7,19,1.34,35,0.151,0,0,1,0,26.4,MODERATE,4.3,131,MODERATE_standard
81.9,0,0,13.861280822303542,96.5,3.5,0,1,0,5,24,6.5,56.4,5,0.4,24,0.018,0,0,1,1,12.0,LOW,1.7,52,LOW_streamlined
15.6,10,3,325.79490529454796,8.4,62.4,121,1,206,28,60,33.8,614.8,219,3.56,6,0.738,1,0,0,1,73.1,CRITICAL,28.7,872,CRITICAL_injunction
54.6,7,1,278.00261610918835,32.9,22.3,23,0,94,37,36,16.2,710.0,144,2.22,8,0.43,0,0,0,1,55.3,HIGH,14.4,438,HIGH_backlog
82.4,0,0,45.26548054008837,87.5,5.2,0,1,0,11,30,6.3,36.0,4,0.53,46,0.047,0,0,1,1,12.0,LOW,2.0,61,LOW_streamlined
45.3,9,2,197.89823192289077,29.3,24.8,3,1,0,31,48,20.3,102.7,30,3.25,29,0.458,1,1,0,0,62.9,HIGH,12.7,386,HIGH_backlog
70.2,2,0,178.78178891057945,63.8,11.3,0,1,0,21,36,14.2,171.4,27,1.94,34,0.14,0,0,0,0,20.2,LOW,1.6,49,MODERATE_standard
17.6,18,2,544.1780491881514,19.8,63.7,240,0,241,44,36,34.8,1320.2,405,4.72,4,0.735,1,0,0,0,94.0,CRITICAL,21.5,654,CRITICAL_injunction
49.0,8,3,307.8229787363093,39.3,35.7,18,1,0,31,48,23.5,515.1,87,3.54,8,0.361,1,0,0,1,62.5,HIGH,11.3,344,HIGH_backlog
20.0,12,5,349.04203597962044,9.3,36.7,4,0,207,42,48,34.4,373.1,82,5.41,5,0.74,0,0,0,0,92.6,CRITICAL,27.0,821,CRITICAL_injunction
83.2,2,0,19.76608167145804,93.7,1.9,0,1,0,10,30,6.3,190.1,23,0.74,34,0.067,0,0,0,1,12.0,LOW,2.3,70,LOW_streamlined
13.0,12,2,514.321201238588,16.7,56.2,71,0,262,28,36,26.4,540.1,129,4.55,21,0.607,1,0,0,0,94.0,CRITICAL,25.6,778,CRITICAL_injunction
63.6,3,0,96.93330696313497,59.9,17.8,1,1,0,20,24,11.7,274.3,38,1.45,23,0.1,0,0,1,1,30.2,MODERATE,6.9,210,MODERATE_standard
69.5,3,0,154.51521349180152,58.1,17.6,1,1,0,20,36,10.2,433.0,60,1.96,16,0.171,0,1,1,1,32.3,MODERATE,4.0,122,MODERATE_standard
60.9,2,0,172.9622081485332,54.6,9.5,1,1,0,9,24,13.0,246.5,46,1.39,32,0.205,0,0,1,1,29.3,MODERATE,5.7,173,MODERATE_standard
68.4,4,1,74.23495330075954,66.0,11.6,0,1,0,22,36,10.0,444.8,69,1.49,17,0.188,0,0,1,1,23.6,LOW,0.2,6,MODERATE_standard
27.7,12,3,529.8225388702972,17.1,55.3,7,0,209,44,60,22.9,443.5,142,3.61,7,0.496,0,1,0,0,87.3,CRITICAL,17.5,532,CRITICAL_injunction
65.2,5,1,110.73934782874426,67.9,15.7,1,1,0,11,24,12.7,427.0,67,1.12,22,0.085,0,0,0,1,29.0,MODERATE,5.5,167,MODERATE_standard
87.4,2,0,20.683494419746676,95.0,2.8,0,1,0,11,30,5.6,94.8,5,0.43,46,0.046,0,0,0,1,12.0,LOW,0.5,15,LOW_streamlined
16.2,10,2,456.045250696365,20.5,43.1,9,0,319,27,48,30.5,559.1,197,4.57,16,0.641,0,1,0,1,91.3,CRITICAL,27.1,824,CRITICAL_injunction
51.3,6,3,297.75196998378965,39.0,24.4,18,0,40,24,48,16.5,473.8,81,3.02,23,0.439,1,0,0,0,56.7,HIGH,14.5,441,HIGH_backlog
40.4,8,2,285.3689244072573,43.9,25.2,14,0,0,24,36,23.4,355.5,87,2.9,23,0.469,1,0,0,0,61.2,HIGH,14.5,441,HIGH_backlog
65.5,2,1,166.87241699441404,52.8,13.3,0,1,0,19,24,11.5,149.0,12,1.86,15,0.182,0,0,0,1,23.8,LOW,1.5,46,MODERATE_standard
81.3,0,0,30.460416307197132,86.1,6.5,0,1,0,5,24,6.1,76.4,9,0.88,44,0.061,0,0,1,1,12.0,LOW,1.3,40,LOW_streamlined
83.2,1,0,37.03240722599376,82.6,2.6,0,1,0,10,24,6.3,27.8,7,0.51,17,0.068,0,0,1,0,12.0,LOW,2.4,73,LOW_streamlined
63.8,4,0,84.98809403376399,63.3,13.5,1,1,0,12,24,12.5,420.4,57,1.33,35,0.17,0,0,1,1,31.4,MODERATE,3.0,91,MODERATE_standard
90.0,2,0,11.398941806009624,91.1,3.3,0,1,0,13,30,7.4,55.8,6,0.57,19,0.032,0,0,0,1,12.0,LOW,2.4,73,LOW_streamlined
62.6,2,1,96.57658439550534,69.1,15.0,0,1,0,14,24,10.7,140.1,16,1.53,8,0.201,0,1,0,0,27.5,MODERATE,6.0,182,MODERATE_standard
65.2,2,0,75.16403193365149,59.7,13.7,1,1,0,8,36,14.1,362.5,60,1.11,35,0.198,0,0,1,0,26.2,MODERATE,6.8,207,MODERATE_standard
23.7,10,4,358.932679737248,18.7,47.8,59,1,314,38,48,22.6,476.1,109,5.23,23,0.562,1,0,0,0,77.2,CRITICAL,25.1,763,CRITICAL_injunction
51.4,8,1,286.46883514822173,29.3,28.9,13,1,88,24,36,17.2,564.6,112,3.11,26,0.473,1,1,0,0,58.9,HIGH,9.8,298,HIGH_backlog
61.7,4,1,105.76577038323725,51.7,13.1,1,1,0,9,24,9.9,318.7,51,1.99,25,0.139,0,1,0,1,37.4,MODERATE,3.9,119,MODERATE_standard
42.0,9,3,288.1580247187926,26.2,21.7,17,0,0,25,36,21.1,277.8,82,3.14,10,0.435,1,0,0,1,63.1,HIGH,11.8,359,HIGH_backlog
69.2,2,0,101.74687372659209,66.0,17.4,0,1,0,19,36,13.0,385.4,63,1.49,15,0.173,0,0,0,1,18.7,LOW,2.1,64,MODERATE_standard
40.2,6,1,192.39398598822604,38.2,29.3,5,1,77,22,48,16.8,327.3,61,3.55,9,0.329,1,0,0,0,55.1,HIGH,12.2,371,HIGH_backlog
60.1,3,1,115.66836645031563,64.4,10.3,1,1,0,13,36,10.1,258.7,46,1.22,29,0.169,0,1,0,0,35.1,MODERATE,4.5,137,MODERATE_standard
49.5,9,1,270.0566754404975,40.6,30.6,8,1,99,21,36,21.8,450.6,104,2.6,13,0.479,1,0,0,0,57.1,HIGH,8.8,268,HIGH_backlog
28.3,12,2,380.16503591612235,9.9,42.3,20,0,154,49,60,32.4,1314.3,407,5.06,5,0.55,0,1,0,0,87.3,CRITICAL,20.0,608,CRITICAL_injunction
15.1,12,2,405.7781428774066,17.2,55.5,34,1,358,31,36,23.5,379.6,70,3.51,6,0.667,1,0,0,0,68.8,CRITICAL,31.9,970,CRITICAL_injunction
41.0,8,2,294.9059997111636,41.4,27.7,10,1,0,36,48,18.6,764.4,194,3.22,27,0.382,0,1,0,0,61.7,HIGH,12.2,371,HIGH_backlog
80.0,0,0,30.281875573155823,97.2,0.5,0,1,0,16,30,8.6,99.3,6,0.57,22,0.065,0,0,0,1,12.0,LOW,2.3,70,LOW_streamlined
88.4,0,0,17.555940203557416,84.1,0.8,0,1,0,14,30,5.1,149.6,20,0.84,37,0.074,0,0,1,1,12.0,LOW,0.0,0,LOW_streamlined
72.3,4,1,157.065163453317,60.0,15.0,0,1,0,13,24,15.8,76.5,19,1.28,12,0.158,0,1,0,1,29.9,MODERATE,5.1,155,MODERATE_standard
91.9,0,0,52.79696572187174,91.6,1.7,0,1,0,14,24,8.8,176.6,16,0.31,40,0.017,0,0,0,0,12.0,LOW,1.1,33,LOW_streamlined
51.8,6,1,268.8492619925973,42.1,22.4,25,1,0,28,48,22.6,748.1,150,3.0,14,0.366,1,0,0,0,51.3,HIGH,9.7,295,HIGH_backlog
18.4,12,2,460.8241546410445,9.0,48.0,76,0,186,49,48,34.8,546.0,200,4.07,20,0.552,1,0,0,0,93.2,CRITICAL,26.6,809,CRITICAL_injunction
96.0,0,0,43.43901533786478,76.0,2.3,0,1,0,4,18,6.9,243.7,16,0.34,18,0.041,0,0,0,1,12.0,LOW,0.6,18,LOW_streamlined
48.0,8,2,310.80746558097275,40.2,22.4,14,0,0,36,36,20.0,554.8,114,2.65,5,0.429,1,1,0,1,58.4,HIGH,8.4,255,HIGH_backlog
29.2,10,2,404.45302019424713,18.9,48.2,9,0,196,34,36,29.1,842.4,185,5.08,21,0.716,0,1,0,1,91.6,CRITICAL,30.5,927,CRITICAL_injunction
14.1,14,2,372.1255566526092,17.9,42.9,68,1,348,34,48,24.9,469.0,134,5.36,19,0.567,1,0,0,0,82.2,CRITICAL,23.6,717,CRITICAL_injunction
76.8,2,0,56.283366770699445,89.3,2.4,0,1,0,13,24,8.2,178.7,24,0.55,40,0.049,0,0,0,1,14.6,LOW,0.4,12,LOW_streamlined
66.4,5,0,138.17814442676092,70.6,9.9,3,1,0,12,36,12.5,387.2,85,1.33,36,0.112,0,0,1,1,29.5,MODERATE,4.5,137,MODERATE_standard
80.8,1,0,32.55129157458027,82.4,6.5,0,1,0,10,24,5.4,27.2,4,0.39,30,0.025,0,0,0,1,12.0,LOW,0.4,12,LOW_streamlined
71.3,3,0,112.5820650074173,62.4,11.2,2,1,0,23,24,10.5,275.7,49,1.4,38,0.157,0,1,1,1,32.1,MODERATE,6.0,182,MODERATE_standard
25.1,12,2,538.5315627011918,13.8,39.1,9,0,309,25,60,21.8,894.6,188,4.13,17,0.738,0,1,0,0,87.1,CRITICAL,17.2,523,CRITICAL_injunction
80.1,2,0,29.8243358198999,89.1,4.3,0,1,0,15,24,6.5,161.1,29,0.41,28,0.01,0,0,0,0,12.3,LOW,0.2,6,LOW_streamlined
82.1,0,0,59.456174228113895,84.5,7.3,0,1,0,15,18,6.2,220.8,24,0.72,33,0.024,0,0,0,1,12.0,LOW,1.3,40,LOW_streamlined
88.6,2,0,46.31387168555544,93.4,5.0,0,1,0,11,18,6.2,122.8,13,0.52,13,0.021,0,0,0,1,12.0,LOW,2.5,76,LOW_streamlined
24.9,18,2,314.6678570534792,14.1,54.3,2,0,254,32,48,26.1,273.7,55,5.14,22,0.634,0,0,0,0,93.5,CRITICAL,16.3,496,CRITICAL_injunction
68.9,2,0,165.39369630072298,56.6,12.1,0,1,0,20,36,9.4,118.4,22,1.75,8,0.096,0,0,0,1,21.0,LOW,1.7,52,MODERATE_standard
65.0,3,0,91.72629273514119,53.2,11.0,2,1,0,13,36,13.0,419.6,69,1.97,24,0.124,0,0,1,1,28.7,MODERATE,4.2,128,MODERATE_standard
54.3,7,1,255.71252752420912,46.5,27.4,10,1,0,24,36,22.8,361.0,80,2.57,20,0.315,1,0,0,1,52.6,HIGH,12.2,371,HIGH_backlog
40.3,7,2,292.49094390209007,46.8,34.1,24,1,104,21,36,22.3,681.8,197,3.49,13,0.472,0,0,0,0,56.8,HIGH,8.8,268,HIGH_backlog
66.4,3,1,105.22332469338497,66.1,16.1,0,1,0,20,36,14.5,395.3,60,1.66,35,0.205,0,0,1,1,25.4,MODERATE,4.3,131,MODERATE_standard
44.1,7,2,272.82624779985724,31.7,26.6,23,1,0,37,36,24.0,694.8,138,2.3,13,0.303,0,0,0,1,53.3,HIGH,13.7,416,HIGH_backlog
43.4,9,2,219.16355227478326,32.5,23.4,10,1,0,18,48,20.4,157.9,52,2.52,28,0.317,1,1,0,0,58.8,HIGH,10.8,328,HIGH_backlog
74.0,4,1,102.53083854934792,63.7,8.7,0,1,0,11,24,13.0,341.6,49,1.33,7,0.152,0,1,1,1,23.1,LOW,0.7,21,MODERATE_standard
38.9,7,1,296.8646007715568,42.2,29.2,10,1,0,25,48,16.4,213.5,55,2.75,10,0.421,1,0,0,1,54.7,HIGH,8.2,249,HIGH_backlog
61.5,4,0,179.91995050500162,59.6,8.1,0,1,0,9,24,14.3,85.3,25,1.44,39,0.17,0,0,0,0,25.0,MODERATE,7.1,216,MODERATE_standard
72.0,3,1,131.71450747884666,59.4,15.1,0,1,0,14,36,10.6,107.9,20,1.7,15,0.167,0,0,0,1,23.3,LOW,0.9,27,MODERATE_standard
22.2,18,3,317.06461174454694,20.0,42.8,120,0,137,46,36,29.2,585.6,207,3.85,13,0.669,1,0,0,0,85.5,CRITICAL,18.5,562,CRITICAL_injunction
83.9,2,0,41.93495418570396,94.8,1.8,0,1,0,16,24,8.6,102.0,7,0.44,23,0.07,0,0,1,1,12.0,LOW,2.2,67,LOW_streamlined
35.0,10,3,302.6949386650325,16.7,35.3,12,0,285,39,36,32.2,831.3,240,4.62,11,0.57,0,0,0,0,85.7,CRITICAL,18.3,556,CRITICAL_injunction
33.7,14,5,468.0553816485324,6.3,63.9,73,0,202,24,60,31.1,762.2,140,5.48,16,0.627,1,0,0,1,90.7,CRITICAL,29.8,906,CRITICAL_injunction
65.1,3,0,82.43899159382448,55.4,13.0,2,1,0,12,36,10.9,398.1,61,1.42,14,0.146,0,0,0,0,27.2,MODERATE,5.9,179,MODERATE_standard
44.6,7,1,233.18101310243028,39.8,30.9,11,1,0,26,36,17.5,724.1,140,3.12,28,0.271,0,1,0,1,55.4,HIGH,8.7,264,HIGH_backlog
89.4,0,0,48.33772711684172,87.5,2.0,0,1,0,11,24,5.2,126.6,14,0.84,25,0.045,0,0,1,1,12.0,LOW,0.3,9,LOW_streamlined
83.8,1,0,19.353466525925427,94.8,0.7,0,1,0,14,18,5.7,159.7,11,0.6,12,0.044,0,0,0,1,12.0,LOW,2.3,70,LOW_streamlined
12.4,10,3,357.86522107553833,14.4,51.4,81,0,208,29,60,27.0,617.9,198,5.48,21,0.68,1,0,0,0,94.0,CRITICAL,30.6,930,CRITICAL_injunction
77.9,0,0,10.473942842328984,75.6,4.1,0,1,0,5,30,7.0,100.8,16,0.42,14,0.065,0,0,1,1,12.0,LOW,1.1,33,LOW_streamlined
16.0,12,2,454.94282979967863,7.3,36.3,7,1,325,26,36,30.2,492.1,158,5.44,22,0.693,0,0,0,1,73.6,CRITICAL,22.8,693,CRITICAL_injunction
21.4,10,5,383.46572978950957,15.8,47.6,15,0,215,25,36,23.6,1302.2,319,5.06,2,0.487,0,1,0,0,91.6,CRITICAL,31.5,958,CRITICAL_injunction
73.6,2,1,111.38958027074072,52.1,11.8,3,1,0,14,24,11.2,375.1,79,1.38,6,0.169,0,0,0,0,27.8,MODERATE,6.3,192,MODERATE_standard
67.5,2,1,136.31618013545994,57.6,12.3,0,1,0,23,24,15.2,121.5,29,1.64,11,0.176,0,0,0,0,23.5,LOW,2.5,76,MODERATE_standard
16.4,14,3,293.59771907410965,19.4,39.9,23,0,233,46,60,32.5,1499.2,472,3.52,4,0.733,0,1,0,0,90.7,CRITICAL,20.8,632,CRITICAL_injunction
59.2,3,0,120.45645656366398,61.6,9.6,1,1,0,10,24,9.0,353.8,63,1.64,6,0.17,0,1,0,1,32.8,MODERATE,3.5,106,MODERATE_standard
63.8,3,0,171.35024219964464,58.6,16.3,0,1,0,19,36,12.5,174.0,40,1.26,10,0.122,0,1,1,1,29.9,MODERATE,5.4,164,MODERATE_standard
80.8,0,0,32.04751854677698,83.0,7.1,0,1,0,13,24,8.4,128.9,16,0.38,23,0.039,0,0,1,0,12.0,LOW,0.8,24,LOW_streamlined
54.5,6,1,196.4731801815869,43.4,35.7,4,0,0,29,48,20.1,484.2,78,3.25,11,0.367,0,0,0,1,53.8,HIGH,8.1,246,HIGH_backlog
46.6,8,1,222.64664230805448,28.7,33.6,24,1,0,19,48,17.0,589.0,159,3.15,6,0.494,1,1,0,1,60.4,HIGH,8.8,268,HIGH_backlog
49.9,6,1,283.8013409467643,40.4,24.8,24,1,44,37,36,19.8,401.4,109,2.55,17,0.261,0,0,0,1,42.9,MODERATE,3.1,94,HIGH_backlog
34.6,12,3,310.350341777582,6.7,56.9,5,0,322,37,36,24.2,419.8,107,4.25,23,0.689,0,1,0,0,90.5,CRITICAL,17.7,538,CRITICAL_injunction
21.7,18,3,317.94189497510996,10.4,48.4,6,0,209,26,36,21.2,337.8,127,4.49,9,0.563,0,1,0,0,93.6,CRITICAL,30.7,933,CRITICAL_injunction
78.5,0,0,31.195157142694498,90.1,7.8,0,1,0,7,18,5.3,88.6,8,0.68,43,0.038,0,0,0,1,12.0,LOW,1.0,30,LOW_streamlined
76.4,2,0,14.196076866610404,76.5,7.0,0,1,0,16,18,5.8,22.6,3,0.24,14,0.071,0,0,1,1,13.1,LOW,0.7,21,LOW_streamlined
32.7,18,3,485.0564170669768,8.3,35.1,11,0,308,51,48,22.0,224.0,33,4.98,21,0.543,1,0,0,1,90.8,CRITICAL,25.4,772,CRITICAL_injunction
25.9,10,5,437.941701988336,14.7,63.0,77,1,122,31,60,23.9,564.8,219,3.74,15,0.659,1,0,0,0,68.5,CRITICAL,16.8,511,CRITICAL_injunction
60.5,4,0,134.85735776996964,64.0,12.5,0,1,0,10,24,9.0,279.6,39,1.9,35,0.156,0,0,0,1,27.0,MODERATE,7.4,225,MODERATE_standard
58.8,3,0,68.3877950094259,67.4,8.1,1,1,0,12,24,14.4,373.3,66,1.93,23,0.099,0,0,1,0,24.6,MODERATE,7.2,219,MODERATE_standard
17.8,14,4,518.0080893740678,10.0,62.7,6,0,229,42,60,30.7,577.0,126,3.67,19,0.714,0,1,0,0,92.0,CRITICAL,21.0,638,CRITICAL_injunction
86.4,0,0,58.604472690411896,91.2,2.8,0,1,0,17,18,8.5,147.1,28,0.86,12,0.033,0,0,1,1,12.0,LOW,1.8,55,LOW_streamlined
42.9,8,1,249.89183063409294,46.7,29.0,15,0,0,36,48,22.8,548.2,99,3.31,27,0.316,1,0,0,1,58.0,HIGH,10.3,313,HIGH_backlog
47.0,7,2,261.12381852206425,28.8,30.8,10,0,0,30,36,17.1,295.2,72,2.27,16,0.359,0,1,0,1,54.9,HIGH,9.5,289,HIGH_backlog
69.4,3,0,170.82840806408723,54.1,14.7,0,1,0,17,24,12.9,76.3,19,1.45,37,0.207,0,1,0,1,27.7,MODERATE,6.1,185,MODERATE_standard
92.1,2,0,10.787932472188729,83.5,6.3,0,1,0,13,18,6.3,78.2,6,0.84,37,0.059,0,0,1,1,12.0,LOW,0.5,15,LOW_streamlined
95.1,0,0,41.446572788632565,96.6,6.8,0,1,0,15,18,5.3,162.5,19,0.77,41,0.013,0,0,1,1,12.0,LOW,2.1,64,LOW_streamlined
52.4,6,1,301.90845276972675,46.0,20.2,15,0,0,33,48,16.7,407.3,107,2.74,29,0.276,0,0,0,0,50.9,HIGH,12.4,377,HIGH_backlog
72.6,3,1,148.23298851570266,71.1,15.6,0,1,0,11,36,12.5,333.6,59,1.98,14,0.218,0,1,0,0,24.7,MODERATE,5.8,176,MODERATE_standard
62.4,3,1,88.56140090520225,51.8,12.9,1,1,0,23,24,10.2,213.6,45,1.68,19,0.14,0,0,0,1,28.6,MODERATE,5.6,170,MODERATE_standard
83.8,0,0,30.293061748443613,95.7,4.1,0,1,0,4,30,6.1,191.0,12,0.82,19,0.015,0,0,1,1,12.0,LOW,1.5,46,LOW_streamlined
80.7,1,0,37.660290851915946,94.9,2.9,0,1,0,11,24,7.6,147.8,5,0.73,18,0.021,0,0,1,0,12.0,LOW,2.5,76,LOW_streamlined
29.9,12,5,370.6999694113575,13.9,61.0,159,0,299,37,60,20.7,1074.2,225,3.86,14,0.754,1,0,0,0,86.4,CRITICAL,27.9,848,CRITICAL_injunction
24.4,12,2,434.0825877901182,8.7,51.6,4,0,274,43,48,34.7,351.4,94,4.35,12,0.608,0,1,0,1,92.8,CRITICAL,17.2,523,CRITICAL_injunction
39.3,9,2,236.16719843018524,36.4,34.6,17,0,0,31,36,20.7,470.0,99,2.56,25,0.473,0,0,0,0,60.3,HIGH,9.8,298,HIGH_backlog
28.7,18,2,339.49249743602746,12.0,61.0,15,0,221,29,48,31.9,936.0,310,5.27,8,0.674,0,0,0,0,92.0,CRITICAL,16.3,496,CRITICAL_injunction
79.2,0,0,42.93635692550328,79.8,7.1,0,1,0,12,24,4.6,155.3,17,0.63,22,0.054,0,0,1,1,12.0,LOW,1.0,30,LOW_streamlined
24.8,14,3,358.76327514519147,12.2,48.7,11,0,247,44,48,29.9,1029.3,235,4.59,2,0.798,0,1,0,0,93.6,CRITICAL,28.3,860,CRITICAL_injunction
94.2,0,0,45.861991213675815,90.7,0.1,0,1,0,9,30,7.3,159.5,21,0.62,43,0.01,0,0,1,1,12.0,LOW,2.0,61,LOW_streamlined
52.3,9,2,239.91819840295943,33.5,22.1,4,0,0,27,48,19.1,220.3,59,2.39,8,0.322,0,0,0,1,55.0,HIGH,12.2,371,HIGH_backlog
50.2,6,3,194.79484884720128,42.2,22.1,20,0,111,29,48,16.2,647.9,171,2.48,18,0.43,1,0,0,0,59.5,HIGH,8.3,252,HIGH_backlog
64.1,3,0,93.69355396226265,67.3,17.7,1,1,0,11,36,10.5,194.3,27,1.63,14,0.157,0,0,1,1,28.2,MODERATE,3.1,94,MODERATE_standard
18.8,10,5,349.19243610952526,6.5,38.8,8,0,325,36,60,26.9,863.8,163,4.0,20,0.714,0,1,0,0,91.9,CRITICAL,20.6,626,CRITICAL_injunction
22.3,12,3,482.7149551292961,5.7,55.6,19,0,222,37,36,33.6,1263.1,392,5.49,21,0.729,0,1,0,0,94.0,CRITICAL,25.6,778,CRITICAL_injunction
89.7,0,0,57.52881150417226,87.9,1.0,0,1,0,8,30,4.7,32.1,3,0.29,39,0.032,0,0,1,1,12.0,LOW,0.5,15,LOW_streamlined
66.8,2,0,112.09801642962954,65.7,11.6,1,1,0,16,36,9.9,384.9,63,1.11,24,0.121,0,0,0,0,23.0,LOW,1.6,49,MODERATE_standard
40.6,7,1,259.87079411631913,30.5,28.8,12,1,0,19,48,20.7,492.6,105,3.03,16,0.429,0,1,0,1,57.5,HIGH,13.5,410,HIGH_backlog
64.2,2,0,148.09691765783077,56.5,11.1,2,1,0,21,24,9.8,391.3,70,1.76,12,0.167,0,0,0,1,23.9,LOW,0.4,12,MODERATE_standard
71.4,3,1,112.93556906782547,68.2,12.8,2,1,0,20,24,9.4,348.2,48,1.3,16,0.142,0,0,0,1,28.1,MODERATE,7.4,225,MODERATE_standard
25.8,14,3,329.48198417969326,16.0,51.9,125,0,191,36,36,24.5,821.6,268,3.76,22,0.473,1,0,0,1,91.7,CRITICAL,21.6,657,CRITICAL_injunction
85.6,2,0,48.848894370755396,97.3,1.5,0,1,0,9,18,5.0,27.0,2,0.52,45,0.053,0,0,1,1,12.0,LOW,0.2,6,LOW_streamlined
47.2,8,1,228.17878795848895,27.5,28.8,38,1,110,21,48,18.8,746.1,179,2.66,22,0.468,0,0,0,0,56.4,HIGH,12.3,374,HIGH_backlog
87.2,2,0,41.09909449515834,87.8,0.8,0,1,0,14,24,7.9,198.4,17,0.52,23,0.024,0,0,1,1,12.0,LOW,1.8,55,LOW_streamlined
71.8,2,1,158.93400369224915,59.6,14.5,0,1,0,22,36,11.5,214.7,29,1.3,37,0.146,0,0,1,0,25.8,MODERATE,3.1,94,MODERATE_standard
60.3,2,0,94.20464694151482,66.5,8.7,0,1,0,8,36,15.5,203.1,40,1.35,28,0.197,0,0,1,0,23.1,LOW,2.4,73,MODERATE_standard
61.9,3,1,130.81094382365694,57.1,17.3,1,1,0,21,24,10.8,371.0,54,1.94,6,0.153,0,0,1,1,32.7,MODERATE,3.3,100,MODERATE_standard
35.5,10,3,507.5098218105089,7.6,59.7,18,0,301,40,36,29.4,1482.4,369,5.17,4,0.615,0,1,0,0,91.5,CRITICAL,18.6,565,CRITICAL_injunction
63.8,4,0,105.68743131938291,71.6,11.9,0,1,0,8,24,11.9,55.4,13,1.63,35,0.112,0,0,0,1,24.1,MODERATE,6.1,185,MODERATE_standard
66.8,3,0,172.7046435774625,53.8,17.8,2,1,0,8,36,14.8,281.0,61,1.58,27,0.17,0,0,1,0,30.5,MODERATE,7.4,225,MODERATE_standard
65.1,2,0,60.9133802267089,50.4,12.8,0,1,0,21,36,10.4,285.9,63,1.71,27,0.159,0,1,0,0,29.0,MODERATE,5.9,179,MODERATE_standard
14.0,12,2,342.6514132567179,16.2,48.1,16,0,132,27,36,34.9,849.5,327,4.94,22,0.514,0,0,0,0,88.1,CRITICAL,24.5,745,CRITICAL_injunction
32.6,10,5,284.1729137514161,19.7,47.0,187,1,125,38,36,20.3,1042.5,310,5.31,8,0.532,1,0,0,1,72.0,CRITICAL,25.5,775,CRITICAL_injunction
84.9,0,0,36.87954145020029,86.8,6.9,0,1,0,16,30,5.5,143.4,17,0.79,43,0.069,0,0,0,1,12.0,LOW,1.7,52,LOW_streamlined
58.1,4,0,90.08273808454855,58.1,8.1,0,1,0,10,24,9.7,297.1,48,1.43,36,0.129,0,0,0,1,24.6,MODERATE,6.5,198,MODERATE_standard
77.0,1,0,55.61296198441301,87.5,7.9,0,1,0,5,24,4.0,190.3,15,0.5,32,0.01,0,0,1,1,13.3,LOW,2.1,64,LOW_streamlined
92.2,0,0,12.578477747943442,85.9,3.2,0,1,0,14,18,7.0,212.5,28,0.42,30,0.077,0,0,1,1,12.0,LOW,0.3,9,LOW_streamlined
20.6,14,3,479.21696052734796,22.1,55.1,8,0,146,39,60,29.4,722.8,162,4.31,9,0.627,0,1,0,0,94.0,CRITICAL,22.6,687,CRITICAL_injunction
65.9,2,0,167.4790326568286,68.9,10.5,1,1,0,13,36,12.7,164.3,21,1.19,17,0.179,0,0,0,1,24.0,MODERATE,4.0,122,MODERATE_standard
87.9,0,0,56.829571231529755,95.7,3.0,0,1,0,11,30,6.0,247.0,26,0.48,46,0.061,0,0,0,1,12.0,LOW,1.8,55,LOW_streamlined
49.3,8,1,281.80880696916824,39.3,34.9,7,0,0,32,48,21.8,356.5,68,2.41,20,0.331,0,0,0,0,54.8,HIGH,14.9,453,HIGH_backlog
70.8,3,1,158.52797064980763,66.1,14.4,0,1,0,12,36,11.7,147.1,22,1.91,23,0.102,0,0,0,1,21.1,LOW,1.8,55,MODERATE_standard
12.3,12,2,480.2826749685669,16.4,54.7,60,0,176,49,48,32.8,501.5,143,4.11,6,0.559,1,0,0,1,92.7,CRITICAL,27.5,836,CRITICAL_injunction
20.3,14,2,461.3458279982981,13.3,41.3,7,1,274,33,48,30.2,584.0,143,4.96,20,0.765,0,0,0,0,74.8,CRITICAL,23.7,720,CRITICAL_injunction
81.9,0,0,20.664311206336656,81.7,6.4,0,1,0,17,30,6.6,211.6,23,0.52,13,0.037,0,0,0,1,12.0,LOW,0.7,21,LOW_streamlined
12.6,18,2,293.3894066814352,5.5,43.1,6,1,271,36,60,25.4,553.6,137,3.62,20,0.695,0,0,0,1,73.9,CRITICAL,26.8,815,CRITICAL_injunction
40.5,7,1,249.55960183289395,41.7,25.6,5,0,40,30,36,19.4,252.8,58,3.44,4,0.418,0,1,0,1,59.9,HIGH,10.5,319,HIGH_backlog
53.2,8,2,232.01932935136782,44.0,27.6,3,0,80,18,36,19.3,262.4,53,2.4,27,0.317,1,1,0,1,62.7,HIGH,8.5,258,HIGH_backlog
42.4,6,1,258.4101625412749,43.2,31.6,28,0,64,26,36,23.3,484.6,146,2.45,5,0.448,1,0,0,1,62.3,HIGH,15.0,456,HIGH_backlog
65.8,2,1,69.0553831986744,71.2,16.4,2,1,0,14,36,14.9,318.6,63,1.96,25,0.157,0,0,1,0,31.4,MODERATE,4.6,140,MODERATE_standard
82.3,1,0,53.79442361933361,82.7,0.2,0,1,0,15,18,8.7,244.5,27,0.55,46,0.045,0,0,0,1,12.0,LOW,2.0,61,LOW_streamlined
28.6,18,3,402.4425164561,8.8,38.3,143,1,140,49,48,30.4,1222.1,406,5.05,21,0.626,1,0,0,1,74.8,CRITICAL,26.0,790,CRITICAL_injunction
78.9,1,0,57.13353057369805,92.5,7.8,0,1,0,16,30,5.9,196.7,24,0.85,33,0.051,0,0,1,1,12.0,LOW,2.5,76,LOW_streamlined
54.5,7,2,208.02581605393604,35.9,34.8,6,1,69,24,48,21.9,338.5,71,3.07,10,0.383,0,0,0,0,56.6,HIGH,11.9,362,HIGH_backlog
47.6,7,1,270.4924874494266,28.2,32.2,8,1,56,21,48,16.5,319.4,58,3.48,12,0.376,0,1,0,1,54.4,HIGH,13.9,423,HIGH_backlog
26.3,12,3,547.9830129021072,23.4,47.7,18,1,181,47,60,26.8,1205.6,365,4.64,5,0.565,0,0,0,1,72.1,CRITICAL,29.6,900,CRITICAL_injunction
54.2,6,1,211.53580863710525,28.3,20.4,31,0,88,25,36,17.2,581.8,131,2.59,27,0.303,0,0,0,0,54.2,HIGH,9.2,280,HIGH_backlog
52.0,9,1,291.08773408834077,44.0,27.5,27,0,59,19,36,23.2,548.2,122,3.31,15,0.393,0,1,0,0,64.3,HIGH,8.9,271,HIGH_backlog
71.4,5,0,68.20217557768291,65.1,8.3,2,1,0,9,24,10.5,441.4,66,1.95,21,0.156,0,1,0,1,30.1,MODERATE,5.4,164,MODERATE_standard
60.9,5,0,101.17893572268434,71.7,10.1,1,1,0,14,24,11.0,338.8,51,1.89,9,0.162,0,1,0,1,34.6,MODERATE,6.4,195,MODERATE_standard
24.3,12,3,522.5244568279103,13.2,43.4,119,1,253,40,48,20.3,598.1,169,4.9,16,0.693,1,0,0,0,74.8,CRITICAL,16.4,499,CRITICAL_injunction
55.9,7,1,293.17711963005905,42.9,31.7,8,1,98,37,36,20.5,370.4,66,3.13,11,0.44,0,1,0,0,50.2,HIGH,11.4,347,HIGH_backlog
30.4,18,4,471.02108560028347,9.0,64.8,4,0,249,46,60,25.7,294.3,85,5.39,5,0.512,0,0,0,1,94.0,CRITICAL,19.0,578,CRITICAL_injunction
46.5,7,1,293.5119028422289,34.8,26.3,12,0,81,36,48,22.5,146.7,52,3.24,14,0.447,0,1,0,1,62.8,HIGH,9.4,286,HIGH_backlog
27.3,12,2,498.82038636762604,6.9,42.0,248,0,135,30,48,32.2,1188.7,375,4.04,14,0.64,1,0,0,0,85.2,CRITICAL,20.1,611,CRITICAL_injunction
17.9,10,5,501.6058871683745,14.2,49.5,81,0,200,34,48,27.5,533.3,136,3.94,2,0.574,1,0,0,1,91.7,CRITICAL,16.7,508,CRITICAL_injunction
33.8,10,2,542.4025679545596,22.9,41.9,12,0,330,27,48,31.0,790.3,248,3.86,20,0.468,0,0,0,0,83.0,CRITICAL,28.1,854,CRITICAL_injunction
49.0,9,1,204.1212314984697,39.2,30.5,15,0,96,20,36,18.7,267.5,61,3.08,22,0.4,0,1,0,0,63.3,HIGH,12.1,368,HIGH_backlog
42.1,6,2,274.387691800308,32.6,35.8,26,0,48,18,36,23.9,496.2,134,3.25,10,0.315,0,1,0,0,62.0,HIGH,10.5,319,HIGH_backlog
47.6,6,3,230.55827923465216,46.3,31.1,5,0,116,18,48,18.6,330.1,83,2.56,15,0.389,0,0,0,0,63.0,HIGH,12.8,389,HIGH_backlog
44.0,8,2,256.0090493820557,27.4,33.0,8,0,78,36,36,22.9,432.8,101,2.68,15,0.385,0,1,0,1,63.0,HIGH,9.8,298,HIGH_backlog
54.5,7,1,256.8363446978292,45.3,23.6,9,0,0,35,48,20.4,472.8,106,2.4,25,0.277,1,1,0,1,53.0,HIGH,14.5,441,HIGH_backlog
94.0,1,0,12.818105556121143,87.6,6.9,0,1,0,6,24,6.3,191.6,11,0.32,42,0.078,0,0,1,0,13.9,LOW,2.3,70,LOW_streamlined
79.3,0,0,55.39751167613048,95.7,2.0,0,1,0,16,24,4.2,202.4,31,0.27,43,0.027,0,0,0,1,12.0,LOW,2.1,64,LOW_streamlined
28.3,10,3,326.4443168628942,16.6,38.5,14,0,165,40,60,31.8,1185.8,288,3.74,18,0.485,0,0,0,0,82.1,CRITICAL,28.0,851,CRITICAL_injunction
33.8,18,4,347.2142973711116,16.2,38.7,117,0,190,46,48,26.2,873.4,236,3.87,21,0.483,1,0,0,0,88.8,CRITICAL,21.3,648,CRITICAL_injunction
33.5,10,2,447.94893989380887,14.7,37.1,14,0,147,44,48,27.4,1088.9,283,3.89,6,0.633,0,1,0,0,84.0,CRITICAL,26.7,812,CRITICAL_injunction
26.6,10,3,280.13029732836594,10.3,63.4,14,0,131,27,36,34.0,1087.8,299,5.24,4,0.501,0,0,0,0,88.5,CRITICAL,29.0,882,CRITICAL_injunction
46.3,7,2,287.0526303652393,25.2,27.8,14,1,53,20,36,21.3,458.4,112,2.97,26,0.26,1,1,0,1,59.7,HIGH,10.4,316,HIGH_backlog
15.8,12,5,320.14874031326684,8.6,47.2,8,0,233,37,60,29.9,907.4,175,5.34,22,0.537,0,1,0,0,94.0,CRITICAL,21.3,648,CRITICAL_injunction
62.4,5,0,157.60080862235418,59.3,8.2,1,1,0,11,36,13.0,433.4,59,1.11,25,0.213,0,0,0,1,33.0,MODERATE,6.9,210,MODERATE_standard
18.7,12,2,501.1134785496953,6.2,44.1,43,0,150,44,60,22.4,249.8,68,4.14,14,0.57,1,0,0,1,91.3,CRITICAL,18.2,553,CRITICAL_injunction
95.9,0,0,16.061709488625148,80.8,4.0,0,1,0,6,30,4.4,105.0,10,0.52,46,0.019,0,0,1,0,12.0,LOW,1.8,55,LOW_streamlined
90.6,1,0,22.347343631889196,87.7,3.8,0,1,0,11,24,8.2,86.4,9,0.49,37,0.033,0,0,0,1,12.0,LOW,0.1,3,LOW_streamlined
46.8,7,1,213.4922681154571,41.4,32.5,11,1,0,21,48,16.1,600.9,116,3.14,19,0.497,0,0,0,0,54.2,HIGH,8.1,246,HIGH_backlog
54.2,7,3,228.57626417200476,46.8,34.6,14,0,0,35,48,20.9,600.4,107,2.86,27,0.267,0,0,0,0,55.3,HIGH,11.2,340,HIGH_backlog
85.7,2,0,35.50621202792411,87.1,5.8,0,1,0,14,18,4.3,95.4,11,0.52,46,0.065,0,0,1,1,12.0,LOW,1.8,55,LOW_streamlined
68.8,2,1,99.55216110113616,66.4,14.1,0,1,0,20,24,14.3,80.1,11,1.8,15,0.18,0,0,1,1,22.9,LOW,1.8,55,MODERATE_standard
71.9,2,0,137.07613017506196,66.9,15.3,1,1,0,8,24,10.6,192.0,34,1.85,19,0.192,0,0,1,0,22.5,LOW,1.0,30,MODERATE_standard
35.5,10,2,393.2553151865585,8.6,64.2,36,0,233,31,48,30.4,268.3,73,4.54,9,0.686,1,0,0,1,89.4,CRITICAL,21.6,657,CRITICAL_injunction
43.4,8,2,319.5721310342501,46.7,23.8,11,1,0,30,36,18.6,118.1,45,2.44,28,0.424,1,0,0,0,54.9,HIGH,9.3,283,HIGH_backlog
55.2,8,1,257.51403259428605,37.3,21.3,19,0,89,34,36,18.6,394.3,88,3.06,27,0.332,0,1,0,0,62.3,HIGH,12.0,365,HIGH_backlog
34.2,18,3,508.7501221992668,11.5,59.5,12,0,337,44,48,30.3,904.8,251,4.94,5,0.563,0,1,0,0,93.5,CRITICAL,28.3,860,CRITICAL_injunction
91.2,1,0,28.700375978582784,81.5,5.4,0,1,0,6,24,6.8,215.1,23,0.44,38,0.051,0,0,1,1,12.0,LOW,0.1,3,LOW_streamlined
59.6,2,0,117.7621312327308,53.3,16.6,2,1,0,20,24,13.5,350.9,71,1.78,6,0.105,0,1,1,1,31.9,MODERATE,7.2,219,MODERATE_standard
88.0,0,0,18.559605124351997,90.1,3.7,0,1,0,9,30,4.1,244.9,27,0.62,47,0.039,0,0,1,1,12.0,LOW,0.0,0,LOW_streamlined
42.3,6,2,258.1661708731647,36.5,20.9,48,1,0,18,36,23.9,680.6,197,2.43,23,0.411,0,0,0,0,47.5,HIGH,12.6,383,HIGH_backlog
50.4,6,3,251.47012332504994,32.6,29.4,20,0,71,23,36,22.5,337.6,95,3.09,19,0.264,0,1,0,0,61.8,HIGH,9.6,292,HIGH_backlog
68.4,3,1,100.78675610767498,65.7,15.4,0,1,0,22,24,10.5,247.4,36,1.41,7,0.215,0,0,1,0,23.2,LOW,2.5,76,MODERATE_standard
68.7,3,1,102.70364740531824,69.3,17.2,1,1,0,13,36,10.7,229.6,38,1.21,12,0.215,0,1,0,0,29.4,MODERATE,3.2,97,MODERATE_standard
16.9,14,2,406.3420105966338,13.0,42.1,12,0,176,50,60,20.7,1158.5,242,5.31,19,0.695,0,0,0,1,92.8,CRITICAL,19.4,590,CRITICAL_injunction
70.5,3,0,119.46200247761121,53.8,9.2,0,1,0,12,36,9.2,112.5,13,1.7,36,0.202,0,1,1,1,26.1,MODERATE,5.7,173,MODERATE_standard
78.4,1,0,23.115387420958708,79.6,6.0,0,1,0,17,18,5.7,118.7,11,0.65,13,0.027,0,0,1,0,12.0,LOW,0.4,12,LOW_streamlined
53.7,6,1,209.7514531304977,40.5,27.5,37,1,119,34,36,17.7,742.8,159,3.46,27,0.494,0,0,0,1,48.4,HIGH,14.5,441,HIGH_backlog
19.5,10,5,377.88862290097245,7.9,39.9,9,0,239,29,36,20.2,742.7,188,5.01,8,0.696,0,1,0,1,92.8,CRITICAL,26.1,793,CRITICAL_injunction
86.0,1,0,21.856255267431038,81.6,4.8,0,1,0,16,24,4.0,232.3,29,0.87,25,0.047,0,0,0,1,12.0,LOW,1.3,40,LOW_streamlined
29.0,18,2,363.1982172124839,11.5,46.5,7,0,203,46,60,31.7,573.0,156,5.2,6,0.593,0,1,0,0,90.0,CRITICAL,24.9,757,CRITICAL_injunction
43.1,6,1,209.50079028612396,36.5,20.4,7,0,0,24,36,21.0,188.2,50,2.61,5,0.494,0,0,0,0,47.9,HIGH,9.4,286,HIGH_backlog
47.5,8,3,253.82465112774534,26.6,26.3,19,1,0,19,36,18.0,505.7,131,2.41,16,0.266,0,0,0,1,53.1,HIGH,13.2,401,HIGH_backlog
95.0,0,0,26.221700392651123,89.1,6.5,0,1,0,12,18,7.8,26.2,6,0.85,47,0.028,0,0,0,1,12.0,LOW,1.8,55,LOW_streamlined
20.5,12,2,465.9370786555203,14.0,55.6,17,0,227,31,36,24.2,1273.8,359,5.12,20,0.746,0,0,0,1,94.0,CRITICAL,31.7,964,CRITICAL_injunction
64.3,3,1,95.43620087671962,69.5,14.6,1,1,0,16,36,12.1,356.2,65,1.26,25,0.184,0,1,1,1,30.5,MODERATE,7.1,216,MODERATE_standard
23.2,18,5,332.4142416815314,18.4,42.1,11,0,264,44,48,29.9,628.6,225,3.6,9,0.487,0,1,0,0,89.1,CRITICAL,28.2,857,CRITICAL_injunction
62.3,3,1,90.10633693735181,58.3,17.5,0,1,0,21,36,11.8,75.2,10,1.94,8,0.083,0,1,0,0,32.9,MODERATE,6.9,210,MODERATE_standard
76.7,1,0,48.684129673556924,82.1,1.3,0,1,0,10,18,7.9,73.4,4,0.74,26,0.053,0,0,0,1,12.0,LOW,1.3,40,LOW_streamlined
79.7,1,0,44.02697494723716,96.0,1.8,0,1,0,16,30,7.7,243.8,36,0.24,39,0.062,0,0,1,1,12.0,LOW,2.0,61,LOW_streamlined
63.3,3,1,113.10569309985758,69.2,11.7,3,1,0,8,24,10.2,420.6,67,1.36,34,0.102,0,0,1,1,26.6,MODERATE,6.6,201,MODERATE_standard
79.3,0,0,56.612737393257184,86.5,0.8,0,1,0,10,18,6.5,233.3,14,0.85,34,0.021,0,0,0,1,12.0,LOW,2.4,73,LOW_streamlined
46.9,8,1,268.8280669156526,42.9,31.7,4,0,49,31,36,20.8,126.2,25,2.49,21,0.38,1,1,0,1,62.2,HIGH,13.7,416,HIGH_backlog
26.5,12,3,339.4331835893755,16.7,57.0,172,1,326,41,36,30.4,1438.6,305,3.75,7,0.752,1,0,0,0,70.1,CRITICAL,28.7,872,CRITICAL_injunction
86.7,0,0,51.113011355540365,95.2,2.5,0,1,0,10,18,8.5,71.7,4,0.82,14,0.013,0,0,1,1,12.0,LOW,2.4,73,LOW_streamlined
21.0,10,5,389.9522939680759,20.0,49.5,7,0,355,28,60,33.2,422.7,141,4.22,12,0.719,0,0,0,0,90.7,CRITICAL,27.3,830,CRITICAL_injunction
30.6,12,2,359.6070231609741,10.9,62.9,15,0,163,33,36,28.1,1158.8,300,4.13,23,0.581,0,0,0,1,84.0,CRITICAL,21.9,666,CRITICAL_injunction
36.0,18,3,322.4827153522412,18.5,35.8,12,0,235,28,36,35.0,1112.9,255,3.54,16,0.732,0,0,0,0,81.0,CRITICAL,26.1,793,CRITICAL_injunction
64.3,3,0,129.32059387456007,54.4,11.7,0,1,0,16,24,14.5,132.7,36,1.72,23,0.213,0,1,1,1,26.0,MODERATE,6.0,182,MODERATE_standard
78.2,0,0,12.889759306165047,93.0,2.6,0,1,0,11,30,5.5,42.3,6,0.73,23,0.04,0,0,0,0,12.0,LOW,2.5,76,LOW_streamlined
63.5,2,0,106.00401310565005,63.7,10.0,0,1,0,17,24,13.0,402.5,70,1.76,29,0.133,0,0,1,0,22.1,LOW,1.5,46,MODERATE_standard
28.5,18,3,464.75659821592075,19.1,44.1,6,1,134,47,60,28.8,640.8,136,4.48,19,0.723,0,0,0,1,67.6,HIGH,11.6,353,CRITICAL_injunction
16.0,14,2,388.66132947034953,8.2,35.2,6,1,251,37,60,27.7,390.5,123,5.47,19,0.778,0,0,0,0,75.7,CRITICAL,16.7,508,CRITICAL_injunction
78.6,2,0,58.99159581848051,85.5,7.2,0,1,0,13,18,8.0,221.9,16,0.51,28,0.077,0,0,0,1,13.3,LOW,1.0,30,LOW_streamlined
25.4,10,2,455.263305146134,17.0,55.8,63,1,354,37,36,32.7,733.5,139,4.41,13,0.574,1,0,0,1,73.7,CRITICAL,18.6,565,CRITICAL_injunction
23.0,12,2,537.8387573593616,10.2,42.7,13,0,339,30,48,31.9,1265.8,264,4.64,19,0.791,0,1,0,1,91.0,CRITICAL,21.8,663,CRITICAL_injunction
78.3,0,0,43.447653146090914,92.9,0.1,0,1,0,7,30,4.8,140.6,24,0.38,14,0.08,0,0,1,1,12.0,LOW,0.8,24,LOW_streamlined
31.2,14,2,304.1688583730271,23.6,54.7,7,0,207,25,48,23.0,528.4,149,4.76,4,0.72,0,1,0,0,88.4,CRITICAL,27.8,845,CRITICAL_injunction
35.0,10,2,460.3682087168713,5.7,40.4,4,0,186,37,36,20.9,350.8,88,5.29,3,0.545,0,1,0,1,89.0,CRITICAL,17.4,529,CRITICAL_injunction
54.8,7,1,236.49302238351584,47.8,20.9,7,0,84,33,36,17.2,385.4,98,2.5,14,0.341,1,0,0,1,54.7,HIGH,14.0,426,HIGH_backlog
72.5,3,1,72.38696027182037,65.4,13.4,0,1,0,21,36,11.8,271.3,29,1.33,6,0.196,0,1,1,1,26.8,MODERATE,6.2,188,MODERATE_standard
14.3,12,2,535.1702128310569,22.0,56.3,3,0,139,37,36,22.8,205.7,67,3.74,6,0.505,0,0,0,0,87.5,CRITICAL,19.3,587,CRITICAL_injunction
22.3,10,2,306.5223416941809,17.8,38.1,83,0,174,34,60,31.5,798.8,177,5.31,9,0.728,1,0,0,0,92.2,CRITICAL,30.9,939,CRITICAL_injunction
34.7,12,2,316.900087911214,17.3,37.1,3,0,193,36,60,23.3,243.4,65,3.57,8,0.776,0,0,0,0,84.7,CRITICAL,19.9,605,CRITICAL_injunction
82.6,0,0,42.158158682128196,91.6,3.0,0,1,0,17,24,7.3,107.1,13,0.25,18,0.043,0,0,0,1,12.0,LOW,2.1,64,LOW_streamlined
61.0,3,0,157.56604344933413,69.1,13.9,0,1,0,13,36,14.3,162.9,25,1.73,28,0.19,0,1,1,0,28.5,MODERATE,7.0,213,MODERATE_standard
93.4,0,0,13.067352974815236,85.4,4.1,0,1,0,9,24,4.1,139.2,18,0.56,44,0.051,0,0,0,0,12.0,LOW,0.5,15,LOW_streamlined
90.4,0,0,13.072329242093936,89.4,7.7,0,1,0,4,24,6.5,184.0,27,0.45,40,0.067,0,0,0,1,12.0,LOW,1.3,40,LOW_streamlined
53.3,7,1,209.11876454121764,25.4,24.8,5,1,0,22,48,16.3,281.1,69,2.42,16,0.494,0,1,0,1,50.7,HIGH,8.4,255,HIGH_backlog
67.6,2,1,151.41109563242222,51.5,9.8,2,1,0,8,36,10.2,360.6,60,1.16,22,0.087,0,0,1,1,31.7,MODERATE,6.6,201,MODERATE_standard
28.8,12,5,544.8294676739212,5.1,35.2,15,0,348,29,48,32.7,1197.0,314,3.9,10,0.668,0,0,0,1,87.8,CRITICAL,21.5,654,CRITICAL_injunction
88.5,1,0,19.051055330958178,75.4,5.7,0,1,0,7,18,8.8,41.1,8,0.6,16,0.014,0,0,0,0,12.0,LOW,2.1,64,LOW_streamlined
68.4,3,0,65.18731034119766,69.1,11.1,3,1,0,13,36,9.8,439.4,80,1.22,17,0.096,0,0,1,1,22.4,LOW,1.1,33,MODERATE_standard
93.2,1,0,13.518601205924854,76.1,0.4,0,1,0,17,24,8.3,24.2,5,0.85,12,0.025,0,0,0,1,12.0,LOW,0.2,6,LOW_streamlined
32.5,10,5,371.44376852953616,22.9,47.1,15,0,328,40,60,33.8,1187.3,309,4.9,9,0.61,0,1,0,0,91.9,CRITICAL,28.3,860,CRITICAL_injunction
26.1,12,4,504.81765749670626,20.3,62.1,6,0,191,36,36,34.1,354.4,125,5.42,6,0.725,0,0,0,1,92.9,CRITICAL,16.0,486,CRITICAL_injunction
26.2,12,2,523.1372217565792,18.9,55.4,243,1,201,33,60,31.6,1451.9,372,5.03,21,0.462,1,0,0,0,74.7,CRITICAL,18.6,565,CRITICAL_injunction
13.4,18,5,306.4143730647441,23.7,42.8,23,0,179,38,60,20.9,1459.3,465,5.14,5,0.594,0,1,0,1,94.0,CRITICAL,30.9,939,CRITICAL_injunction
81.2,0,0,48.547074631442996,84.7,5.5,0,1,0,8,30,5.3,53.1,1,0.5,30,0.014,0,0,1,1,12.0,LOW,1.7,52,LOW_streamlined
63.6,3,0,104.719641385649,67.5,16.2,0,1,0,11,36,11.7,163.8,26,1.71,19,0.157,0,0,0,1,21.4,LOW,1.3,40,MODERATE_standard
60.5,3,1,95.76344761442655,63.6,16.7,1,1,0,10,36,15.5,277.0,36,1.78,6,0.145,0,0,1,0,32.5,MODERATE,6.8,207,MODERATE_standard
67.7,2,1,118.59767763412717,50.8,13.1,0,1,0,14,24,13.3,110.1,23,1.65,18,0.084,0,0,1,0,24.9,MODERATE,5.1,155,MODERATE_standard
88.3,1,0,29.23948379232867,90.5,1.9,0,1,0,7,24,7.6,235.5,13,0.27,23,0.058,0,0,1,0,12.0,LOW,0.8,24,LOW_streamlined
95.1,0,0,50.59439691502022,86.2,1.0,0,1,0,5,18,4.5,24.6,5,0.26,30,0.027,0,0,1,1,12.0,LOW,1.7,52,LOW_streamlined
42.0,6,3,226.7897107318822,28.6,29.2,13,1,54,22,36,17.6,398.6,114,2.22,19,0.39,0,0,0,1,54.6,HIGH,13.5,410,HIGH_backlog
61.5,5,0,86.94188764002199,70.8,12.3,0,1,0,8,36,12.5,193.2,22,1.72,28,0.115,0,0,0,1,25.0,MODERATE,3.1,94,MODERATE_standard
60.3,2,0,177.46596739249028,69.1,10.0,0,1,0,12,24,13.7,75.6,14,1.85,31,0.132,0,0,0,0,26.7,MODERATE,4.5,137,MODERATE_standard
53.7,6,1,257.8532311803691,47.0,34.2,2,0,0,22,48,17.9,167.5,36,2.92,16,0.37,1,0,0,1,58.0,HIGH,13.1,398,HIGH_backlog
49.7,7,2,315.3031181760044,40.8,34.6,6,1,0,19,48,18.3,424.3,95,2.22,13,0.268,0,0,0,0,50.9,HIGH,10.3,313,HIGH_backlog
41.1,7,3,213.8261824387734,37.7,28.7,17,0,0,23,36,23.0,302.4,81,2.39,6,0.498,0,1,0,0,61.9,HIGH,14.4,438,HIGH_backlog
55.8,8,2,196.71876704585083,31.1,33.0,7,0,63,32,48,21.3,472.6,82,2.26,25,0.301,0,1,0,0,65.4,HIGH,9.8,298,HIGH_backlog
26.0,12,2,474.0678594769066,21.6,42.4,3,0,195,44,60,31.6,222.5,64,4.3,3,0.671,0,1,0,1,90.7,CRITICAL,31.1,945,CRITICAL_injunction
15.4,18,3,329.0496683467373,14.3,51.8,8,0,206,33,36,28.0,607.3,172,5.18,12,0.73,0,1,0,1,94.0,CRITICAL,16.4,499,CRITICAL_injunction
49.5,8,1,223.35882298110909,36.7,29.3,1,1,0,27,36,17.8,102.1,30,2.42,4,0.424,1,0,0,0,49.0,HIGH,10.5,319,HIGH_backlog
88.7,0,0,11.445614326904648,94.8,3.5,0,1,0,5,18,7.7,35.4,4,0.61,27,0.033,0,0,0,0,12.0,LOW,0.3,9,LOW_streamlined
41.8,8,3,226.7954594342568,41.0,22.8,12,1,0,34,36,19.1,451.5,75,3.51,27,0.357,0,0,0,1,56.4,HIGH,11.1,337,HIGH_backlog
50.3,7,1,307.35162526360295,25.1,23.9,17,0,0,37,36,21.5,468.5,135,2.33,9,0.436,1,0,0,1,55.3,HIGH,12.6,383,HIGH_backlog
68.4,3,0,74.39629044684999,67.0,13.4,0,1,0,15,24,13.5,161.6,19,1.29,16,0.191,0,1,0,1,23.1,LOW,1.3,40,MODERATE_standard
39.8,6,3,258.62722273347646,35.7,22.7,19,1,0,22,48,19.0,282.6,81,3.37,7,0.357,0,1,0,0,55.1,HIGH,10.4,316,HIGH_backlog
31.6,12,4,354.3607974684138,18.7,54.1,9,0,172,30,60,29.5,589.7,185,4.41,5,0.658,0,0,0,1,86.1,CRITICAL,27.0,821,CRITICAL_injunction
40.9,6,3,252.82473281301736,30.4,27.3,6,0,0,26,36,17.3,101.4,29,3.2,15,0.46,0,0,0,1,58.0,HIGH,12.9,392,HIGH_backlog
89.4,0,0,11.458620000025007,91.4,5.4,0,1,0,16,18,5.2,137.8,16,0.76,33,0.035,0,0,1,1,12.0,LOW,2.0,61,LOW_streamlined
16.0,10,2,502.15706393405674,5.3,62.8,5,0,352,30,48,30.4,416.5,108,3.97,5,0.714,0,0,0,0,94.0,CRITICAL,28.7,872,CRITICAL_injunction
21.0,10,5,530.0637552098382,12.5,51.9,10,0,129,35,36,27.9,701.8,203,4.93,15,0.574,0,1,0,0,92.8,CRITICAL,25.8,784,CRITICAL_injunction
40.5,7,2,231.07960888747272,40.3,28.7,24,0,0,28,48,18.3,580.3,141,3.28,5,0.497,0,1,0,0,60.8,HIGH,13.5,410,HIGH_backlog
28.3,12,2,530.9453209062974,16.9,41.8,103,0,307,33,60,30.5,781.8,251,3.54,13,0.713,1,0,0,1,91.1,CRITICAL,25.8,784,CRITICAL_injunction
66.1,2,0,65.73073615710922,52.0,13.5,1,1,0,12,24,10.6,336.9,64,1.57,24,0.115,0,1,0,0,34.0,MODERATE,3.1,94,MODERATE_standard
61.4,5,0,112.01981676087372,51.8,9.2,0,1,0,19,24,12.6,174.3,37,1.97,36,0.113,0,0,0,1,27.0,MODERATE,5.0,152,MODERATE_standard
74.0,4,0,106.87734906992921,51.4,14.9,1,1,0,15,36,14.5,287.4,54,1.22,15,0.107,0,0,0,0,27.5,MODERATE,4.2,128,MODERATE_standard
24.0,14,2,387.4157265206565,10.5,53.6,20,0,253,32,48,32.0,1371.3,405,5.24,7,0.534,0,1,0,1,92.1,CRITICAL,22.8,693,CRITICAL_injunction
66.4,3,0,130.65600503490668,52.7,15.5,2,1,0,14,36,14.5,378.6,45,1.9,9,0.18,0,1,0,1,37.3,MODERATE,3.7,112,MODERATE_standard
17.1,10,5,423.9893003897191,9.7,40.9,13,0,191,29,48,25.2,901.4,261,5.42,6,0.76,0,1,0,0,93.3,CRITICAL,25.8,784,CRITICAL_injunction
49.2,8,2,194.36367886819235,27.3,27.0,36,1,0,24,48,22.7,623.9,151,2.29,15,0.295,0,0,0,1,53.7,HIGH,12.1,368,HIGH_backlog
28.5,10,2,499.9564049032905,16.9,52.6,5,0,171,31,48,21.4,552.7,113,4.03,8,0.794,0,0,0,0,89.6,CRITICAL,17.3,526,CRITICAL_injunction
78.7,1,0,38.99148293249007,97.9,6.3,0,1,0,4,24,4.9,30.1,7,0.86,35,0.044,0,0,0,0,12.0,LOW,1.3,40,LOW_streamlined
45.1,8,3,183.46920111550787,25.2,27.9,3,1,0,18,48,23.0,148.9,35,2.43,5,0.464,0,0,0,1,56.1,HIGH,8.7,264,HIGH_backlog
59.2,3,0,151.13237315759022,55.0,10.9,0,1,0,19,36,12.0,136.2,18,1.26,12,0.205,0,0,1,1,22.0,LOW,0.5,15,MODERATE_standard
62.3,3,0,179.82967465252295,53.9,9.6,1,1,0,16,24,12.1,255.9,44,1.59,26,0.107,0,0,1,1,29.7,MODERATE,3.3,100,MODERATE_standard
50.8,9,2,306.9885298989283,26.7,22.5,23,0,0,26,36,18.5,537.9,112,2.82,21,0.251,0,1,0,0,57.1,HIGH,8.6,261,HIGH_backlog
39.0,6,3,206.68548885440575,33.3,35.5,6,0,98,24,36,16.2,331.4,70,2.48,27,0.388,0,0,0,0,66.5,HIGH,10.8,328,HIGH_backlog
90.0,1,0,48.620564825903124,75.1,4.7,0,1,0,16,30,7.7,120.9,10,0.32,31,0.049,0,0,0,1,12.0,LOW,0.4,12,LOW_streamlined
55.9,7,2,250.8356884156679,44.1,20.8,9,0,0,36,48,17.3,308.2,78,3.29,17,0.279,0,0,0,1,53.9,HIGH,12.8,389,HIGH_backlog
90.2,0,0,36.34252808328111,88.9,2.1,0,1,0,9,18,4.6,187.1,23,0.54,31,0.075,0,0,0,1,12.0,LOW,0.5,15,LOW_streamlined
95.9,1,0,50.59713892004296,96.0,3.3,0,1,0,12,30,6.4,37.8,7,0.42,14,0.044,0,0,0,0,12.0,LOW,1.2,36,LOW_streamlined
64.2,3,0,126.34252658327351,60.4,14.0,1,1,0,9,24,12.6,199.2,46,1.99,21,0.204,0,0,1,0,27.1,MODERATE,7.2,219,MODERATE_standard
53.2,6,3,253.27428426981777,45.9,30.4,34,1,0,19,48,17.2,778.8,223,2.52,10,0.396,0,0,0,1,48.9,HIGH,11.4,347,HIGH_backlog
93.4,0,0,34.30959740332841,92.2,5.4,0,1,0,12,18,8.0,44.4,4,0.66,13,0.057,0,0,1,1,12.0,LOW,0.3,9,LOW_streamlined
49.9,9,1,195.1911537537575,31.1,25.9,6,1,0,24,48,22.4,195.7,49,2.53,27,0.387,0,1,0,0,55.2,HIGH,9.8,298,HIGH_backlog
67.6,3,0,69.20782810605766,60.7,14.1,1,1,0,9,24,9.2,218.3,45,1.81,23,0.101,0,0,0,1,24.9,MODERATE,5.1,155,MODERATE_standard
63.2,2,0,114.25263488038415,63.8,14.6,0,1,0,14,24,15.8,211.7,50,1.52,38,0.193,0,0,0,0,21.4,LOW,0.5,15,MODERATE_standard
15.1,18,2,512.1271344295344,12.8,50.0,5,0,275,35,60,34.6,369.2,105,3.6,12,0.705,0,0,0,0,94.0,CRITICAL,27.5,836,CRITICAL_injunction
24.9,14,3,430.38391006685504,15.0,37.2,222,0,153,37,36,31.2,1428.8,381,4.25,19,0.527,1,0,0,0,89.4,CRITICAL,28.7,872,CRITICAL_injunction
48.4,6,3,232.16976318671368,28.2,27.7,3,1,97,29,48,18.5,284.4,43,2.72,16,0.286,1,0,0,0,58.3,HIGH,13.8,420,HIGH_backlog
22.1,14,3,541.8968728569325,7.0,52.8,15,0,214,40,60,22.8,1413.4,318,3.86,20,0.611,0,1,0,1,91.3,CRITICAL,28.6,869,CRITICAL_injunction
41.4,6,1,182.59363539183823,40.8,27.4,4,1,0,20,48,22.9,278.8,51,2.26,21,0.283,0,0,0,1,50.5,HIGH,12.6,383,HIGH_backlog
92.0,0,0,24.362376651616408,95.0,1.4,0,1,0,13,30,7.4,36.0,8,0.71,27,0.018,0,0,0,0,12.0,LOW,0.9,27,LOW_streamlined
78.4,0,0,14.840645018447375,86.0,2.5,0,1,0,7,18,6.5,214.6,17,0.44,28,0.079,0,0,1,1,12.0,LOW,1.8,55,LOW_streamlined
16.6,10,5,423.7240843608768,12.5,49.4,87,0,324,45,36,34.7,584.8,177,5.34,18,0.686,1,0,0,1,94.0,CRITICAL,22.9,696,CRITICAL_injunction
68.3,3,0,69.00207234145896,55.3,9.0,2,1,0,16,36,12.1,372.9,77,1.76,10,0.156,0,0,1,1,27.6,MODERATE,4.8,146,MODERATE_standard
29.8,12,5,317.0117526841862,20.2,58.5,8,0,341,30,36,32.1,675.1,165,4.7,14,0.489,0,1,0,0,90.2,CRITICAL,24.0,730,CRITICAL_injunction
59.6,3,1,142.94425601010744,61.8,17.3,0,1,0,17,24,11.1,122.5,20,1.87,8,0.203,0,0,0,1,29.6,MODERATE,3.8,116,MODERATE_standard
55.7,9,1,304.4498699905127,41.1,31.9,11,1,75,34,36,19.5,183.3,45,2.83,21,0.419,0,0,0,1,53.3,HIGH,14.9,453,HIGH_backlog
45.2,9,2,247.9144383807623,32.4,20.6,16,0,0,32,36,23.4,731.9,204,3.38,4,0.417,0,0,0,1,55.2,HIGH,13.1,398,HIGH_backlog
69.6,2,0,90.50271346205933,71.9,16.1,0,1,0,15,24,14.1,109.6,21,1.56,9,0.089,0,0,1,1,20.9,LOW,0.9,27,MODERATE_standard
47.6,6,1,257.77008877367246,28.3,25.4,22,1,0,27,48,20.4,517.2,102,2.6,29,0.362,0,1,0,0,50.2,HIGH,13.5,410,HIGH_backlog
48.1,6,1,290.14951872898985,42.6,24.8,15,1,89,27,36,22.6,511.4,119,2.73,18,0.253,1,0,0,1,51.3,HIGH,14.1,429,HIGH_backlog
67.6,3,0,78.75379194140977,52.7,11.0,0,1,0,8,36,11.6,137.8,16,1.5,36,0.127,0,0,1,1,23.1,LOW,0.4,12,MODERATE_standard
87.9,1,0,51.18635480652086,79.8,1.3,0,1,0,14,24,4.1,109.0,17,0.87,32,0.043,0,0,1,1,12.0,LOW,0.9,27,LOW_streamlined
21.4,10,5,494.27314570419423,16.0,45.3,7,0,274,37,36,25.8,474.2,146,4.7,15,0.687,0,1,0,1,93.4,CRITICAL,17.8,541,CRITICAL_injunction
47.2,6,1,186.6424460360166,34.9,22.4,13,0,52,18,36,23.3,669.9,133,3.42,10,0.376,0,1,0,0,55.3,HIGH,9.3,283,HIGH_backlog
65.2,3,0,176.81716743232744,53.5,17.9,0,1,0,21,24,12.4,123.6,20,1.69,13,0.153,0,0,1,0,27.0,MODERATE,6.0,182,MODERATE_standard
79.1,0,0,16.28685957533716,84.0,0.5,0,1,0,17,30,6.9,45.3,6,0.51,42,0.04,0,0,0,0,12.0,LOW,1.9,58,LOW_streamlined
73.3,2,0,108.91535719501854,59.4,16.7,0,1,0,18,24,10.6,129.0,16,1.12,10,0.143,0,0,0,0,19.2,LOW,1.0,30,MODERATE_standard
62.3,3,0,100.82184948199512,69.2,14.8,2,1,0,21,36,14.1,308.3,50,1.69,21,0.169,0,0,0,1,24.8,MODERATE,6.0,182,MODERATE_standard
14.2,10,3,470.6797233415608,13.0,44.6,6,0,224,37,60,23.5,614.6,138,4.33,15,0.778,0,1,0,0,90.7,CRITICAL,30.0,912,CRITICAL_injunction
49.9,7,1,192.19324165964642,30.0,35.0,12,1,0,23,48,16.6,723.7,157,2.71,10,0.466,0,0,0,0,52.9,HIGH,14.3,435,HIGH_backlog
58.9,3,0,154.482242479943,59.9,13.1,0,1,0,19,24,10.7,106.2,24,1.51,35,0.125,0,0,0,1,25.8,MODERATE,5.2,158,MODERATE_standard
90.3,1,0,40.254798812690915,92.4,0.7,0,1,0,14,24,8.8,133.8,7,0.44,36,0.05,0,0,1,1,12.0,LOW,2.0,61,LOW_streamlined
51.4,6,3,206.01671486159682,46.1,30.2,6,1,0,32,36,20.6,562.1,101,3.29,25,0.368,0,0,0,1,53.1,HIGH,8.5,258,HIGH_backlog
91.2,0,0,39.49996115408375,77.0,4.2,0,1,0,4,30,5.6,146.0,15,0.52,31,0.05,0,0,1,1,12.0,LOW,0.2,6,LOW_streamlined
12.8,14,3,498.61315950740976,13.0,35.7,163,0,153,26,36,32.0,804.8,267,4.96,14,0.761,1,0,0,0,94.0,CRITICAL,25.9,787,CRITICAL_injunction
71.3,4,0,77.02400154229873,66.2,16.7,0,1,0,8,24,9.2,95.7,9,1.86,30,0.136,0,0,1,0,31.3,MODERATE,3.2,97,MODERATE_standard
87.7,0,0,41.136427006820355,83.2,7.2,0,1,0,9,30,7.4,119.3,13,0.52,42,0.035,0,0,1,1,12.0,LOW,0.0,0,LOW_streamlined
69.3,4,0,147.81415701734556,65.0,10.0,0,1,0,10,36,13.5,51.2,21,1.28,27,0.139,0,0,0,1,24.1,MODERATE,5.4,164,MODERATE_standard
85.6,0,0,44.94480085238935,92.2,3.0,0,1,0,11,24,7.0,224.6,28,0.75,34,0.057,0,0,1,1,12.0,LOW,0.8,24,LOW_streamlined
67.1,3,0,145.15220153844837,70.6,15.9,0,1,0,20,24,11.9,263.5,43,1.58,27,0.18,0,0,0,1,23.9,LOW,0.6,18,MODERATE_standard
68.5,5,0,70.33989964869508,59.4,10.6,0,1,0,13,24,14.2,98.4,18,1.63,21,0.207,0,0,1,1,21.9,LOW,0.2,6,MODERATE_standard
16.3,12,5,491.3160826383805,5.6,53.2,141,0,172,29,48,32.2,842.9,270,5.41,6,0.769,1,0,0,0,94.0,CRITICAL,31.7,964,CRITICAL_injunction
76.0,1,0,26.700365020250945,78.2,3.0,0,1,0,8,30,4.6,81.1,6,0.52,28,0.029,0,0,1,1,12.6,LOW,0.5,15,LOW_streamlined
90.5,1,0,57.766176881572235,88.4,7.5,0,1,0,5,30,8.3,40.8,7,0.59,39,0.023,0,0,1,1,12.0,LOW,1.8,55,LOW_streamlined
17.1,10,3,429.8161649741139,23.5,41.9,72,1,129,43,36,28.1,639.0,107,3.73,7,0.624,1,0,0,1,70.3,CRITICAL,19.4,590,CRITICAL_injunction
79.7,1,0,59.418808401449304,92.3,7.8,0,1,0,10,18,7.8,113.7,8,0.28,47,0.052,0,0,0,1,12.0,LOW,2.0,61,LOW_streamlined
41.1,6,1,248.32213987691074,44.7,33.9,31,0,45,31,36,23.7,697.3,178,2.3,18,0.328,0,1,0,1,59.3,HIGH,9.2,280,HIGH_backlog
89.1,1,0,37.6812500179217,88.3,6.1,0,1,0,9,24,4.3,203.4,14,0.39,37,0.027,0,0,1,1,12.0,LOW,1.3,40,LOW_streamlined
67.7,2,0,168.2229504006952,61.7,17.2,3,1,0,9,24,14.7,398.5,73,1.82,25,0.135,0,0,0,1,29.7,MODERATE,4.6,140,MODERATE_standard
68.1,2,1,167.46215839142366,60.3,15.7,1,1,0,15,24,15.3,202.3,40,1.35,16,0.209,0,0,1,1,26.8,MODERATE,6.0,182,MODERATE_standard
31.6,18,2,338.4802394024114,17.6,52.5,88,0,183,48,48,23.1,431.8,144,4.38,17,0.524,1,0,0,0,86.9,CRITICAL,23.6,717,CRITICAL_injunction
28.9,10,4,529.0658487283754,10.8,57.4,17,0,303,45,60,30.9,1167.9,345,5.21,2,0.784,0,0,0,0,93.1,CRITICAL,30.0,912,CRITICAL_injunction
70.7,3,0,172.16870272738424,50.0,8.9,0,1,0,14,36,14.8,347.3,44,1.67,6,0.16,0,1,1,0,26.5,MODERATE,6.7,204,MODERATE_standard
28.1,12,2,282.2312289272123,7.8,49.6,154,0,255,32,60,24.6,1370.6,419,4.09,11,0.666,1,0,0,0,91.0,CRITICAL,23.6,717,CRITICAL_injunction
28.3,12,4,373.830559702315,19.9,41.6,7,0,296,43,48,29.2,617.5,145,4.77,6,0.627,0,0,0,1,90.8,CRITICAL,16.8,511,CRITICAL_injunction
72.0,5,0,83.18540505417974,64.2,10.8,0,1,0,15,36,9.8,410.6,75,1.34,25,0.126,0,0,1,1,21.6,LOW,1.2,36,MODERATE_standard
90.9,1,0,18.904524199033396,91.1,4.3,0,1,0,12,30,8.6,225.0,21,0.71,15,0.07,0,0,1,1,12.0,LOW,1.4,43,LOW_streamlined
65.4,2,0,103.05516209876075,63.8,14.0,0,1,0,22,24,14.0,313.3,36,1.71,39,0.182,0,0,0,1,24.3,MODERATE,4.6,140,MODERATE_standard
80.7,0,0,31.778486812948383,75.5,3.1,0,1,0,16,30,7.2,97.8,5,0.88,14,0.016,0,0,1,1,12.0,LOW,1.3,40,LOW_streamlined
16.8,18,3,517.4914277717714,22.5,54.1,18,0,212,41,48,33.3,1438.8,377,4.17,17,0.772,0,1,0,0,93.0,CRITICAL,20.4,620,CRITICAL_injunction
80.2,1,0,30.118638513368897,81.1,0.1,0,1,0,12,30,5.3,185.9,28,0.9,32,0.026,0,0,1,1,12.0,LOW,2.2,67,LOW_streamlined
62.4,5,0,176.56281259572077,62.9,17.9,0,1,0,9,36,11.5,90.7,16,1.17,9,0.128,0,1,1,1,28.9,MODERATE,3.4,103,MODERATE_standard
58.4,5,0,93.0025684997332,65.5,14.7,0,1,0,15,36,10.7,51.5,12,1.51,9,0.149,0,0,1,1,29.1,MODERATE,4.2,128,MODERATE_standard
81.9,0,0,44.41119101021315,80.4,2.4,0,1,0,9,18,7.5,96.7,3,0.23,12,0.016,0,0,1,1,12.0,LOW,1.1,33,LOW_streamlined
82.5,0,0,40.05052597169977,86.9,3.9,0,1,0,5,18,7.2,33.4,3,0.65,34,0.077,0,0,1,1,12.0,LOW,1.1,33,LOW_streamlined
41.3,8,3,180.55399956351172,46.9,20.3,8,0,67,37,48,19.8,486.1,140,2.39,6,0.453,0,1,0,0,58.8,HIGH,9.6,292,HIGH_backlog
63.7,5,0,148.54845469017638,52.7,9.3,0,1,0,9,36,14.5,201.3,24,1.54,6,0.182,0,0,0,0,26.9,MODERATE,5.6,170,MODERATE_standard
95.1,1,0,46.42956963303948,82.1,1.9,0,1,0,14,24,4.6,223.1,24,0.84,20,0.064,0,0,1,1,12.0,LOW,1.2,36,LOW_streamlined
77.5,0,0,41.89859523956112,93.7,2.1,0,1,0,9,30,5.2,187.4,18,0.63,38,0.017,0,0,0,1,12.0,LOW,2.2,67,LOW_streamlined
61.6,4,0,66.72923762390704,71.3,11.1,1,1,0,13,24,9.3,324.9,62,1.75,23,0.101,0,0,1,0,30.0,MODERATE,3.9,119,MODERATE_standard
17.9,12,3,402.59901782730765,17.4,64.7,21,0,225,33,48,22.6,1449.1,430,5.21,18,0.77,0,1,0,0,94.0,CRITICAL,25.5,775,CRITICAL_injunction
19.1,14,2,346.9884473653777,17.3,57.4,179,0,328,33,36,26.4,1231.3,281,3.78,10,0.552,1,0,0,0,93.2,CRITICAL,22.0,669,CRITICAL_injunction
43.1,6,1,313.41018118880254,44.9,25.4,13,0,40,18,48,18.9,435.9,100,2.87,6,0.27,0,0,0,1,53.4,HIGH,13.3,404,HIGH_backlog
87.0,0,0,20.263839938666546,77.8,4.4,0,1,0,15,24,7.8,157.1,19,0.69,33,0.017,0,0,0,1,12.0,LOW,0.6,18,LOW_streamlined
27.6,12,4,450.16332076343843,19.2,43.0,7,0,331,42,48,30.1,661.3,149,4.84,15,0.485,0,1,0,1,86.1,CRITICAL,18.6,565,CRITICAL_injunction
72.7,3,1,77.88874647599484,53.6,8.9,0,1,0,22,24,10.1,250.6,33,1.59,26,0.092,0,0,1,1,22.3,LOW,1.8,55,MODERATE_standard
51.6,7,2,226.45099765586352,26.5,26.0,26,0,0,32,48,17.4,731.1,196,3.32,7,0.311,1,0,0,0,57.2,HIGH,12.3,374,HIGH_backlog
73.4,4,0,98.07438607485095,60.8,16.9,0,1,0,21,36,16.0,50.7,24,1.26,14,0.181,0,0,1,0,23.3,LOW,1.8,55,MODERATE_standard
51.1,8,2,307.2548526607547,32.8,23.4,29,0,105,27,48,18.2,510.8,158,3.34,9,0.253,0,0,0,0,66.9,HIGH,9.6,292,HIGH_backlog
68.7,4,0,67.28919821038805,67.4,8.8,1,1,0,12,36,9.6,189.0,28,1.48,12,0.141,0,0,1,1,23.3,LOW,1.1,33,MODERATE_standard
62.8,3,0,120.10564337815171,65.7,17.0,1,1,0,14,36,15.3,258.9,55,1.84,8,0.185,0,0,1,0,30.2,MODERATE,7.0,213,MODERATE_standard
81.5,0,0,37.8233791322229,90.3,5.1,0,1,0,8,24,8.2,73.3,12,0.27,14,0.056,0,0,1,1,12.0,LOW,0.5,15,LOW_streamlined
51.2,6,1,180.07597831479,39.4,34.8,4,1,0,28,36,18.2,272.1,53,3.13,7,0.359,0,0,0,1,48.9,HIGH,11.4,347,HIGH_backlog
55.8,8,2,256.2979836727648,33.8,31.1,9,1,58,37,48,19.1,237.0,41,2.68,7,0.256,1,0,0,0,58.6,HIGH,13.2,401,HIGH_backlog
73.0,2,0,149.55520690120483,56.9,13.6,1,1,0,8,24,9.6,254.5,41,1.25,19,0.199,0,0,0,0,24.0,LOW,1.9,58,MODERATE_standard
62.3,3,0,132.2028713163685,57.5,15.8,0,1,0,8,24,13.4,344.7,89,1.49,31,0.203,0,1,1,0,30.2,MODERATE,5.4,164,MODERATE_standard
72.2,3,0,64.32007343856078,65.5,16.6,2,1,0,10,36,9.5,445.6,74,1.56,7,0.094,0,0,0,1,25.8,MODERATE,4.5,137,MODERATE_standard
70.4,5,1,114.58630087034248,70.9,14.6,3,1,0,8,24,13.9,446.0,88,1.97,6,0.19,0,0,0,1,26.6,MODERATE,7.5,228,MODERATE_standard
81.0,1,0,21.701875086275916,85.9,4.1,0,1,0,16,18,8.2,68.3,5,0.72,24,0.018,0,0,0,1,12.0,LOW,0.5,15,LOW_streamlined
73.3,2,1,120.26755659485852,71.6,16.2,1,1,0,23,24,14.6,433.5,58,1.65,34,0.136,0,0,0,0,28.0,MODERATE,4.0,122,MODERATE_standard
53.0,8,3,217.93857892967327,36.6,23.4,14,0,0,23,48,22.6,320.3,94,3.41,27,0.486,0,1,0,1,54.8,HIGH,13.6,413,HIGH_backlog
92.5,0,0,30.72157193671459,95.8,4.1,0,1,0,15,18,4.2,144.9,16,0.48,47,0.042,0,0,0,1,12.0,LOW,1.7,52,LOW_streamlined
78.7,2,0,40.571028691946715,85.3,6.3,0,1,0,14,30,5.1,95.7,7,0.42,23,0.029,0,0,1,1,12.0,LOW,1.5,46,LOW_streamlined
38.3,8,2,311.49428620408105,40.1,22.6,12,1,116,34,48,23.2,491.8,138,2.24,13,0.435,0,0,0,1,52.3,HIGH,14.0,426,HIGH_backlog
81.8,1,0,20.448948678018223,90.8,7.7,0,1,0,16,18,6.5,209.5,29,0.6,15,0.045,0,0,1,0,12.0,LOW,2.5,76,LOW_streamlined
20.3,10,3,472.129887184105,17.3,64.4,43,0,179,40,48,29.7,299.3,73,4.17,12,0.684,1,0,0,0,91.1,CRITICAL,27.4,833,CRITICAL_injunction
77.4,2,0,51.550943005888925,83.3,2.8,0,1,0,11,18,4.3,187.6,26,0.4,19,0.032,0,0,1,1,12.0,LOW,0.5,15,LOW_streamlined
14.3,14,4,434.43738844897916,19.3,51.0,193,0,335,26,60,29.1,1243.7,389,4.96,12,0.544,1,0,0,0,94.0,CRITICAL,29.0,882,CRITICAL_injunction
67.3,2,0,154.9722307156545,68.3,14.6,0,1,0,11,24,12.0,193.8,24,1.54,27,0.182,0,1,0,1,23.9,LOW,0.7,21,MODERATE_standard
20.8,18,3,427.92034949546985,5.7,47.2,141,0,172,25,36,27.8,787.6,244,3.95,11,0.669,1,0,0,1,93.8,CRITICAL,30.1,915,CRITICAL_injunction
62.8,2,0,121.20715000382623,71.2,16.4,1,1,0,19,24,13.4,124.1,28,1.92,27,0.201,0,1,0,1,31.8,MODERATE,6.0,182,MODERATE_standard
89.8,0,0,34.06405849368713,77.4,6.1,0,1,0,5,18,5.2,243.4,18,0.76,31,0.05,0,0,0,1,12.0,LOW,0.6,18,LOW_streamlined
63.5,2,0,132.52779258104215,64.7,13.7,0,1,0,16,24,13.9,112.5,17,1.88,14,0.097,0,1,0,0,26.2,MODERATE,5.2,158,MODERATE_standard
79.5,0,0,14.893119410795354,80.8,6.9,0,1,0,14,30,4.7,27.2,5,0.29,13,0.027,0,0,0,1,12.0,LOW,1.8,55,LOW_streamlined
32.7,18,4,381.0463277818478,17.4,37.2,18,0,152,31,48,30.7,209.9,52,4.94,15,0.62,1,0,0,0,83.5,CRITICAL,24.2,736,CRITICAL_injunction
17.1,18,5,351.67555096694446,9.0,55.6,9,0,145,26,48,26.2,871.0,187,5.09,4,0.485,0,1,0,1,94.0,CRITICAL,27.1,824,CRITICAL_injunction
73.8,3,0,120.81353049819288,50.9,12.7,0,1,0,9,24,14.3,179.1,30,1.96,34,0.118,0,0,1,1,27.2,MODERATE,6.3,192,MODERATE_standard
47.5,7,2,294.8900686366285,41.7,26.1,26,0,0,20,36,17.1,498.6,134,2.98,6,0.276,0,1,0,1,57.3,HIGH,11.6,353,HIGH_backlog
66.3,3,1,75.64481235845533,63.9,9.3,0,1,0,12,24,15.2,67.2,12,1.49,19,0.187,0,0,0,1,22.6,LOW,1.8,55,MODERATE_standard
58.4,3,0,89.26530210951566,69.0,17.1,0,1,0,8,36,12.5,135.9,29,1.94,25,0.088,0,0,1,1,28.3,MODERATE,6.9,210,MODERATE_standard
71.5,3,0,174.87706575316008,69.8,8.3,0,1,0,23,24,11.0,87.2,12,1.49,12,0.202,0,1,0,1,20.8,LOW,2.3,70,MODERATE_standard
41.1,7,3,246.9702092520876,47.5,34.7,10,1,0,18,48,22.7,734.2,128,3.51,14,0.282,0,0,0,0,59.5,HIGH,10.4,316,HIGH_backlog
69.0,2,0,166.6386874078376,64.1,10.9,1,1,0,22,24,10.7,235.1,45,1.6,8,0.092,0,0,1,1,24.4,MODERATE,7.1,216,MODERATE_standard
95.9,0,0,49.12663581326571,83.1,4.2,0,1,0,14,18,8.5,103.9,10,0.79,30,0.051,0,0,0,1,12.0,LOW,2.3,70,LOW_streamlined
73.8,2,0,119.82238268050324,64.0,10.3,0,1,0,10,24,12.4,311.2,66,1.68,11,0.117,0,0,0,1,18.7,LOW,0.3,9,MODERATE_standard
72.3,3,0,95.3305805521246,52.7,8.4,1,1,0,21,36,10.4,361.0,45,1.59,32,0.211,0,0,1,1,22.5,LOW,1.8,55,MODERATE_standard
64.4,2,1,65.54062555091525,65.7,17.0,0,1,0,16,24,13.2,303.6,46,1.57,8,0.177,0,0,1,0,27.1,MODERATE,4.7,143,MODERATE_standard
50.9,7,2,263.0665720797414,42.4,21.1,6,1,0,35,48,17.1,526.5,117,2.63,4,0.352,0,0,0,1,42.8,MODERATE,6.0,182,HIGH_backlog
69.6,3,1,65.33229297427513,50.9,12.3,0,1,0,9,24,11.8,111.2,18,1.53,39,0.111,0,0,0,0,23.2,LOW,1.0,30,MODERATE_standard
75.8,0,0,33.50865345466507,97.9,2.6,0,1,0,13,18,8.2,177.9,29,0.4,47,0.044,0,0,1,0,12.0,LOW,1.3,40,LOW_streamlined
76.2,0,0,38.60884319935798,94.1,2.5,0,1,0,9,30,6.6,139.1,22,0.66,45,0.063,0,0,1,1,12.0,LOW,2.2,67,LOW_streamlined
29.7,12,2,316.5707331898834,17.6,36.4,193,1,182,28,60,29.6,924.4,266,3.91,16,0.79,1,0,0,0,72.6,CRITICAL,28.8,876,CRITICAL_injunction
51.7,9,3,286.0094525119706,30.0,30.5,11,1,115,24,36,18.5,551.6,155,3.02,9,0.47,0,1,0,0,55.0,HIGH,8.0,243,HIGH_backlog
83.2,0,0,15.837727271461063,90.3,1.1,0,1,0,17,24,6.8,222.9,31,0.53,21,0.043,0,0,1,0,12.0,LOW,1.8,55,LOW_streamlined
75.4,0,0,11.630387969145335,78.3,7.8,0,1,0,15,18,8.0,77.8,11,0.85,15,0.079,0,0,1,1,12.0,LOW,1.6,49,LOW_streamlined
31.6,14,3,370.4796836552289,12.2,52.8,141,0,229,26,60,22.0,764.9,221,3.55,15,0.567,1,0,0,0,87.6,CRITICAL,19.3,587,CRITICAL_injunction
55.8,9,1,269.6510728028089,33.6,28.2,3,0,0,31,48,19.5,361.6,57,2.6,29,0.486,1,0,0,1,55.8,HIGH,11.3,344,HIGH_backlog
63.4,3,1,109.53825554090668,61.9,10.3,0,1,0,12,36,10.8,67.8,19,1.85,28,0.102,0,0,1,1,25.1,MODERATE,5.1,155,MODERATE_standard
55.6,8,2,287.5620496684376,33.5,26.6,3,0,107,24,48,21.8,147.1,48,3.01,23,0.374,0,0,0,1,65.0,HIGH,10.1,307,HIGH_backlog
39.9,7,1,303.67673110239616,43.5,27.6,8,0,0,31,36,18.6,155.8,36,2.72,26,0.271,0,1,0,0,55.9,HIGH,14.8,450,HIGH_backlog
76.0,0,0,52.45168254153688,86.8,3.5,0,1,0,14,18,5.0,83.5,7,0.51,21,0.051,0,0,0,1,12.0,LOW,2.0,61,LOW_streamlined
26.4,18,5,445.9047927030557,21.8,57.5,15,1,352,25,60,31.7,873.0,314,4.69,12,0.484,0,0,0,1,74.3,CRITICAL,23.0,699,CRITICAL_injunction
28.7,12,3,328.5330318214513,7.9,48.5,13,0,335,27,60,21.7,902.4,261,5.45,2,0.668,0,0,0,0,94.0,CRITICAL,28.7,872,CRITICAL_injunction
60.1,3,0,129.50748908109932,59.3,10.6,2,1,0,19,24,9.6,307.1,87,1.86,35,0.199,0,0,1,1,29.4,MODERATE,4.4,134,MODERATE_standard
39.8,8,2,281.9321194505197,27.8,34.1,17,1,66,37,48,18.0,362.1,104,3.07,6,0.31,0,0,0,0,60.8,HIGH,11.0,334,HIGH_backlog
25.5,10,3,338.40706079467805,22.9,53.5,78,0,204,26,36,29.6,387.7,123,3.84,14,0.455,1,0,0,0,90.1,CRITICAL,25.4,772,CRITICAL_injunction
83.6,0,0,21.665951044464386,85.9,7.3,0,1,0,8,18,4.2,26.9,4,0.24,45,0.053,0,0,0,1,12.0,LOW,0.0,0,LOW_streamlined
33.6,10,5,325.95981255992336,6.2,35.6,15,0,130,40,36,32.8,1048.6,305,5.4,18,0.647,0,0,0,1,83.1,CRITICAL,18.9,575,CRITICAL_injunction
52.7,6,1,274.9182640352511,30.2,20.1,5,1,72,30,48,17.4,287.1,77,2.92,22,0.289,1,0,0,1,50.4,HIGH,15.0,456,HIGH_backlog
76.8,0,0,42.00705454920191,76.9,4.2,0,1,0,13,18,4.2,185.7,27,0.23,21,0.056,0,0,0,0,12.9,LOW,0.7,21,LOW_streamlined
59.6,3,1,151.2104208324733,64.7,15.0,0,1,0,16,24,15.4,101.5,18,1.44,25,0.218,0,0,1,1,25.4,MODERATE,6.3,192,MODERATE_standard
64.1,2,0,126.94467458716093,71.3,13.0,0,1,0,14,24,10.8,380.3,53,1.47,20,0.112,0,1,1,1,19.4,LOW,0.5,15,MODERATE_standard
95.7,1,0,47.28993500004347,85.8,3.7,0,1,0,16,18,8.0,49.2,4,0.63,25,0.023,0,0,0,0,12.0,LOW,1.2,36,LOW_streamlined
23.7,12,3,549.6083684766627,5.3,64.4,132,0,136,31,60,22.4,1423.6,356,3.57,6,0.524,1,0,0,1,84.3,CRITICAL,24.4,742,CRITICAL_injunction
52.2,8,3,182.89973977559333,30.2,24.7,6,0,0,32,48,18.8,448.3,98,2.27,5,0.318,1,1,0,0,53.8,HIGH,14.9,453,HIGH_backlog
47.9,9,1,315.82888220386224,37.6,23.2,3,0,0,33,36,22.5,141.5,41,3.24,18,0.444,1,0,0,1,61.5,HIGH,13.1,398,HIGH_backlog
45.8,6,2,305.3540630444916,35.6,31.8,12,0,102,34,48,19.7,469.7,134,2.55,26,0.457,0,0,0,0,62.8,HIGH,10.9,331,HIGH_backlog
55.4,7,1,197.12350606305867,30.3,30.2,12,1,47,21,48,16.4,466.7,107,2.96,15,0.297,0,0,0,0,50.4,HIGH,8.6,261,HIGH_backlog
63.0,3,0,160.3755469990645,68.1,9.4,0,1,0,18,36,10.9,430.5,73,1.11,38,0.117,0,0,0,1,21.8,LOW,2.4,73,MODERATE_standard
84.5,2,0,24.620206608075964,79.0,7.8,0,1,0,12,24,4.9,48.8,7,0.64,44,0.035,0,0,0,1,12.1,LOW,1.3,40,LOW_streamlined
72.8,3,1,166.87633064169927,65.2,13.8,1,1,0,10,24,9.1,255.0,47,1.11,22,0.124,0,1,1,1,31.0,MODERATE,3.8,116,MODERATE_standard
92.6,1,0,39.913835714127735,85.8,4.4,0,1,0,5,30,5.1,133.9,18,0.5,36,0.079,0,0,1,1,12.0,LOW,0.5,15,LOW_streamlined
58.4,3,0,62.43771418026783,68.1,13.9,0,1,0,19,36,9.1,82.3,18,1.84,27,0.144,0,0,1,1,21.2,LOW,2.1,64,MODERATE_standard
23.7,14,5,301.1424396888542,20.5,53.0,13,0,146,25,36,32.1,1023.5,272,4.65,8,0.604,0,0,0,0,89.6,CRITICAL,28.5,866,CRITICAL_injunction
71.0,2,1,102.26351933046247,61.1,15.0,0,1,0,18,36,14.3,144.5,24,1.65,39,0.215,0,0,1,1,24.2,MODERATE,4.0,122,MODERATE_standard
70.9,4,0,120.02726814059852,52.3,9.0,0,1,0,15,24,14.5,82.3,16,1.47,6,0.138,0,0,0,0,20.0,LOW,0.3,9,MODERATE_standard
92.6,0,0,28.34270293056645,85.5,6.6,0,1,0,14,18,5.4,40.6,3,0.56,17,0.055,0,0,1,0,12.0,LOW,1.3,40,LOW_streamlined
27.7,12,2,532.5883583804803,21.8,57.1,172,0,172,47,48,31.1,1080.3,277,3.64,2,0.686,1,0,0,1,89.4,CRITICAL,29.9,909,CRITICAL_injunction
49.4,7,1,188.1971331085394,44.8,20.5,38,1,56,32,48,19.7,574.4,161,3.32,28,0.425,1,0,0,1,52.5,HIGH,14.1,429,HIGH_backlog
19.8,12,5,516.9867529632645,17.9,62.0,49,0,260,46,36,30.3,389.4,121,4.64,14,0.659,1,0,0,1,89.2,CRITICAL,28.1,854,CRITICAL_injunction
13.9,14,2,520.4954766503854,7.1,54.8,16,0,215,46,60,25.8,1014.2,320,5.21,23,0.46,0,1,0,0,94.0,CRITICAL,25.5,775,CRITICAL_injunction
55.1,9,2,289.24587623455534,44.9,31.2,13,1,0,25,36,19.2,451.7,83,2.44,18,0.436,0,0,0,1,51.8,HIGH,13.1,398,HIGH_backlog
75.3,2,0,36.111225478700064,96.2,0.6,0,1,0,15,30,8.3,138.8,17,0.41,17,0.078,0,0,0,1,12.0,LOW,1.5,46,LOW_streamlined
42.7,7,2,232.93363437542698,35.1,26.4,11,1,0,24,48,18.9,706.3,128,2.28,9,0.354,1,0,0,0,51.3,HIGH,11.8,359,HIGH_backlog
51.5,6,1,240.50949632066877,33.2,22.7,30,0,114,27,48,16.8,495.0,133,3.52,17,0.321,0,1,0,0,61.4,HIGH,11.7,356,HIGH_backlog
35.6,10,3,455.2339202940345,22.6,57.1,6,0,297,38,48,24.6,620.1,138,4.2,4,0.688,0,1,0,1,87.8,CRITICAL,18.2,553,CRITICAL_injunction
73.1,5,0,115.03219710560651,65.8,10.8,3,1,0,16,24,14.2,446.9,89,1.23,7,0.129,0,0,1,0,26.4,MODERATE,3.2,97,MODERATE_standard
49.8,6,1,293.5910990648839,33.1,30.6,26,1,0,29,36,21.0,512.4,114,2.92,18,0.46,1,1,0,1,55.2,HIGH,10.4,316,HIGH_backlog
73.1,2,0,62.84102607354623,60.0,15.4,0,1,0,10,36,13.5,339.3,53,1.55,26,0.103,0,0,0,1,21.0,LOW,1.5,46,MODERATE_standard
50.0,8,1,219.92648498570256,38.3,32.6,8,0,65,25,48,19.4,246.0,38,2.67,7,0.442,0,1,0,0,60.6,HIGH,9.1,277,HIGH_backlog
41.0,7,2,231.9236662218077,41.4,26.4,7,1,0,30,36,19.4,411.3,95,2.76,15,0.252,1,0,0,0,56.0,HIGH,10.4,316,HIGH_backlog
48.9,9,1,191.71344693461813,43.1,34.8,26,1,0,23,48,20.0,648.2,130,2.9,25,0.387,1,0,0,1,56.1,HIGH,11.2,340,HIGH_backlog
95.5,0,0,39.19812313841679,80.4,0.4,0,1,0,5,24,6.6,244.9,30,0.72,12,0.049,0,0,0,1,12.0,LOW,1.6,49,LOW_streamlined
33.4,14,4,289.01525810192936,8.6,62.5,179,0,169,47,48,33.8,1299.5,262,5.17,18,0.694,1,0,0,0,88.4,CRITICAL,28.8,876,CRITICAL_injunction
21.2,14,5,457.36977537263886,14.0,58.1,18,0,308,40,48,27.5,1131.7,361,5.12,4,0.535,0,0,0,0,94.0,CRITICAL,23.7,720,CRITICAL_injunction
19.2,18,4,469.21668679872073,23.0,56.7,246,1,168,39,48,29.6,1006.9,340,3.95,10,0.622,1,0,0,0,70.9,CRITICAL,31.6,961,CRITICAL_injunction
88.4,2,0,26.657904302396364,92.7,3.9,0,1,0,17,30,5.4,226.9,33,0.35,31,0.043,0,0,1,1,12.0,LOW,1.9,58,LOW_streamlined
88.9,0,0,47.836008091735316,75.7,3.6,0,1,0,9,24,7.7,177.3,19,0.82,33,0.064,0,0,1,1,12.0,LOW,0.9,27,LOW_streamlined
90.6,0,0,32.133543453474964,78.8,1.1,0,1,0,6,30,7.2,202.5,16,0.4,13,0.075,0,0,0,0,12.0,LOW,2.0,61,LOW_streamlined
29.9,14,5,393.8812352856878,17.5,36.7,243,1,200,29,48,26.3,1446.7,528,5.04,6,0.509,1,0,0,1,73.3,CRITICAL,19.7,599,CRITICAL_injunction
32.4,12,5,331.49001601652935,18.8,45.6,18,0,246,30,36,25.9,1093.1,379,4.57,7,0.626,0,1,0,1,89.7,CRITICAL,23.5,714,CRITICAL_injunction
31.7,18,4,410.768994576708,6.4,60.8,107,0,175,39,60,32.3,958.7,238,4.61,11,0.65,1,0,0,0,88.4,CRITICAL,20.4,620,CRITICAL_injunction
22.3,12,2,434.6054464202467,19.5,35.1,182,0,170,49,48,24.2,914.5,259,4.8,20,0.675,1,0,0,0,91.4,CRITICAL,21.6,657,CRITICAL_injunction
50.1,7,2,243.69771460192158,40.3,33.9,2,0,41,22,36,17.8,101.8,35,3.18,14,0.381,0,0,0,0,60.5,HIGH,11.7,356,HIGH_backlog
78.0,0,0,38.196359263392665,83.2,3.7,0,1,0,4,18,6.6,66.2,9,0.5,39,0.045,0,0,1,0,12.0,LOW,0.7,21,LOW_streamlined
25.4,18,2,504.55368941470044,16.1,58.6,6,0,287,48,36,28.5,569.3,123,3.72,11,0.686,0,0,0,0,90.0,CRITICAL,19.5,593,CRITICAL_injunction
24.4,10,3,545.0494700108802,20.2,59.6,150,0,154,38,36,29.9,1164.2,332,3.99,15,0.737,1,0,0,1,83.4,CRITICAL,32.0,973,CRITICAL_injunction
41.9,6,1,317.5413248314451,41.8,35.1,16,1,0,29,36,17.9,529.2,118,3.2,17,0.267,0,1,0,1,55.2,HIGH,8.6,261,HIGH_backlog
22.6,18,5,338.33423547009596,15.2,48.8,101,0,155,30,60,29.7,672.7,144,4.64,20,0.632,1,0,0,0,92.7,CRITICAL,16.6,505,CRITICAL_injunction
16.2,18,4,299.18529423755973,11.0,45.5,2,0,223,43,48,31.3,249.3,44,5.05,23,0.571,0,0,0,0,92.5,CRITICAL,20.6,626,CRITICAL_injunction
39.8,8,2,266.08431420469407,42.6,26.8,9,1,0,22,36,20.6,257.8,81,3.16,6,0.423,1,1,0,0,62.7,HIGH,8.7,264,HIGH_backlog
78.2,0,0,42.34026624032299,80.4,0.5,0,1,0,11,24,6.5,200.1,18,0.71,38,0.059,0,0,1,1,12.0,LOW,1.7,52,LOW_streamlined
49.2,9,2,229.01101980287615,40.1,33.4,11,0,94,29,48,22.8,212.7,52,3.47,12,0.27,0,0,0,0,67.4,HIGH,14.5,441,HIGH_backlog
55.7,9,1,305.5725675170996,38.4,33.1,14,0,0,20,36,22.4,307.5,72,3.3,12,0.373,0,0,0,1,59.4,HIGH,12.7,386,HIGH_backlog
94.8,1,0,55.78156082077573,79.5,2.2,0,1,0,8,24,4.7,174.7,22,0.23,46,0.02,0,0,0,1,12.0,LOW,0.4,12,LOW_streamlined
64.3,4,0,113.62256059713076,58.2,13.6,0,1,0,8,24,9.6,387.3,64,1.64,14,0.134,0,0,1,1,25.0,MODERATE,5.3,161,MODERATE_standard
80.1,0,0,36.186595992136134,83.1,2.6,0,1,0,12,24,7.3,150.9,19,0.51,18,0.044,0,0,0,1,12.0,LOW,2.4,73,LOW_streamlined
65.2,4,0,60.89521856458895,54.6,14.0,2,1,0,12,24,12.8,339.4,61,1.48,28,0.206,0,0,1,1,30.1,MODERATE,6.0,182,MODERATE_standard
27.6,10,2,283.40824187021684,19.2,55.7,124,1,194,39,48,22.8,1379.7,238,4.49,20,0.703,1,0,0,0,75.9,CRITICAL,18.9,575,CRITICAL_injunction
68.5,5,0,91.00329809806135,65.6,17.8,2,1,0,12,24,10.9,427.4,83,1.48,7,0.208,0,1,0,0,34.4,MODERATE,3.4,103,MODERATE_standard
94.3,0,0,32.07785402816996,76.5,5.5,0,1,0,15,30,5.4,225.1,37,0.58,20,0.073,0,0,0,1,12.0,LOW,0.9,27,LOW_streamlined
48.0,7,1,287.117756567638,34.4,25.8,20,1,0,34,48,22.2,449.5,83,3.0,23,0.482,0,0,0,0,50.5,HIGH,11.0,334,HIGH_backlog
58.7,2,1,77.99168041957773,71.8,10.2,0,1,0,8,24,10.4,243.4,35,1.18,13,0.096,0,0,1,1,22.0,LOW,0.3,9,MODERATE_standard
90.9,1,0,23.761962184022266,85.3,2.3,0,1,0,11,30,5.1,121.2,9,0.6,46,0.074,0,0,0,1,12.0,LOW,1.1,33,LOW_streamlined
45.0,7,1,219.02247237507638,28.6,33.0,12,0,0,36,48,21.3,474.8,91,3.33,17,0.396,0,0,0,0,59.1,HIGH,12.5,380,HIGH_backlog
91.2,0,0,45.2254462803884,77.5,5.4,0,1,0,15,24,5.8,45.6,6,0.7,22,0.048,0,0,1,1,12.0,LOW,2.3,70,LOW_streamlined
67.9,3,1,60.855396035097044,56.7,17.0,0,1,0,18,36,10.9,123.9,19,1.78,21,0.104,0,0,0,1,21.0,LOW,0.9,27,MODERATE_standard
61.9,4,1,157.97562305862914,55.2,16.1,0,1,0,20,36,14.2,137.5,28,1.13,17,0.108,0,0,1,1,30.6,MODERATE,4.6,140,MODERATE_standard
33.2,12,5,549.7921443206246,19.4,47.5,192,0,133,36,60,22.2,1160.0,308,4.58,23,0.592,1,0,0,1,83.9,CRITICAL,20.2,614,CRITICAL_injunction
94.6,1,0,22.252440894210572,81.4,1.4,0,1,0,16,30,5.3,118.2,12,0.67,30,0.059,0,0,1,1,12.0,LOW,1.3,40,LOW_streamlined
42.8,6,3,283.93399910950103,33.5,26.5,8,0,0,29,36,20.1,382.3,114,2.66,13,0.266,0,1,0,0,58.7,HIGH,14.0,426,HIGH_backlog
30.7,10,2,319.09904887098065,15.3,45.1,9,0,292,45,60,33.2,659.7,181,4.59,16,0.543,0,0,0,1,90.2,CRITICAL,22.3,678,CRITICAL_injunction
58.9,2,0,69.95310096978852,52.6,9.5,0,1,0,9,24,12.2,80.1,12,1.58,28,0.137,0,0,0,1,25.1,MODERATE,4.8,146,MODERATE_standard
72.0,2,1,110.67792384780257,60.8,14.1,0,1,0,17,24,13.0,260.4,39,1.55,31,0.171,0,0,1,1,23.3,LOW,1.3,40,MODERATE_standard
17.1,10,2,325.11120063004296,11.7,53.9,10,0,294,36,36,29.2,618.2,200,5.37,5,0.507,0,0,0,0,94.0,CRITICAL,27.8,845,CRITICAL_injunction
82.5,0,0,56.87444436575068,93.7,1.6,0,1,0,4,18,4.8,130.2,22,0.82,18,0.013,0,0,1,1,12.0,LOW,0.9,27,LOW_streamlined
20.8,10,4,468.91640772581945,23.6,53.9,116,0,152,49,48,27.5,751.2,186,4.76,18,0.699,1,0,0,0,91.4,CRITICAL,18.9,575,CRITICAL_injunction
64.1,2,0,138.90946161228865,66.2,16.8,1,1,0,18,36,10.7,367.2,51,1.58,14,0.176,0,0,1,1,27.6,MODERATE,6.2,188,MODERATE_standard
81.8,1,0,26.485220208173203,90.0,2.8,0,1,0,7,30,8.6,23.4,10,0.72,26,0.017,0,0,0,1,12.0,LOW,2.1,64,LOW_streamlined
21.4,12,4,315.0635627968743,5.6,46.4,341,1,353,47,48,31.0,1455.2,468,5.32,12,0.513,1,0,0,1,78.4,CRITICAL,24.7,751,CRITICAL_injunction
30.4,12,5,361.1287163098706,20.9,37.1,137,0,221,36,48,32.0,774.8,255,4.84,16,0.7,1,0,0,0,94.0,CRITICAL,26.9,818,CRITICAL_injunction
69.8,4,0,81.96270478140943,59.9,14.9,1,1,0,12,24,10.9,434.9,77,1.16,28,0.088,0,0,1,0,26.7,MODERATE,5.4,164,MODERATE_standard
67.8,3,1,83.36028259356937,61.2,15.1,1,1,0,23,36,13.8,376.6,42,1.22,32,0.113,0,1,0,1,32.4,MODERATE,6.6,201,MODERATE_standard
84.4,0,0,21.392461012416327,82.2,6.0,0,1,0,4,30,4.7,97.2,10,0.25,32,0.063,0,0,1,1,12.0,LOW,2.1,64,LOW_streamlined
35.1,12,3,503.30596892644314,18.0,41.4,8,0,359,32,60,21.8,575.3,160,4.42,15,0.587,0,1,0,1,80.6,CRITICAL,31.7,964,CRITICAL_injunction
60.8,2,0,83.90128611915225,53.8,12.8,0,1,0,18,36,15.5,237.1,51,1.15,38,0.198,0,0,0,1,23.0,LOW,0.2,6,MODERATE_standard
45.1,8,1,195.30673111800618,41.2,23.6,27,1,70,37,48,17.2,655.2,190,2.23,17,0.468,1,0,0,0,52.6,HIGH,10.4,316,HIGH_backlog
27.6,12,3,470.14651836243786,11.7,62.5,94,1,300,32,36,31.7,615.3,131,3.63,10,0.694,1,0,0,1,72.4,CRITICAL,28.7,872,CRITICAL_injunction
41.1,9,1,287.86060281750736,25.6,31.0,5,0,0,24,36,17.0,260.1,54,2.59,19,0.25,1,0,0,0,62.5,HIGH,11.7,356,HIGH_backlog
58.2,5,1,130.20738372659275,59.5,9.0,0,1,0,22,36,10.8,325.6,47,1.68,16,0.171,0,0,0,1,29.6,MODERATE,5.7,173,MODERATE_standard
46.9,6,1,210.4873897964692,33.2,29.9,29,0,53,27,48,20.9,736.7,153,2.48,25,0.443,0,1,0,0,58.9,HIGH,14.2,432,HIGH_backlog
18.2,10,3,370.47379027613715,18.6,48.3,5,0,171,25,48,20.9,422.2,113,5.14,17,0.548,0,1,0,1,94.0,CRITICAL,24.8,754,CRITICAL_injunction
31.9,10,3,476.10915958909646,14.2,56.6,192,0,357,44,60,34.0,1038.0,271,5.37,15,0.643,1,0,0,0,89.7,CRITICAL,30.0,912,CRITICAL_injunction
29.2,14,5,404.1326624610932,17.7,44.0,18,0,237,33,36,21.0,1237.8,369,3.85,7,0.776,0,1,0,0,86.8,CRITICAL,30.4,924,CRITICAL_injunction
50.8,7,2,309.9202339215184,32.9,25.7,36,1,0,18,36,19.1,582.2,172,2.31,4,0.498,1,0,0,0,52.2,HIGH,13.0,395,HIGH_backlog
15.0,12,4,543.3347367799469,8.3,45.4,16,0,272,44,36,21.6,1276.0,324,3.81,7,0.469,0,0,0,0,89.4,CRITICAL,31.2,948,CRITICAL_injunction
54.6,6,2,192.4178018504616,44.3,22.8,26,1,0,31,36,17.3,696.8,181,3.51,13,0.299,0,0,0,1,50.8,HIGH,14.9,453,HIGH_backlog
91.5,0,0,28.41815368523952,89.9,5.5,0,1,0,9,30,7.7,24.4,3,0.45,38,0.023,0,0,1,1,12.0,LOW,0.9,27,LOW_streamlined
42.6,6,3,228.1205064756075,37.9,26.2,37,0,92,26,48,22.1,708.5,174,2.6,19,0.438,0,0,0,0,65.8,HIGH,10.1,307,HIGH_backlog
25.3,12,4,362.72811216511445,22.3,36.7,5,0,302,35,36,26.9,345.0,106,4.14,23,0.753,0,1,0,1,84.8,CRITICAL,27.2,827,CRITICAL_injunction
90.5,0,0,54.988890603660145,85.8,6.9,0,1,0,13,24,8.0,248.7,34,0.21,35,0.073,0,0,1,1,12.0,LOW,2.4,73,LOW_streamlined
23.7,12,4,404.5231332021451,11.9,56.0,8,0,350,35,36,34.4,634.9,162,4.39,7,0.538,0,0,0,0,92.7,CRITICAL,17.3,526,CRITICAL_injunction
32.1,18,4,387.28196521779313,16.4,42.5,222,0,125,39,36,23.2,1424.4,325,4.99,7,0.494,1,0,0,1,84.9,CRITICAL,18.0,547,CRITICAL_injunction
38.4,7,1,246.40574263593925,38.2,21.3,2,0,93,20,36,19.7,188.0,32,2.65,4,0.458,1,0,0,1,59.6,HIGH,9.5,289,HIGH_backlog
66.1,3,0,143.2592742244529,52.3,8.2,0,1,0,12,36,11.1,389.3,57,1.7,19,0.188,0,1,0,1,21.4,LOW,0.3,9,MODERATE_standard
70.8,3,0,103.622367017654,58.0,15.6,0,1,0,15,36,13.8,113.1,19,1.22,28,0.19,0,0,1,0,25.4,MODERATE,5.1,155,MODERATE_standard
32.7,14,2,312.54792156831826,16.3,38.4,13,1,346,34,60,30.4,853.2,265,3.64,16,0.556,0,0,0,1,66.4,HIGH,11.7,356,CRITICAL_injunction
87.3,0,0,52.94647920831995,97.6,1.3,0,1,0,11,30,8.8,243.6,22,0.4,38,0.016,0,0,0,1,12.0,LOW,1.2,36,LOW_streamlined
42.4,7,1,245.40736214173216,40.5,31.3,13,1,61,21,36,19.7,261.6,65,2.3,19,0.46,0,0,0,0,55.1,HIGH,9.4,286,HIGH_backlog
93.1,1,0,38.03136538612459,76.3,3.4,0,1,0,7,24,5.6,167.0,27,0.52,43,0.024,0,0,1,1,12.0,LOW,2.0,61,LOW_streamlined
90.6,0,0,50.554585548034986,80.4,1.7,0,1,0,10,24,7.7,185.4,22,0.39,21,0.073,0,0,0,1,12.0,LOW,0.2,6,LOW_streamlined
72.4,4,0,95.78351369051609,66.6,9.8,0,1,0,22,24,9.5,128.7,6,1.17,21,0.148,0,1,0,1,22.3,LOW,2.4,73,MODERATE_standard
40.1,8,2,253.80856507405574,39.0,31.6,3,1,80,18,36,16.8,327.9,62,2.47,21,0.269,0,0,0,0,54.9,HIGH,14.2,432,HIGH_backlog
70.4,3,0,117.30535452456564,55.1,17.5,2,1,0,8,36,9.8,353.0,63,1.75,23,0.123,0,0,1,0,30.8,MODERATE,5.3,161,MODERATE_standard
31.4,10,2,296.4367861430948,12.7,45.6,166,1,240,51,48,28.0,857.1,329,5.02,4,0.63,1,0,0,0,73.8,CRITICAL,18.1,550,CRITICAL_injunction
46.5,9,2,243.31516087529218,28.6,21.1,16,0,0,18,36,19.1,476.8,85,2.61,29,0.475,1,0,0,0,61.0,HIGH,11.0,334,HIGH_backlog
25.6,18,4,382.8890565084548,9.4,59.3,68,0,342,30,60,34.8,377.9,99,4.06,21,0.464,1,0,0,1,90.3,CRITICAL,23.5,714,CRITICAL_injunction
46.3,7,1,224.4578764163986,29.8,23.8,17,0,58,34,48,19.0,545.1,118,3.19,14,0.361,0,0,0,0,62.0,HIGH,9.3,283,HIGH_backlog
76.1,0,0,31.166720057475136,97.0,3.9,0,1,0,16,18,5.5,56.3,7,0.73,44,0.079,0,0,0,1,12.0,LOW,2.1,64,LOW_streamlined
62.1,5,0,168.27857949565504,50.6,12.6,0,1,0,23,36,10.4,57.3,16,1.92,17,0.147,0,0,1,0,28.0,MODERATE,6.3,192,MODERATE_standard
13.4,18,2,282.1740092271582,16.7,45.2,22,1,222,49,36,20.9,1350.6,440,3.58,10,0.677,0,0,0,0,68.3,CRITICAL,16.3,496,CRITICAL_injunction
69.2,5,0,153.67285956194604,69.6,8.6,3,1,0,13,36,12.3,389.8,66,1.71,22,0.091,0,0,1,0,30.1,MODERATE,3.4,103,MODERATE_standard
35.2,18,2,287.07021617687667,11.6,61.6,79,0,304,38,36,23.3,671.4,172,3.66,20,0.795,1,0,0,0,86.4,CRITICAL,28.9,879,CRITICAL_injunction
77.9,0,0,31.718913066628804,87.1,3.5,0,1,0,11,18,7.2,127.7,11,0.66,37,0.063,0,0,0,1,12.0,LOW,1.4,43,LOW_streamlined
67.5,3,0,76.58996794314187,57.1,16.9,0,1,0,19,24,15.6,193.9,27,1.59,31,0.202,0,0,1,0,25.1,MODERATE,5.8,176,MODERATE_standard
71.2,3,0,143.80464583568596,68.1,17.5,1,1,0,13,36,15.3,370.5,70,1.46,7,0.097,0,0,0,1,25.7,MODERATE,5.2,158,MODERATE_standard
76.7,1,0,20.94130826351709,97.3,1.8,0,1,0,16,24,7.9,21.5,7,0.26,17,0.023,0,0,1,1,12.0,LOW,1.5,46,LOW_streamlined
89.5,1,0,50.31896078026128,79.7,3.5,0,1,0,7,30,8.9,93.4,12,0.53,13,0.046,0,0,0,1,12.0,LOW,2.4,73,LOW_streamlined
31.7,12,2,444.3978576575598,13.6,44.1,6,0,247,33,36,21.9,391.6,129,4.17,14,0.65,0,0,0,1,88.7,CRITICAL,17.3,526,CRITICAL_injunction
24.7,14,3,472.4312091768113,14.4,58.3,31,1,354,35,48,21.3,207.8,66,4.77,2,0.631,1,0,0,1,69.5,CRITICAL,17.4,529,CRITICAL_injunction
85.1,0,0,41.47611610100145,81.0,5.8,0,1,0,10,18,6.8,31.0,7,0.25,44,0.03,0,0,0,1,12.0,LOW,2.1,64,LOW_streamlined
39.6,8,2,271.43909218023884,42.2,29.5,19,1,0,30,48,19.6,399.6,106,2.5,15,0.476,0,1,0,1,62.0,HIGH,11.0,334,HIGH_backlog
42.0,9,1,255.27272783286026,27.6,20.1,2,1,54,36,48,20.8,136.4,29,3.0,5,0.499,1,0,0,0,56.7,HIGH,10.7,325,HIGH_backlog
59.0,2,1,154.9924401610802,67.8,11.0,0,1,0,10,36,9.1,83.9,14,1.59,19,0.142,0,0,1,1,23.9,LOW,2.1,64,MODERATE_standard
12.7,18,3,366.09810358156585,23.9,52.8,103,0,200,26,36,20.5,871.8,224,4.53,9,0.465,1,0,0,0,90.8,CRITICAL,22.7,690,CRITICAL_injunction
59.2,4,0,146.65720060938884,54.5,8.8,0,1,0,15,24,14.7,165.9,19,1.19,26,0.188,0,0,0,0,27.2,MODERATE,3.1,94,MODERATE_standard
38.8,7,1,311.47433296119925,33.4,24.3,20,0,0,19,48,22.0,606.9,163,2.51,26,0.353,1,0,0,1,58.2,HIGH,12.2,371,HIGH_backlog
77.7,0,0,45.567228676112265,91.2,1.6,0,1,0,14,30,7.5,125.3,9,0.61,47,0.071,0,0,0,1,12.0,LOW,1.8,55,LOW_streamlined
15.8,12,4,421.02217491333283,21.9,57.2,95,0,258,41,60,23.8,682.1,202,5.03,11,0.471,1,0,0,0,94.0,CRITICAL,18.7,568,CRITICAL_injunction
83.0,1,0,49.830321713809475,97.3,4.5,0,1,0,16,24,6.3,202.8,16,0.73,40,0.058,0,0,1,0,12.0,LOW,0.2,6,LOW_streamlined
49.8,6,2,223.3266391276227,44.9,26.8,16,0,0,36,48,21.2,532.5,104,3.12,28,0.36,0,0,0,1,51.9,HIGH,11.2,340,HIGH_backlog
52.9,6,3,211.75769863719214,34.4,30.8,24,0,86,26,36,21.3,542.5,108,2.3,18,0.324,0,0,0,0,60.7,HIGH,12.2,371,HIGH_backlog
54.2,7,1,200.55737832980202,47.7,30.0,25,1,0,35,48,21.6,567.7,111,3.28,4,0.308,1,0,0,1,55.0,HIGH,13.0,395,HIGH_backlog
46.7,7,1,262.925115928258,33.6,24.0,14,0,85,35,36,18.6,675.9,156,3.41,17,0.261,0,0,0,1,61.3,HIGH,13.0,395,HIGH_backlog
63.5,2,0,167.5503589111267,53.5,13.3,0,1,0,11,36,15.5,187.7,26,1.85,11,0.087,0,0,1,1,27.1,MODERATE,4.2,128,MODERATE_standard
61.3,2,1,133.5242531337855,55.2,13.4,1,1,0,22,24,9.7,270.0,47,1.99,8,0.176,0,0,0,1,33.9,MODERATE,4.9,149,MODERATE_standard
85.3,1,0,11.116647571677376,77.9,6.6,0,1,0,11,18,5.6,207.6,32,0.34,30,0.047,0,0,0,1,12.0,LOW,1.8,55,LOW_streamlined
65.1,4,0,138.11189450978273,56.3,11.0,1,1,0,8,24,9.4,400.5,74,1.93,25,0.21,0,0,1,0,26.2,MODERATE,6.9,210,MODERATE_standard
41.8,9,1,202.76633888550685,47.8,20.9,30,0,0,34,48,17.8,561.5,178,2.35,11,0.46,0,1,0,0,50.0,HIGH,13.5,410,HIGH_backlog
22.6,14,3,297.4395908463948,15.6,39.4,3,0,311,42,48,29.8,297.6,74,4.87,7,0.496,0,1,0,0,92.2,CRITICAL,19.9,605,CRITICAL_injunction
40.1,6,1,203.5108656238452,46.8,33.5,10,1,0,34,36,18.9,664.9,147,2.54,4,0.255,0,0,0,0,50.4,HIGH,12.9,392,HIGH_backlog
77.2,0,0,46.79870219965132,87.5,5.8,0,1,0,8,24,8.9,48.3,7,0.72,45,0.038,0,0,1,0,12.0,LOW,1.8,55,LOW_streamlined
75.3,0,0,55.74413752604424,85.8,7.8,0,1,0,16,30,8.6,191.4,18,0.79,34,0.027,0,0,0,1,14.3,LOW,2.1,64,LOW_streamlined
20.6,10,3,478.5034459099579,14.0,59.1,82,0,257,41,36,33.7,530.0,158,4.93,23,0.477,1,0,0,0,93.3,CRITICAL,27.7,842,CRITICAL_injunction
88.3,0,0,30.454202710981956,96.2,1.0,0,1,0,16,24,7.7,190.0,18,0.78,42,0.076,0,0,1,1,12.0,LOW,2.2,67,LOW_streamlined
63.7,2,1,125.38783338263825,63.8,13.7,0,1,0,9,36,12.7,415.0,70,1.59,8,0.185,0,0,1,1,22.2,LOW,1.2,36,MODERATE_standard
77.8,0,0,18.449183264938508,86.3,6.1,0,1,0,17,18,7.5,97.2,4,0.82,12,0.026,0,0,1,1,12.0,LOW,0.6,18,LOW_streamlined
50.3,6,3,251.11043751363212,42.2,35.8,5,0,82,35,48,18.6,352.0,88,3.5,5,0.414,0,0,0,0,63.3,HIGH,8.4,255,HIGH_backlog
39.8,7,1,292.5975311920578,32.5,32.1,7,1,0,27,36,19.3,331.8,89,2.41,6,0.38,0,1,0,0,55.7,HIGH,12.1,368,HIGH_backlog
65.0,2,0,174.03038334700017,68.9,15.3,0,1,0,16,36,11.9,278.6,56,1.96,17,0.129,0,0,0,0,24.8,MODERATE,3.4,103,MODERATE_standard
44.5,6,1,286.7337197505586,27.3,21.3,9,0,105,22,48,17.1,450.0,100,2.83,7,0.499,0,1,0,1,60.7,HIGH,8.5,258,HIGH_backlog
90.8,0,0,42.69707536419196,78.9,0.8,0,1,0,17,18,4.9,160.8,17,0.22,28,0.051,0,0,1,1,12.0,LOW,1.2,36,LOW_streamlined
69.2,4,0,169.2526538662214,52.9,12.5,0,1,0,9,36,9.3,192.9,29,1.94,8,0.085,0,1,1,1,26.0,MODERATE,6.9,210,MODERATE_standard
27.2,12,5,483.1312976505294,23.3,50.8,167,1,184,45,36,29.1,904.0,321,4.38,23,0.654,1,0,0,0,73.1,CRITICAL,19.3,587,CRITICAL_injunction
33.6,12,2,361.30868003031776,23.2,36.0,245,0,359,32,48,22.0,1458.4,356,4.78,22,0.765,1,0,0,1,88.8,CRITICAL,26.1,793,CRITICAL_injunction
36.0,18,5,532.6939303821366,9.8,64.7,74,1,280,29,36,23.1,866.1,203,4.82,21,0.478,1,0,0,0,72.7,CRITICAL,24.6,748,CRITICAL_injunction
93.5,0,0,18.428838672193994,75.4,5.2,0,1,0,5,24,8.6,105.0,10,0.29,14,0.055,0,0,0,1,12.0,LOW,0.9,27,LOW_streamlined
68.5,2,0,153.91761802544076,58.2,16.8,1,1,0,16,24,13.6,445.4,71,1.61,37,0.168,0,1,1,1,28.0,MODERATE,5.1,155,MODERATE_standard
48.6,9,3,313.00318627395205,30.6,22.2,22,1,0,32,36,18.1,481.2,95,2.93,25,0.312,0,1,0,1,57.4,HIGH,13.8,420,HIGH_backlog
85.2,0,0,20.782862943021513,84.4,1.2,0,1,0,8,30,8.9,173.0,8,0.62,26,0.046,0,0,0,1,12.0,LOW,1.5,46,LOW_streamlined
60.0,2,1,108.02407671871171,66.7,12.4,1,1,0,23,36,13.3,161.0,30,1.57,21,0.147,0,0,0,1,32.2,MODERATE,7.0,213,MODERATE_standard
73.7,2,0,146.61185242102016,65.9,12.6,0,1,0,22,24,13.6,166.7,34,1.69,29,0.14,0,1,0,0,21.9,LOW,0.9,27,MODERATE_standard
23.6,12,3,515.3007696355244,11.1,47.5,162,0,194,25,60,26.8,1499.8,451,5.23,11,0.6,1,0,0,1,94.0,CRITICAL,27.8,845,CRITICAL_injunction
40.1,8,1,194.34668126318297,36.8,35.9,8,0,62,35,48,18.7,150.1,47,2.21,28,0.479,0,1,0,1,59.3,HIGH,10.6,322,HIGH_backlog
77.9,1,0,53.90766663252299,92.8,0.0,0,1,0,13,18,6.9,231.1,28,0.23,12,0.065,0,0,1,0,12.0,LOW,1.7,52,LOW_streamlined
58.9,4,0,103.45869261286202,70.8,15.0,0,1,0,9,24,10.4,69.9,25,1.72,14,0.16,0,0,0,0,29.2,MODERATE,5.3,161,MODERATE_standard
12.3,10,3,363.6368396569119,7.5,56.7,222,0,300,43,48,27.9,1217.5,427,4.63,8,0.458,1,0,0,1,94.0,CRITICAL,18.9,575,CRITICAL_injunction
63.8,2,0,161.84173335310223,63.8,11.0,0,1,0,9,24,14.8,432.6,73,1.4,8,0.15,0,0,0,1,21.9,LOW,2.2,67,MODERATE_standard
51.2,8,2,189.2775283445682,43.8,24.4,8,0,92,36,36,22.2,727.2,171,2.77,8,0.481,1,1,0,0,60.4,HIGH,14.9,453,HIGH_backlog
21.8,18,4,499.79576297878737,14.6,45.5,6,0,248,43,36,28.2,558.8,136,5.22,5,0.787,0,1,0,0,94.0,CRITICAL,21.2,644,CRITICAL_injunction
38.2,6,1,206.9331784091328,27.5,29.4,28,1,115,26,36,18.3,641.1,177,2.98,29,0.397,0,1,0,0,55.4,HIGH,9.3,283,HIGH_backlog
52.8,6,2,182.32248402971499,32.0,35.1,20,1,109,29,36,19.1,683.8,151,3.48,11,0.26,0,0,0,1,52.1,HIGH,14.1,429,HIGH_backlog
69.3,2,0,171.96821719975964,50.6,14.7,0,1,0,23,24,14.5,66.0,14,1.56,22,0.098,0,1,0,1,25.0,MODERATE,3.0,91,MODERATE_standard
81.7,1,0,34.35690340858176,86.1,2.5,0,1,0,7,18,5.0,33.7,7,0.25,24,0.021,0,0,1,1,12.0,LOW,2.5,76,LOW_streamlined
92.3,1,0,31.807592470276045,91.7,5.7,0,1,0,15,24,7.1,132.8,18,0.63,31,0.052,0,0,0,1,12.0,LOW,2.1,64,LOW_streamlined
21.9,12,3,485.0738352005993,9.2,45.6,292,0,235,27,36,28.6,1398.6,433,4.36,19,0.786,1,0,0,0,94.0,CRITICAL,29.8,906,CRITICAL_injunction
24.6,14,2,476.8285591382128,16.7,55.6,2,0,147,33,60,20.7,217.6,55,5.47,18,0.662,0,0,0,1,89.5,CRITICAL,25.7,781,CRITICAL_injunction
95.9,1,0,40.45276396024856,83.4,6.8,0,1,0,17,24,6.7,36.7,7,0.72,18,0.023,0,0,1,0,12.0,LOW,2.1,64,LOW_streamlined
25.4,18,3,447.14876760105926,8.8,39.9,2,0,152,29,60,23.1,211.7,53,3.7,7,0.759,0,1,0,0,88.8,CRITICAL,19.1,581,CRITICAL_injunction
83.9,0,0,27.54874511676118,76.4,1.8,0,1,0,7,30,5.4,80.3,10,0.22,45,0.048,0,0,1,1,12.0,LOW,0.0,0,LOW_streamlined
61.8,2,0,79.48541837279669,65.1,10.2,0,1,0,15,24,9.1,154.4,26,1.59,9,0.159,0,0,1,1,23.7,LOW,1.8,55,MODERATE_standard
44.2,9,3,254.25621231402005,32.6,26.3,17,0,0,18,36,16.8,574.0,167,2.74,29,0.476,0,0,0,1,57.3,HIGH,14.5,441,HIGH_backlog
62.4,2,0,89.44397267315966,59.4,9.1,1,1,0,12,36,15.2,416.2,74,1.19,29,0.202,0,0,1,0,24.7,MODERATE,3.6,109,MODERATE_standard
73.0,4,0,109.08635625053282,59.4,17.2,1,1,0,15,24,15.2,111.6,29,1.13,35,0.197,0,0,1,1,28.4,MODERATE,4.8,146,MODERATE_standard
41.1,6,2,318.9637614524749,26.7,29.9,9,1,89,32,36,17.4,208.0,66,3.52,17,0.348,0,1,0,1,61.5,HIGH,11.6,353,HIGH_backlog
58.1,3,0,82.3264962650816,65.1,16.6,1,1,0,23,36,13.4,99.2,28,1.92,14,0.193,0,0,1,1,31.4,MODERATE,4.1,125,MODERATE_standard
82.0,1,0,33.09243233728659,88.2,3.6,0,1,0,7,18,7.8,153.6,12,0.28,16,0.03,0,0,1,1,12.0,LOW,0.4,12,LOW_streamlined
23.6,14,5,532.672400099661,19.6,51.8,4,0,292,32,36,27.2,278.6,94,5.31,2,0.702,0,0,0,0,94.0,CRITICAL,17.0,517,CRITICAL_injunction
29.9,14,3,516.7316986447827,11.9,64.5,11,0,344,33,36,22.8,616.0,222,4.81,21,0.616,0,1,0,1,91.1,CRITICAL,19.3,587,CRITICAL_injunction
72.5,2,0,83.39066572906361,62.9,13.9,0,1,0,9,36,14.7,276.1,41,1.4,19,0.17,0,0,0,0,20.7,LOW,2.0,61,MODERATE_standard
32.1,18,2,335.0749561968023,11.7,43.6,186,0,353,25,48,33.5,1217.1,268,4.69,19,0.621,1,0,0,0,88.6,CRITICAL,27.3,830,CRITICAL_injunction
12.5,18,4,492.6313868602525,21.8,61.0,13,0,163,45,48,20.7,1010.7,275,4.08,11,0.545,0,1,0,0,89.2,CRITICAL,31.4,955,CRITICAL_injunction
82.5,0,0,33.72638058929315,94.9,5.3,0,1,0,17,18,6.7,64.2,4,0.22,41,0.076,0,0,0,1,12.0,LOW,0.9,27,LOW_streamlined
95.0,1,0,49.58983224750012,78.2,5.8,0,1,0,15,30,8.3,99.2,4,0.54,41,0.021,0,0,1,1,12.0,LOW,1.4,43,LOW_streamlined
22.8,10,5,318.3220850607701,23.5,57.3,157,1,323,50,36,34.4,905.7,227,3.56,20,0.695,1,0,0,0,66.7,HIGH,10.6,322,CRITICAL_injunction
76.9,0,0,45.286737630013256,80.6,5.6,0,1,0,15,18,8.5,136.7,18,0.56,28,0.067,0,0,1,1,12.0,LOW,1.8,55,LOW_streamlined
61.3,4,0,78.3280002891114,57.9,17.2,1,1,0,21,24,12.5,180.9,40,1.33,16,0.124,0,0,0,1,28.8,MODERATE,4.2,128,MODERATE_standard
49.5,7,3,246.5524334454679,42.6,28.3,14,0,56,36,48,17.8,375.2,96,2.69,13,0.254,0,1,0,0,60.0,HIGH,9.7,295,HIGH_backlog
26.6,18,5,313.4176429682503,19.7,52.2,12,0,221,34,48,22.9,832.0,244,4.99,23,0.503,0,0,0,1,91.3,CRITICAL,23.1,702,CRITICAL_injunction
67.2,3,1,156.54612041575044,69.3,14.8,3,1,0,18,36,13.9,444.2,79,1.39,38,0.089,0,1,0,1,33.0,MODERATE,6.7,204,MODERATE_standard
62.4,2,0,179.24766262486872,68.6,14.4,0,1,0,15,24,12.2,245.5,31,1.16,26,0.185,0,0,0,0,26.0,MODERATE,5.1,155,MODERATE_standard
94.4,1,0,16.045709805814525,85.5,5.3,0,1,0,8,24,8.7,163.9,10,0.57,24,0.011,0,0,1,1,12.0,LOW,2.4,73,LOW_streamlined
72.6,3,0,175.55380861127355,65.0,13.8,1,1,0,17,36,12.3,359.4,67,1.19,39,0.171,0,0,0,1,25.2,MODERATE,4.6,140,MODERATE_standard
42.9,7,1,251.1458318586785,41.4,25.5,10,0,0,26,48,16.8,743.7,140,3.13,28,0.257,0,1,0,1,57.8,HIGH,8.5,258,HIGH_backlog
41.0,9,2,273.24946588446875,29.0,35.2,10,0,82,37,36,16.3,249.7,74,3.01,14,0.318,1,1,0,1,74.0,CRITICAL,31.4,955,HIGH_backlog
94.4,0,0,47.68943135202484,84.3,3.5,0,1,0,11,30,5.5,135.0,15,0.89,18,0.01,0,0,0,1,12.0,LOW,0.2,6,LOW_streamlined
42.4,7,2,263.9338603092925,47.7,29.6,5,0,102,34,36,16.1,408.6,87,2.24,5,0.341,0,1,0,1,66.1,HIGH,15.0,456,HIGH_backlog
61.8,3,0,119.07715774400594,62.0,16.1,0,1,0,10,36,15.0,287.9,51,1.56,26,0.217,0,0,1,1,27.9,MODERATE,3.8,116,MODERATE_standard
90.0,1,0,56.22057042182392,87.5,5.6,0,1,0,14,24,5.8,229.8,29,0.62,26,0.018,0,0,0,1,12.0,LOW,0.9,27,LOW_streamlined
72.5,2,0,157.33434112999777,54.2,9.0,0,1,0,10,24,12.7,110.2,14,1.77,36,0.165,0,0,1,1,19.3,LOW,0.4,12,MODERATE_standard
20.8,10,3,535.2231273824804,8.4,55.1,2,0,137,43,60,31.1,213.1,56,5.34,9,0.61,0,0,0,0,93.1,CRITICAL,18.1,550,CRITICAL_injunction
68.2,3,0,141.95817314916343,61.8,11.1,1,1,0,19,36,10.0,156.4,24,1.32,38,0.112,0,0,1,1,28.2,MODERATE,7.3,222,MODERATE_standard
76.6,1,0,49.46728909467489,84.6,6.5,0,1,0,4,24,6.8,37.6,6,0.72,17,0.023,0,0,1,1,12.0,LOW,0.4,12,LOW_streamlined
81.2,0,0,32.81802046636338,87.3,6.4,0,1,0,9,18,8.1,175.6,24,0.37,23,0.075,0,0,1,1,13.4,LOW,2.5,76,LOW_streamlined
91.7,1,0,18.473675130447884,90.1,3.7,0,1,0,17,24,5.7,152.8,11,0.62,25,0.014,0,0,1,0,12.0,LOW,1.8,55,LOW_streamlined
13.5,18,4,417.9943174066875,16.4,60.9,134,1,287,28,48,21.2,1078.5,352,4.33,9,0.661,1,0,0,1,77.9,CRITICAL,18.6,565,CRITICAL_injunction
17.7,12,3,323.6374532253652,8.6,36.2,4,0,247,47,48,34.3,274.3,96,4.95,3,0.562,0,1,0,0,91.5,CRITICAL,24.7,751,CRITICAL_injunction
33.4,10,5,427.66960114430276,8.0,48.9,16,0,266,45,48,28.5,954.2,329,4.62,12,0.76,0,0,0,1,87.9,CRITICAL,27.5,836,CRITICAL_injunction
63.8,3,0,124.07698164976225,60.5,16.1,0,1,0,22,36,15.9,207.3,22,1.41,28,0.177,0,0,0,1,27.9,MODERATE,6.5,198,MODERATE_standard
94.9,1,0,53.97583104641686,88.2,1.8,0,1,0,5,30,8.0,107.7,11,0.85,40,0.034,0,0,0,1,12.0,LOW,0.4,12,LOW_streamlined
58.4,2,1,158.72095259181248,62.2,14.7,0,1,0,13,36,9.8,62.7,16,1.28,14,0.154,0,0,0,0,28.8,MODERATE,4.3,131,MODERATE_standard
77.3,0,0,52.48075699316636,88.2,5.6,0,1,0,13,30,6.3,230.0,21,0.49,18,0.028,0,0,1,1,12.0,LOW,1.0,30,LOW_streamlined
32.7,12,5,485.5634700347619,5.8,36.3,8,0,271,51,36,22.9,738.9,167,5.44,21,0.77,0,1,0,0,91.4,CRITICAL,26.5,806,CRITICAL_injunction
54.1,6,1,264.6230728346045,38.8,27.1,10,0,107,27,36,22.2,173.6,58,3.18,15,0.372,0,0,0,0,56.2,HIGH,9.1,277,HIGH_backlog
83.8,0,0,59.392667816336555,95.5,2.0,0,1,0,12,18,7.2,226.4,27,0.43,22,0.059,0,0,1,1,12.0,LOW,0.0,0,LOW_streamlined
67.9,3,0,175.11166616129924,70.6,8.6,0,1,0,22,36,12.7,93.5,20,1.64,12,0.189,0,0,0,1,25.0,MODERATE,5.2,158,MODERATE_standard
72.5,2,0,129.96647646653543,63.7,14.1,0,1,0,10,24,15.5,239.0,43,1.62,38,0.177,0,0,0,1,20.9,LOW,2.4,73,MODERATE_standard
60.7,3,1,101.78495519462714,68.6,14.2,0,1,0,15,24,14.9,139.5,15,1.11,34,0.084,0,0,0,1,23.9,LOW,0.5,15,MODERATE_standard
69.7,4,0,110.1899969414066,66.9,13.9,0,1,0,10,24,15.0,54.4,16,1.92,20,0.21,0,0,1,0,24.1,MODERATE,6.6,201,MODERATE_standard
26.8,14,3,310.2023268960626,10.0,59.8,11,0,338,31,48,30.2,876.5,226,5.18,16,0.493,0,1,0,0,91.4,CRITICAL,26.1,793,CRITICAL_injunction
44.0,6,2,204.09885725234335,43.9,34.7,6,1,0,27,36,16.4,250.9,61,3.09,23,0.295,0,0,0,1,54.6,HIGH,11.4,347,HIGH_backlog
12.9,18,3,504.9604191386657,12.6,60.6,15,0,172,50,48,34.0,1149.8,307,4.99,8,0.691,0,1,0,0,94.0,CRITICAL,29.8,906,CRITICAL_injunction
95.8,0,0,19.34960795927693,89.3,3.7,0,1,0,9,18,5.8,166.7,19,0.43,37,0.048,0,0,1,1,12.0,LOW,2.2,67,LOW_streamlined
60.8,4,0,102.73824950197326,68.7,10.3,0,1,0,8,36,12.9,117.3,21,1.15,35,0.177,0,0,0,0,24.1,MODERATE,7.4,225,MODERATE_standard
49.2,6,1,265.0765359384896,44.4,23.6,20,1,0,20,36,17.5,469.8,89,2.94,18,0.346,0,1,0,1,46.1,HIGH,9.9,301,HIGH_backlog
60.9,3,0,102.56029304881973,57.7,12.6,1,1,0,19,24,14.8,180.3,47,1.8,19,0.094,0,0,1,1,25.4,MODERATE,6.3,192,MODERATE_standard
21.2,12,3,346.5075076400832,20.3,40.5,12,0,255,51,48,29.4,754.4,251,4.42,6,0.568,0,0,0,1,90.5,CRITICAL,25.2,766,CRITICAL_injunction
75.4,1,0,58.08704614378009,84.7,0.7,0,1,0,8,30,7.7,167.3,24,0.36,45,0.078,0,0,1,1,12.0,LOW,1.3,40,LOW_streamlined
69.1,2,1,143.77755673452668,63.0,15.4,0,1,0,20,36,14.5,266.3,40,1.95,38,0.215,0,0,1,1,27.1,MODERATE,7.0,213,MODERATE_standard
62.3,4,0,112.83244093696035,68.2,10.3,2,1,0,20,36,12.2,387.1,58,1.56,34,0.164,0,0,1,1,30.2,MODERATE,4.3,131,MODERATE_standard
25.2,18,3,472.4818720147355,20.7,44.9,170,0,174,26,60,33.6,800.4,258,4.62,6,0.551,1,0,0,0,88.3,CRITICAL,21.1,641,CRITICAL_injunction
13.8,18,3,346.08895050041735,23.9,36.6,14,1,225,34,48,25.8,1066.8,288,4.97,10,0.784,0,0,0,1,76.0,CRITICAL,16.4,499,CRITICAL_injunction
17.8,10,4,445.4432493235905,9.7,44.5,315,0,287,31,60,29.6,1351.1,421,3.96,18,0.749,1,0,0,0,94.0,CRITICAL,23.4,711,CRITICAL_injunction
58.0,4,0,87.84106586792163,53.2,12.6,0,1,0,16,36,12.6,72.6,11,1.43,21,0.182,0,0,0,1,27.6,MODERATE,7.1,216,MODERATE_standard
92.4,0,0,11.955442443579964,93.7,1.6,0,1,0,16,30,7.9,116.5,16,0.31,22,0.064,0,0,1,1,12.0,LOW,0.6,18,LOW_streamlined
13.8,10,2,417.64622440541405,16.8,63.3,126,1,177,46,36,20.2,923.9,201,4.46,3,0.477,1,0,0,1,74.0,CRITICAL,16.2,492,CRITICAL_injunction
25.5,10,2,394.50486252148096,21.6,49.2,4,1,234,45,60,33.6,321.2,98,4.39,5,0.729,0,0,0,1,71.4,CRITICAL,21.4,651,CRITICAL_injunction
63.7,3,1,66.14848178286086,63.7,11.0,2,1,0,20,24,15.0,252.3,60,1.64,36,0.177,0,0,0,0,29.9,MODERATE,6.5,198,MODERATE_standard
79.8,1,0,45.545898790834016,89.5,1.0,0,1,0,15,18,8.2,185.6,18,0.59,22,0.07,0,0,0,1,12.0,LOW,2.1,64,LOW_streamlined
76.7,0,0,36.54907994048774,77.1,1.2,0,1,0,11,18,6.3,239.5,16,0.52,32,0.056,0,0,1,0,12.0,LOW,1.4,43,LOW_streamlined
54.8,6,3,274.1237149303738,45.6,34.2,10,0,70,26,48,21.1,248.8,71,2.7,4,0.454,0,1,0,0,59.5,HIGH,9.0,274,HIGH_backlog
76.7,1,0,15.549869805111296,93.4,7.0,0,1,0,16,30,4.3,114.2,13,0.32,21,0.053,0,0,0,1,12.3,LOW,0.5,15,LOW_streamlined
43.3,6,1,216.3994109797448,34.8,30.4,3,0,47,23,36,19.6,236.3,40,2.4,16,0.278,1,0,0,0,55.1,HIGH,14.9,453,HIGH_backlog
82.0,1,0,52.050584553035335,84.4,2.4,0,1,0,11,30,7.3,187.9,14,0.6,12,0.05,0,0,1,0,12.0,LOW,2.1,64,LOW_streamlined
81.5,0,0,24.908567706401588,89.1,4.7,0,1,0,7,30,8.8,214.4,20,0.41,26,0.04,0,0,1,1,12.0,LOW,0.2,6,LOW_streamlined
66.7,3,0,121.83762288017584,52.0,15.8,0,1,0,21,24,13.4,92.4,20,1.45,21,0.132,0,0,1,0,23.3,LOW,2.3,70,MODERATE_standard
61.4,3,0,169.47498385349218,67.6,13.0,0,1,0,17,24,11.4,80.8,12,1.48,29,0.145,0,1,1,1,23.1,LOW,1.1,33,MODERATE_standard
64.6,2,0,79.439759186307,68.7,9.5,0,1,0,11,36,9.3,227.8,41,1.82,24,0.091,0,0,0,0,20.7,LOW,1.0,30,MODERATE_standard
73.9,2,0,104.60101587185704,51.4,16.0,0,1,0,16,24,14.6,140.8,24,1.68,39,0.082,0,0,1,1,19.3,LOW,2.2,67,MODERATE_standard
62.9,5,1,108.05510103114852,63.7,10.7,0,1,0,14,36,15.3,439.4,72,1.51,9,0.106,0,0,1,1,23.7,LOW,2.3,70,MODERATE_standard
55.4,6,1,314.80959693318897,47.2,20.1,26,0,74,19,48,16.6,689.4,160,2.41,28,0.346,1,0,0,0,52.5,HIGH,14.0,426,HIGH_backlog
87.6,1,0,22.267606936035264,95.2,7.9,0,1,0,15,18,5.7,119.7,7,0.45,15,0.061,0,0,0,1,12.0,LOW,1.6,49,LOW_streamlined
40.1,7,2,214.88617527854785,30.4,23.6,16,0,0,20,48,18.5,701.4,173,2.81,13,0.488,1,1,0,1,59.4,HIGH,9.3,283,HIGH_backlog
30.9,14,4,332.2850266849723,18.3,50.8,20,0,290,45,60,29.7,1359.9,402,3.69,16,0.756,0,1,0,0,90.1,CRITICAL,18.1,550,CRITICAL_injunction
71.3,3,0,93.10302661162882,60.7,8.3,1,1,0,8,24,14.2,234.8,43,1.43,10,0.145,0,0,1,0,22.6,LOW,0.9,27,MODERATE_standard
13.8,10,2,332.08230767401506,5.3,35.4,3,0,275,36,60,24.3,362.9,76,4.65,11,0.76,0,1,0,0,90.9,CRITICAL,29.6,900,CRITICAL_injunction
48.9,8,3,249.36751012689348,29.2,35.8,3,0,0,19,36,19.5,140.1,35,3.08,26,0.488,0,1,0,0,63.8,HIGH,9.7,295,HIGH_backlog
78.6,0,0,59.27935805568599,81.6,0.3,0,1,0,16,18,6.8,242.1,39,0.6,40,0.028,0,0,0,1,12.0,LOW,0.4,12,LOW_streamlined
53.2,6,1,214.18589972823028,34.5,20.6,11,1,96,21,36,23.1,581.9,96,2.48,26,0.357,0,0,0,0,44.1,HIGH,14.5,441,HIGH_backlog
51.2,6,2,269.22270626101107,33.1,33.1,21,1,68,36,36,22.5,680.3,157,2.38,11,0.404,0,1,0,1,59.4,HIGH,14.7,447,HIGH_backlog
61.3,3,1,135.09638706086957,71.1,17.6,0,1,0,9,24,12.5,323.6,34,1.83,28,0.093,0,1,0,0,32.3,MODERATE,6.5,198,MODERATE_standard
67.5,3,1,66.37584492231157,52.7,10.4,0,1,0,20,24,12.2,421.5,55,1.15,14,0.214,0,0,1,1,20.9,LOW,0.1,3,MODERATE_standard
67.7,4,0,168.97501211929227,50.1,10.4,1,1,0,10,36,10.9,260.5,47,1.7,17,0.101,0,0,0,0,31.6,MODERATE,4.1,125,MODERATE_standard
17.9,10,3,494.933210209776,5.7,46.9,2,0,190,40,36,27.7,243.3,48,3.6,9,0.497,0,0,0,1,92.3,CRITICAL,22.3,678,CRITICAL_injunction
81.0,0,0,49.166166387531675,86.5,3.7,0,1,0,15,18,7.1,190.9,21,0.7,13,0.067,0,0,0,1,12.0,LOW,0.5,15,LOW_streamlined
45.3,6,2,217.91752675933026,39.9,22.8,16,1,0,30,36,18.5,506.7,159,2.52,16,0.334,1,1,0,1,53.0,HIGH,13.3,404,HIGH_backlog
60.5,5,0,160.02498713171332,59.3,16.9,0,1,0,17,36,10.3,284.7,58,1.87,12,0.217,0,0,0,1,31.0,MODERATE,5.2,158,MODERATE_standard
52.7,7,2,180.01349189313902,31.3,25.2,10,0,0,28,48,20.8,468.8,108,2.27,15,0.267,0,0,0,1,56.6,HIGH,13.5,410,HIGH_backlog
53.7,7,3,228.5308459660169,34.8,24.5,20,1,52,21,36,23.3,655.0,174,3.0,9,0.313,1,0,0,0,56.7,HIGH,8.9,271,HIGH_backlog
65.8,5,0,120.67733650901127,55.3,16.4,0,1,0,21,36,13.3,130.2,24,1.93,17,0.114,0,0,1,1,27.5,MODERATE,7.4,225,MODERATE_standard
81.2,1,0,35.7918207628295,81.4,4.9,0,1,0,17,18,5.3,104.1,9,0.55,24,0.027,0,0,1,1,12.0,LOW,2.3,70,LOW_streamlined
51.0,8,3,198.87546299071064,35.8,31.3,10,0,117,31,36,16.7,183.1,50,3.53,22,0.431,0,1,0,1,71.6,CRITICAL,25.2,766,HIGH_backlog
53.3,7,2,303.7556409084958,36.6,31.8,37,0,0,30,48,20.6,611.8,186,3.3,19,0.306,0,1,0,0,59.2,HIGH,11.9,362,HIGH_backlog
17.0,18,2,492.9204715249755,13.0,36.9,18,0,134,46,48,22.5,1180.2,376,4.96,6,0.458,0,1,0,1,90.0,CRITICAL,27.7,842,CRITICAL_injunction
54.9,6,2,214.23264133115558,40.9,23.4,15,0,0,23,36,20.0,779.8,212,3.13,23,0.475,0,1,0,0,53.3,HIGH,11.7,356,HIGH_backlog
72.9,2,0,81.70104792041705,58.5,15.5,2,1,0,15,24,11.6,437.3,72,1.89,12,0.087,0,0,1,1,24.6,MODERATE,5.0,152,MODERATE_standard
14.8,14,5,520.8288325468945,23.7,45.8,17,0,251,34,48,28.4,1011.6,346,5.31,21,0.701,0,1,0,0,92.8,CRITICAL,17.9,544,CRITICAL_injunction
54.6,8,1,187.79754152523242,29.1,24.8,8,0,0,27,36,23.9,679.4,124,2.64,18,0.29,0,1,0,0,55.7,HIGH,9.9,301,HIGH_backlog
46.4,8,1,218.71613846109136,43.7,20.1,44,1,80,32,36,19.0,725.3,205,3.08,23,0.413,0,1,0,0,53.0,HIGH,9.4,286,HIGH_backlog
17.8,12,3,493.213811933399,11.0,48.5,17,0,205,28,36,23.9,1125.1,342,4.6,21,0.695,0,1,0,1,92.2,CRITICAL,31.6,961,CRITICAL_injunction
77.3,1,0,26.518602760653582,85.4,3.6,0,1,0,5,30,7.4,70.6,8,0.41,23,0.06,0,0,1,1,12.0,LOW,2.1,64,LOW_streamlined
55.6,8,3,223.44535647879954,40.8,33.2,10,1,85,31,48,22.8,431.3,91,2.71,14,0.312,1,1,0,0,54.5,HIGH,10.7,325,HIGH_backlog
72.4,3,0,107.20053003612198,63.7,17.2,0,1,0,17,24,11.3,246.9,39,1.41,30,0.148,0,0,1,1,21.0,LOW,1.0,30,MODERATE_standard
32.2,18,5,420.38378936178003,5.7,53.8,18,1,317,41,60,27.9,1227.2,360,4.15,23,0.508,0,0,0,1,70.9,CRITICAL,25.6,778,CRITICAL_injunction
59.3,3,0,167.75183980318337,68.0,13.7,1,1,0,14,24,12.1,256.2,52,2.0,21,0.17,0,0,1,1,28.2,MODERATE,3.6,109,MODERATE_standard
14.9,14,3,443.1487824415011,6.9,41.8,9,0,251,25,36,28.0,768.8,189,4.4,17,0.635,0,0,0,0,94.0,CRITICAL,25.9,787,CRITICAL_injunction
41.0,8,1,271.6225754377648,41.2,29.3,5,1,0,19,48,23.1,298.4,71,2.94,26,0.354,0,0,0,0,53.3,HIGH,14.0,426,HIGH_backlog
66.9,2,0,93.31457870322747,50.9,8.7,1,1,0,13,24,12.7,377.6,80,1.72,14,0.137,0,0,0,1,27.9,MODERATE,4.5,137,MODERATE_standard
55.7,8,1,230.56743883322184,31.7,23.6,7,0,0,28,48,21.3,463.4,92,3.43,8,0.351,0,1,0,0,50.5,HIGH,12.4,377,HIGH_backlog
87.6,0,0,36.76426938899146,80.0,7.6,0,1,0,5,30,4.9,232.1,26,0.58,30,0.011,0,0,1,0,12.0,LOW,0.5,15,LOW_streamlined
61.0,4,0,81.03000682626927,61.2,16.7,0,1,0,19,36,12.8,110.5,20,1.35,12,0.207,0,0,1,1,27.9,MODERATE,3.0,91,MODERATE_standard
19.6,12,2,340.78266571138374,15.5,62.7,56,0,182,24,36,32.9,327.0,91,3.85,16,0.621,1,0,0,0,93.1,CRITICAL,29.4,894,CRITICAL_injunction
50.5,6,1,192.94933682930767,43.9,25.5,17,1,45,35,48,21.4,355.8,79,2.69,5,0.321,0,0,0,1,46.9,HIGH,11.5,350,HIGH_backlog
12.2,18,2,299.81623527419794,19.9,63.4,21,0,252,28,48,20.3,1456.3,437,4.04,23,0.575,0,1,0,0,89.3,CRITICAL,17.9,544,CRITICAL_injunction
70.0,4,0,122.93766734495833,69.0,14.0,2,1,0,15,24,15.1,222.7,45,1.87,22,0.124,0,0,1,1,27.2,MODERATE,7.5,228,MODERATE_standard
69.8,2,1,168.98496710826745,69.3,8.5,0,1,0,19,36,9.1,233.5,52,1.66,38,0.159,0,0,0,1,20.8,LOW,2.3,70,MODERATE_standard
86.6,2,0,21.521053530921733,86.8,1.9,0,1,0,5,30,4.3,47.9,2,0.38,47,0.016,0,0,1,1,12.0,LOW,1.2,36,LOW_streamlined
60.4,4,1,61.33380897441563,70.3,15.1,0,1,0,10,24,10.3,93.4,22,1.66,20,0.187,0,0,1,1,27.1,MODERATE,5.8,176,MODERATE_standard
13.0,18,3,340.3794543814446,6.5,57.0,130,0,349,51,36,22.5,1196.5,267,4.71,12,0.694,1,0,0,1,94.0,CRITICAL,16.4,499,CRITICAL_injunction
90.0,0,0,25.262103722159388,84.1,4.0,0,1,0,7,18,6.3,69.9,14,0.46,35,0.061,0,0,1,1,12.0,LOW,2.0,61,LOW_streamlined
44.6,9,1,273.07596700705193,40.9,30.9,3,0,76,37,48,18.1,186.7,47,3.05,15,0.275,1,0,0,1,65.3,HIGH,12.0,365,HIGH_backlog
24.9,18,3,525.0862540430304,10.4,36.9,11,0,345,32,60,24.2,1103.0,230,5.31,16,0.64,0,1,0,0,93.9,CRITICAL,20.0,608,CRITICAL_injunction
52.9,6,1,196.42214125895015,31.7,32.7,17,1,65,27,36,22.5,314.7,76,3.56,21,0.462,0,0,0,0,50.9,HIGH,13.9,423,HIGH_backlog
59.4,3,0,143.79606001696655,61.3,14.6,1,1,0,20,36,13.2,135.3,29,1.16,9,0.178,0,0,0,0,32.1,MODERATE,3.7,112,MODERATE_standard
73.7,2,1,81.5048621916559,52.1,12.9,2,1,0,18,24,15.5,320.0,58,1.76,12,0.206,0,1,0,1,30.2,MODERATE,5.7,173,MODERATE_standard
79.0,0,0,15.836514787482589,83.8,1.2,0,1,0,9,24,4.1,157.0,16,0.64,20,0.07,0,0,0,1,12.0,LOW,1.4,43,LOW_streamlined
53.0,8,3,183.82948166964704,33.4,23.4,19,0,0,32,48,19.4,487.4,137,2.95,24,0.5,0,1,0,0,57.1,HIGH,12.2,371,HIGH_backlog
89.7,0,0,38.70482777508971,78.7,3.6,0,1,0,5,30,5.7,184.4,22,0.83,37,0.056,0,0,0,1,12.0,LOW,1.3,40,LOW_streamlined
58.2,2,1,80.14024217989969,71.2,16.4,0,1,0,18,24,12.4,53.6,10,1.36,12,0.186,0,0,0,0,23.1,LOW,2.3,70,MODERATE_standard
80.0,1,0,57.078499677585974,94.1,6.4,0,1,0,15,24,8.8,220.7,27,0.28,43,0.069,0,0,0,1,12.0,LOW,1.7,52,LOW_streamlined
31.4,18,3,376.81588534245765,14.2,58.8,48,1,216,49,36,23.5,537.1,133,4.18,17,0.601,1,0,0,0,69.1,CRITICAL,27.9,848,CRITICAL_injunction
22.1,10,2,351.30139476063965,21.2,42.3,18,0,271,29,36,22.0,1334.8,366,4.71,20,0.608,0,0,0,0,90.0,CRITICAL,24.5,745,CRITICAL_injunction
42.0,8,2,239.57753784117125,42.8,34.4,6,0,0,24,36,22.5,314.3,79,2.78,23,0.453,0,0,0,1,58.1,HIGH,10.5,319,HIGH_backlog
77.6,1,0,21.17538152862406,89.9,6.7,0,1,0,10,24,4.6,233.1,14,0.77,43,0.022,0,0,1,1,13.0,LOW,0.4,12,LOW_streamlined
59.1,2,0,172.1228271404587,56.9,15.6,0,1,0,11,24,13.8,353.4,52,1.27,20,0.196,0,1,0,1,25.6,MODERATE,5.0,152,MODERATE_standard
32.8,12,4,439.68898735818294,6.1,56.3,14,0,302,44,60,34.4,951.9,290,3.99,23,0.492,0,1,0,0,86.2,CRITICAL,19.1,581,CRITICAL_injunction
80.4,2,0,50.185069949111714,81.8,3.1,0,1,0,13,30,8.4,145.7,11,0.24,35,0.029,0,0,1,1,12.0,LOW,2.3,70,LOW_streamlined
40.0,8,2,240.4308076258736,37.8,35.2,42,0,58,28,36,24.0,708.7,178,3.6,11,0.496,0,0,0,0,66.8,HIGH,9.3,283,HIGH_backlog
68.5,4,0,148.0787449705325,57.0,17.0,0,1,0,22,24,9.6,78.4,15,1.41,7,0.101,0,0,0,1,28.6,MODERATE,3.5,106,MODERATE_standard
64.9,3,0,125.20972521036614,70.3,12.2,1,1,0,9,36,14.1,294.2,37,1.4,26,0.097,0,1,1,1,30.0,MODERATE,3.7,112,MODERATE_standard
50.2,6,2,278.595953374068,48.0,32.7,10,1,0,30,36,18.5,363.9,57,2.66,22,0.398,0,0,0,0,52.2,HIGH,11.6,353,HIGH_backlog
55.3,9,2,315.3746661510379,37.9,30.8,9,1,63,30,36,19.2,337.9,72,2.32,10,0.392,1,0,0,0,54.9,HIGH,14.4,438,HIGH_backlog
59.3,3,0,140.48090521786608,56.5,16.3,0,1,0,9,24,9.3,96.9,14,1.62,26,0.199,0,0,1,1,24.5,MODERATE,6.8,207,MODERATE_standard
67.1,3,0,151.21398038460228,71.0,12.9,0,1,0,8,36,10.2,362.0,56,1.59,13,0.156,0,0,0,1,17.2,LOW,1.7,52,MODERATE_standard
48.2,7,2,295.3321907349488,29.1,21.7,10,1,47,19,36,24.0,398.5,95,3.12,9,0.475,1,0,0,1,52.7,HIGH,11.4,347,HIGH_backlog
19.5,12,5,358.38297829243186,21.2,40.2,128,1,328,29,60,32.0,780.0,244,4.61,4,0.568,1,0,0,1,73.0,CRITICAL,30.4,924,CRITICAL_injunction
23.7,10,3,285.92613280556793,14.4,38.7,11,0,204,43,36,20.8,741.9,230,3.79,17,0.792,0,1,0,0,86.2,CRITICAL,19.7,599,CRITICAL_injunction
93.8,0,0,46.336650490764896,79.2,4.8,0,1,0,9,18,7.0,135.4,16,0.42,25,0.057,0,0,0,1,12.0,LOW,0.2,6,LOW_streamlined
17.3,12,4,328.45343406474393,8.3,61.6,159,0,289,24,60,23.5,773.8,230,3.69,10,0.695,1,0,0,0,92.9,CRITICAL,20.1,611,CRITICAL_injunction
17.0,12,3,293.2603448425351,22.4,36.9,21,0,297,36,60,34.9,1463.3,424,5.46,8,0.786,0,1,0,0,90.4,CRITICAL,22.2,675,CRITICAL_injunction
40.9,8,1,199.06706473516877,25.8,20.6,13,1,58,20,48,19.2,402.7,82,2.69,14,0.482,0,1,0,0,54.5,HIGH,14.0,426,HIGH_backlog
39.8,9,1,183.3691519935346,42.6,20.5,23,0,0,33,48,20.4,391.3,95,2.65,20,0.315,1,0,0,1,56.6,HIGH,13.3,404,HIGH_backlog
54.9,6,2,251.51808084309727,35.8,24.4,6,0,118,22,48,22.2,249.7,50,3.55,17,0.32,1,0,0,0,59.5,HIGH,10.8,328,HIGH_backlog
72.6,2,0,133.38420385603064,50.9,12.2,2,1,0,10,36,14.4,374.9,78,1.77,6,0.103,0,1,1,1,26.2,MODERATE,3.3,100,MODERATE_standard
25.1,12,4,374.5549730430864,12.3,52.2,3,0,148,36,60,32.9,370.4,71,4.67,20,0.617,0,1,0,0,92.9,CRITICAL,21.6,657,CRITICAL_injunction
81.8,0,0,52.15804003327963,89.9,3.8,0,1,0,8,30,5.3,88.3,9,0.29,25,0.027,0,0,1,1,12.0,LOW,1.4,43,LOW_streamlined
49.4,7,1,195.26528925448193,29.8,31.8,13,1,0,37,36,16.6,426.3,109,3.54,28,0.39,0,0,0,0,55.2,HIGH,14.6,444,HIGH_backlog
42.7,7,2,188.55244704165816,30.7,34.9,7,1,87,25,48,20.8,209.7,52,3.03,25,0.333,0,0,0,1,55.7,HIGH,14.3,435,HIGH_backlog
26.3,12,4,362.0728200715998,5.9,62.8,7,0,300,36,60,34.3,629.5,154,4.68,7,0.658,0,1,0,1,93.8,CRITICAL,26.6,809,CRITICAL_injunction
77.7,0,0,49.36317988135138,80.5,2.5,0,1,0,12,18,4.2,45.0,5,0.24,46,0.041,0,0,0,1,12.0,LOW,2.2,67,LOW_streamlined
51.0,7,3,303.5016249066315,34.4,34.1,21,1,40,36,36,19.4,638.3,190,2.32,13,0.453,1,0,0,1,55.4,HIGH,8.9,271,HIGH_backlog
12.7,10,2,357.70362373422904,14.3,50.7,122,0,169,49,60,22.8,849.3,223,3.77,22,0.648,1,0,0,1,91.0,CRITICAL,31.5,958,CRITICAL_injunction
78.6,0,0,11.692475580868413,86.6,3.3,0,1,0,8,18,8.0,198.4,21,0.44,22,0.025,0,0,0,1,12.0,LOW,1.7,52,LOW_streamlined
31.5,18,4,341.99699997008645,8.1,47.0,108,0,157,27,36,34.6,792.6,215,4.6,5,0.473,1,0,0,0,92.6,CRITICAL,26.3,800,CRITICAL_injunction
52.6,8,3,300.71498370749924,34.0,30.0,8,1,0,21,48,17.8,135.9,37,3.05,17,0.374,0,1,0,1,56.7,HIGH,12.8,389,HIGH_backlog
43.3,7,1,277.1558474508926,34.4,20.6,11,1,0,18,48,17.4,578.8,166,2.57,10,0.378,1,0,0,0,50.7,HIGH,10.5,319,HIGH_backlog
88.2,0,0,14.974099069980436,95.9,4.5,0,1,0,8,24,4.3,28.9,4,0.49,47,0.053,0,0,1,1,12.0,LOW,1.5,46,LOW_streamlined
19.4,18,5,412.84180804809534,13.4,63.2,18,0,140,34,48,29.8,1258.1,369,3.93,16,0.485,0,0,0,0,88.8,CRITICAL,24.3,739,CRITICAL_injunction
66.6,2,0,166.40271309481096,58.5,10.3,1,1,0,8,36,11.3,106.3,22,1.82,10,0.181,0,1,0,1,27.6,MODERATE,3.7,112,MODERATE_standard
22.5,18,2,381.5208087736485,11.4,42.3,10,0,137,28,60,33.3,1053.7,219,4.43,9,0.617,0,0,0,0,83.4,CRITICAL,25.8,784,CRITICAL_injunction
46.3,7,2,249.02501445246975,36.0,29.0,7,0,61,32,48,21.7,144.0,35,3.56,9,0.48,0,0,0,1,61.1,HIGH,13.0,395,HIGH_backlog
59.2,2,1,79.80997117050646,61.4,8.3,0,1,0,15,24,12.4,145.5,20,1.44,23,0.109,0,1,0,0,28.3,MODERATE,3.1,94,MODERATE_standard
58.8,4,0,136.41488893544852,54.9,16.2,0,1,0,10,24,13.0,249.2,23,1.96,9,0.172,0,0,0,1,30.7,MODERATE,5.8,176,MODERATE_standard
65.2,3,0,128.7061558144229,51.3,13.6,0,1,0,13,36,12.1,195.9,32,1.26,9,0.202,0,0,0,1,22.2,LOW,1.5,46,MODERATE_standard
47.0,8,1,226.70418630972867,41.6,20.1,20,1,0,26,36,18.4,406.6,102,2.81,22,0.419,0,0,0,1,47.8,HIGH,13.4,407,HIGH_backlog
55.0,7,3,278.7576335403313,29.7,22.1,13,0,0,37,36,23.0,553.7,118,2.35,29,0.277,0,1,0,1,54.8,HIGH,13.7,416,HIGH_backlog
83.6,1,0,16.167117864445302,75.5,0.9,0,1,0,15,24,8.4,221.9,26,0.27,20,0.061,0,0,1,1,12.0,LOW,0.9,27,LOW_streamlined
63.5,2,0,65.42108347927424,63.1,9.4,0,1,0,19,36,12.4,101.1,15,1.97,8,0.126,0,0,0,1,23.0,LOW,1.6,49,MODERATE_standard
63.0,2,1,147.2975149088091,55.3,13.7,0,1,0,12,24,12.5,55.4,9,1.73,21,0.208,0,0,0,1,25.4,MODERATE,6.9,210,MODERATE_standard
40.8,8,3,258.74862030229093,43.2,34.3,10,1,93,34,48,20.6,201.9,45,3.3,5,0.41,0,0,0,0,57.5,HIGH,9.5,289,HIGH_backlog
48.8,9,1,298.078074979244,41.5,23.5,15,1,71,30,48,22.2,746.6,195,3.33,22,0.346,1,0,0,1,54.0,HIGH,10.7,325,HIGH_backlog
70.0,2,1,74.46976756779843,55.0,17.4,0,1,0,17,36,10.7,303.6,32,1.31,13,0.179,0,0,1,1,26.8,MODERATE,6.9,210,MODERATE_standard
26.9,18,4,330.1093075350135,5.5,49.6,24,0,271,50,36,22.6,1465.8,493,4.47,17,0.502,0,0,0,1,94.0,CRITICAL,25.0,760,CRITICAL_injunction
32.4,12,3,462.99261850684223,22.1,61.4,87,0,311,44,60,27.3,991.9,196,4.52,9,0.454,1,0,0,1,89.0,CRITICAL,21.3,648,CRITICAL_injunction
69.3,2,0,173.56421103388055,64.9,17.0,1,1,0,8,24,14.0,447.2,66,1.76,33,0.208,0,0,1,1,26.3,MODERATE,7.2,219,MODERATE_standard
48.3,8,1,287.41395551597697,26.0,33.1,44,0,75,28,36,21.9,770.2,195,2.23,20,0.308,0,1,0,0,62.7,HIGH,9.0,274,HIGH_backlog
50.4,7,1,262.3601113177725,35.6,27.7,15,1,79,29,36,21.0,381.9,66,3.4,25,0.452,0,1,0,1,51.7,HIGH,8.2,249,HIGH_backlog
63.9,2,0,72.39810796284975,55.8,9.0,0,1,0,17,36,11.0,201.0,17,1.41,23,0.122,0,0,1,1,20.5,LOW,0.1,3,MODERATE_standard
70.9,3,0,82.80156497915085,68.4,15.6,0,1,0,11,24,15.8,222.5,23,1.75,8,0.203,0,0,0,0,23.4,LOW,2.5,76,MODERATE_standard
84.3,2,0,29.1593759798447,83.1,6.6,0,1,0,4,30,7.9,98.9,8,0.37,23,0.06,0,0,0,1,12.0,LOW,0.2,6,LOW_streamlined
70.0,4,0,69.18434717757575,56.4,16.4,0,1,0,15,24,11.1,225.6,50,1.82,19,0.093,0,1,0,1,25.4,MODERATE,4.5,137,MODERATE_standard
55.8,7,1,290.1835846659475,27.7,32.5,15,1,85,23,48,17.5,750.3,189,2.22,26,0.273,0,1,0,0,52.8,HIGH,9.3,283,HIGH_backlog
69.9,5,0,104.5649312884577,53.6,15.2,1,1,0,11,24,11.5,264.0,57,1.57,7,0.18,0,1,0,1,35.3,MODERATE,7.1,216,MODERATE_standard
85.1,0,0,46.2750898583665,97.4,5.8,0,1,0,6,18,5.4,246.0,21,0.67,20,0.045,0,0,1,1,12.0,LOW,0.8,24,LOW_streamlined
55.8,6,2,268.64148923753095,26.7,23.5,22,1,0,31,48,20.4,376.3,94,2.42,29,0.418,0,0,0,0,47.0,HIGH,13.5,410,HIGH_backlog
88.0,1,0,19.25451971191566,86.9,1.2,0,1,0,17,24,5.9,141.7,21,0.28,32,0.034,0,0,1,1,12.0,LOW,1.1,33,LOW_streamlined
40.6,7,2,212.1952778612211,31.9,31.4,10,1,0,25,36,21.7,558.2,162,3.55,28,0.374,0,0,0,1,56.8,HIGH,8.8,268,HIGH_backlog
12.2,18,4,485.17358201417983,16.0,39.5,8,0,169,34,48,28.4,621.9,179,4.24,9,0.599,0,1,0,0,89.9,CRITICAL,30.2,918,CRITICAL_injunction
32.6,12,4,457.2464501557371,5.8,49.0,12,0,264,42,36,24.2,1064.5,251,3.92,21,0.551,0,0,0,0,88.4,CRITICAL,18.3,556,CRITICAL_injunction
47.7,7,2,229.36024255112562,36.5,21.9,6,0,0,36,36,20.6,377.0,62,2.62,15,0.428,1,1,0,1,54.3,HIGH,13.6,413,HIGH_backlog
45.0,6,1,314.79120495075483,31.8,34.7,16,0,106,27,36,17.2,503.5,110,2.7,9,0.346,0,1,0,1,64.1,HIGH,12.3,374,HIGH_backlog
56.0,6,2,261.6825994756799,47.5,20.6,4,0,57,29,48,17.7,250.2,66,3.23,25,0.372,0,0,0,0,51.9,HIGH,9.1,277,HIGH_backlog
23.4,12,3,510.70718209749737,17.7,60.0,18,0,320,35,60,25.1,1266.2,366,3.73,5,0.563,0,1,0,0,90.0,CRITICAL,20.0,608,CRITICAL_injunction
62.6,4,1,74.27153494526026,51.8,10.1,0,1,0,22,24,12.3,56.4,13,1.35,30,0.201,0,1,1,1,35.3,MODERATE,6.1,185,MODERATE_standard
39.3,6,1,255.01526803886486,31.3,34.7,26,1,0,20,48,20.7,581.5,128,2.81,27,0.39,0,1,0,0,52.7,HIGH,13.5,410,HIGH_backlog
35.8,12,3,337.7006737757496,13.2,57.3,101,1,147,47,48,34.5,658.3,165,4.82,14,0.759,1,0,0,1,69.9,CRITICAL,24.2,736,CRITICAL_injunction
46.4,7,2,294.8413246278569,37.0,30.0,15,0,108,30,48,16.0,425.1,69,3.52,4,0.484,0,0,0,1,65.6,HIGH,8.1,246,HIGH_backlog
67.3,3,0,78.85820915982598,54.7,8.2,1,1,0,23,36,15.7,436.9,66,1.99,27,0.201,0,0,1,1,24.5,MODERATE,3.0,91,MODERATE_standard
49.2,7,1,311.1099040422034,37.1,35.7,13,1,70,36,36,23.4,753.7,183,3.53,4,0.427,1,0,0,1,58.4,HIGH,11.2,340,HIGH_backlog
65.0,2,0,168.60587224655052,58.1,16.6,0,1,0,22,24,9.5,376.9,43,1.32,7,0.186,0,0,1,0,22.9,LOW,2.2,67,MODERATE_standard
90.3,2,0,18.454648620408722,78.6,2.3,0,1,0,5,30,7.1,77.8,8,0.29,46,0.042,0,0,1,1,12.0,LOW,1.3,40,LOW_streamlined
26.0,12,5,353.80996736250336,18.2,45.7,9,0,144,44,48,20.0,769.4,197,4.99,15,0.471,0,1,0,0,91.9,CRITICAL,23.6,717,CRITICAL_injunction
19.0,14,5,445.22876657227096,16.5,36.8,9,0,344,34,48,22.7,519.0,185,4.92,9,0.752,0,0,0,0,92.5,CRITICAL,30.2,918,CRITICAL_injunction
52.0,7,1,282.3341268253245,37.0,24.6,18,0,0,35,48,21.0,770.4,169,2.85,12,0.267,1,0,0,0,53.7,HIGH,14.0,426,HIGH_backlog
17.5,10,4,504.42614333879874,19.2,64.8,49,0,297,41,36,21.2,325.1,103,5.13,22,0.625,1,0,0,0,94.0,CRITICAL,26.4,803,CRITICAL_injunction
23.0,10,3,456.6301459538163,19.4,37.1,12,0,203,25,60,30.9,948.3,257,5.22,16,0.505,0,1,0,0,89.8,CRITICAL,27.7,842,CRITICAL_injunction
91.7,0,0,56.262705303126,87.0,1.3,0,1,0,14,18,5.0,174.8,17,0.86,27,0.071,0,0,1,1,12.0,LOW,0.7,21,LOW_streamlined
85.0,0,0,13.572946486643064,87.6,6.2,0,1,0,5,30,8.9,190.1,29,0.58,28,0.015,0,0,0,1,12.0,LOW,0.7,21,LOW_streamlined
20.1,14,2,344.88180644242357,23.6,35.9,4,0,234,28,60,30.8,371.5,96,4.77,11,0.641,0,1,0,1,87.1,CRITICAL,26.1,793,CRITICAL_injunction
69.8,5,1,146.82632452427748,53.5,12.4,0,1,0,9,24,12.1,80.6,21,1.68,27,0.099,0,0,0,0,27.4,MODERATE,6.7,204,MODERATE_standard
48.0,8,2,282.46983667031805,34.4,34.0,11,1,59,19,36,20.8,751.0,171,2.42,23,0.322,1,1,0,0,60.6,HIGH,13.7,416,HIGH_backlog
69.1,3,1,105.72251957804349,70.8,11.7,0,1,0,19,36,12.7,244.9,44,1.63,25,0.173,0,0,1,1,22.1,LOW,0.2,6,MODERATE_standard
14.0,14,3,341.961116317655,21.1,51.8,23,0,351,48,60,21.4,1481.3,464,3.56,11,0.657,0,0,0,1,92.5,CRITICAL,21.6,657,CRITICAL_injunction
63.1,2,0,84.12775774943009,68.6,13.9,2,1,0,15,36,15.1,405.0,63,1.96,34,0.085,0,0,0,1,31.0,MODERATE,4.0,122,MODERATE_standard
45.8,7,2,283.9242360323078,46.4,34.9,13,0,110,31,48,22.0,607.8,143,2.31,13,0.336,0,1,0,0,68.1,CRITICAL,28.3,860,HIGH_backlog
30.3,12,2,454.0503056617486,9.9,63.9,6,0,234,33,48,23.2,447.4,123,4.14,18,0.759,0,0,0,0,91.8,CRITICAL,20.0,608,CRITICAL_injunction
65.6,3,0,126.02624594323181,55.4,15.7,1,1,0,21,36,12.6,164.6,30,1.31,36,0.212,0,1,1,1,33.7,MODERATE,6.5,198,MODERATE_standard
72.3,4,0,174.95844137126406,67.8,10.1,0,1,0,19,24,12.5,444.1,42,1.51,26,0.11,0,0,0,0,20.8,LOW,2.0,61,MODERATE_standard
93.2,0,0,39.18216636349585,79.5,6.1,0,1,0,10,18,6.8,25.5,7,0.58,46,0.058,0,0,1,1,12.0,LOW,1.5,46,LOW_streamlined
59.8,5,1,110.47220651760287,63.6,14.9,0,1,0,8,24,15.1,105.2,15,1.14,6,0.115,0,0,0,1,30.4,MODERATE,4.2,128,MODERATE_standard
65.5,3,1,139.59743787379,69.9,16.1,1,1,0,8,24,10.5,245.8,39,1.6,31,0.173,0,0,0,1,31.5,MODERATE,5.4,164,MODERATE_standard
64.0,2,1,173.9591841142601,59.1,14.2,2,1,0,22,36,15.9,399.2,59,1.14,7,0.2,0,0,0,1,26.5,MODERATE,5.5,167,MODERATE_standard
43.6,9,3,228.85520758392423,40.2,24.7,26,0,75,26,36,18.4,616.1,131,2.31,9,0.392,0,0,0,0,60.1,HIGH,9.2,280,HIGH_backlog
29.9,10,2,414.64509581055614,8.2,56.7,12,0,197,30,36,33.5,1099.6,247,3.57,9,0.757,0,1,0,0,88.2,CRITICAL,27.6,839,CRITICAL_injunction
43.2,6,1,310.41343012079005,32.5,24.5,29,1,85,29,48,18.1,791.0,208,2.2,6,0.458,0,0,0,1,49.5,HIGH,10.6,322,HIGH_backlog
49.1,6,1,204.39004354374217,47.3,23.9,9,0,84,18,36,22.9,241.4,48,3.03,7,0.296,0,1,0,1,61.9,HIGH,14.4,438,HIGH_backlog
16.3,12,3,416.1624153098645,15.5,43.4,166,1,122,47,48,33.6,1459.5,446,4.38,7,0.565,1,0,0,0,76.1,CRITICAL,31.2,948,CRITICAL_injunction
28.7,14,5,498.8329229287799,5.8,46.4,40,0,323,37,48,31.4,238.8,80,5.11,3,0.469,1,0,0,1,93.5,CRITICAL,25.5,775,CRITICAL_injunction
16.9,12,2,293.7366488487457,10.8,58.6,10,0,149,39,48,25.1,662.5,204,5.18,9,0.667,0,0,0,0,94.0,CRITICAL,29.7,903,CRITICAL_injunction
39.4,6,3,305.57703340859246,39.2,33.2,19,0,0,24,48,22.2,770.2,177,2.74,15,0.357,0,0,0,0,61.7,HIGH,10.3,313,HIGH_backlog
49.7,8,1,280.986713966628,47.7,20.8,4,0,63,23,48,16.5,461.0,67,2.46,14,0.309,0,0,0,0,54.9,HIGH,10.0,304,HIGH_backlog
87.6,0,0,53.74552199825979,87.2,2.8,0,1,0,15,24,6.7,21.3,4,0.75,40,0.061,0,0,1,1,12.0,LOW,0.6,18,LOW_streamlined
32.3,10,2,298.7561925366461,6.3,55.4,152,0,300,24,60,27.7,918.5,223,4.14,15,0.55,1,0,0,1,92.3,CRITICAL,27.0,821,CRITICAL_injunction
90.7,0,0,45.75639469412843,84.2,0.8,0,1,0,16,18,5.5,238.0,40,0.4,31,0.047,0,0,0,1,12.0,LOW,1.8,55,LOW_streamlined
33.1,10,2,518.7523314577737,11.1,36.0,14,0,281,44,60,27.3,999.5,287,4.45,16,0.602,0,0,0,1,84.1,CRITICAL,26.7,812,CRITICAL_injunction
80.3,1,0,50.7436829687559,77.0,0.9,0,1,0,8,24,6.5,173.2,6,0.42,36,0.018,0,0,0,1,12.0,LOW,0.4,12,LOW_streamlined
44.4,8,3,299.0053901633977,46.6,20.1,8,1,0,31,48,17.2,482.7,99,3.33,20,0.314,0,1,0,0,56.5,HIGH,9.2,280,HIGH_backlog
19.7,12,2,423.59459221254775,11.0,35.3,12,0,311,30,36,22.2,837.6,254,5.42,11,0.603,0,1,0,0,91.9,CRITICAL,22.3,678,CRITICAL_injunction
43.8,9,3,253.817226496018,40.3,34.2,5,1,0,21,36,19.6,158.4,36,3.52,7,0.288,1,1,0,1,65.6,HIGH,13.8,420,HIGH_backlog
44.3,8,1,190.48488903767398,33.2,27.6,18,1,90,18,36,20.6,773.7,160,2.95,23,0.299,1,0,0,1,56.9,HIGH,8.9,271,HIGH_backlog
19.2,10,3,314.98924172609384,6.7,61.6,119,1,352,34,36,27.4,980.8,270,3.71,3,0.707,1,0,0,1,76.4,CRITICAL,27.2,827,CRITICAL_injunction
58.5,4,1,158.997944442449,52.2,10.0,0,1,0,18,36,11.2,174.9,35,1.87,7,0.176,0,0,0,1,27.5,MODERATE,3.1,94,MODERATE_standard
62.6,4,0,70.67441273375252,64.8,11.2,0,1,0,21,36,14.2,274.4,36,1.48,36,0.115,0,0,0,1,22.3,LOW,0.6,18,MODERATE_standard
73.1,4,0,120.55259233512544,68.7,12.8,0,1,0,21,36,13.0,155.1,21,1.8,21,0.151,0,0,1,1,24.2,MODERATE,3.2,97,MODERATE_standard
21.4,10,3,408.029953358409,10.1,38.5,21,0,137,46,60,22.9,1319.1,437,5.44,23,0.57,0,1,0,1,94.0,CRITICAL,18.5,562,CRITICAL_injunction
73.9,3,1,63.87043101050554,71.3,17.2,3,1,0,15,24,15.8,416.7,84,1.27,39,0.144,0,0,1,1,26.0,MODERATE,7.1,216,MODERATE_standard
85.2,0,0,31.86389108088202,91.8,4.0,0,1,0,13,24,8.9,88.6,14,0.66,25,0.022,0,0,1,1,12.0,LOW,2.5,76,LOW_streamlined
95.1,0,0,36.29034237426704,82.3,1.9,0,1,0,9,30,4.3,99.2,12,0.88,22,0.014,0,0,0,1,12.0,LOW,1.0,30,LOW_streamlined
59.7,2,0,91.63443239807197,65.3,11.4,0,1,0,13,24,12.9,215.4,42,1.89,10,0.1,0,0,0,1,23.2,LOW,0.8,24,MODERATE_standard
20.1,12,3,366.85793751543247,7.2,51.8,7,1,201,25,60,25.9,726.6,147,3.76,6,0.769,0,0,0,0,75.3,CRITICAL,31.9,970,CRITICAL_injunction
75.3,2,0,54.2963782047327,85.8,4.8,0,1,0,10,24,8.5,80.8,8,0.75,20,0.05,0,0,1,1,13.9,LOW,1.2,36,LOW_streamlined
39.9,6,1,297.3171994293038,46.8,33.0,14,1,59,37,36,22.1,646.9,203,3.07,20,0.479,0,0,0,0,54.2,HIGH,9.0,274,HIGH_backlog
56.0,6,1,251.83391947845135,45.4,27.6,18,0,55,25,48,17.6,381.2,100,2.79,17,0.41,1,1,0,1,57.4,HIGH,11.5,350,HIGH_backlog
49.7,7,1,256.75537991005797,25.5,21.6,10,1,0,37,48,23.6,213.7,44,2.21,13,0.451,0,0,0,0,46.9,HIGH,8.3,252,HIGH_backlog
25.2,14,3,504.6223688641213,9.1,45.3,36,0,300,46,48,31.9,345.7,79,4.61,19,0.758,1,0,0,1,92.2,CRITICAL,24.8,754,CRITICAL_injunction
83.5,2,0,24.76355329108982,79.5,5.7,0,1,0,15,18,4.0,29.3,5,0.26,20,0.022,0,0,1,1,12.0,LOW,1.4,43,LOW_streamlined
24.7,12,2,399.01038994644256,15.3,52.9,161,1,233,36,48,34.5,841.1,256,3.61,5,0.671,1,0,0,0,73.5,CRITICAL,23.7,720,CRITICAL_injunction
59.7,3,0,148.5263807919605,63.5,17.4,0,1,0,19,36,10.9,208.2,24,1.5,26,0.2,0,0,0,0,26.4,MODERATE,6.0,182,MODERATE_standard
42.6,7,2,209.56273410968436,40.4,29.4,47,1,0,37,36,20.9,769.3,208,3.49,21,0.413,1,1,0,0,64.8,HIGH,9.1,277,HIGH_backlog
55.9,9,1,270.53757314529344,41.8,31.1,27,0,75,29,48,19.4,788.7,147,2.33,27,0.484,1,1,0,0,64.9,HIGH,9.6,292,HIGH_backlog
93.0,1,0,22.310978486985093,95.1,2.0,0,1,0,17,18,8.2,179.1,12,0.26,37,0.08,0,0,1,1,12.0,LOW,1.2,36,LOW_streamlined
85.0,0,0,50.88729761018507,83.6,4.3,0,1,0,16,18,8.6,104.9,12,0.42,27,0.035,0,0,1,0,12.0,LOW,2.4,73,LOW_streamlined
52.9,8,2,215.5221954912246,26.6,33.6,3,0,85,34,36,18.8,117.3,33,2.54,6,0.264,0,0,0,1,62.9,HIGH,11.9,362,HIGH_backlog
95.4,0,0,27.94707021934786,96.4,7.3,0,1,0,13,30,7.8,72.3,4,0.58,41,0.059,0,0,1,1,12.0,LOW,0.2,6,LOW_streamlined
88.8,2,0,30.374598843875752,75.9,7.0,0,1,0,10,24,4.6,122.1,24,0.43,40,0.05,0,0,1,1,12.0,LOW,0.2,6,LOW_streamlined
15.4,18,2,475.1338292859758,11.1,60.8,19,1,202,32,48,30.2,1492.1,389,4.6,7,0.758,0,0,0,0,76.9,CRITICAL,28.6,869,CRITICAL_injunction
77.2,0,0,40.707045661692405,92.6,2.4,0,1,0,14,30,7.0,203.5,27,0.38,39,0.045,0,0,1,1,12.0,LOW,1.6,49,LOW_streamlined
59.9,5,0,165.6111497424086,55.5,10.9,0,1,0,10,24,11.8,130.4,21,1.61,29,0.086,0,0,1,1,23.9,LOW,0.1,3,MODERATE_standard
85.6,1,0,12.75521288989286,88.0,1.6,0,1,0,15,24,5.1,160.4,12,0.59,12,0.023,0,0,1,1,12.0,LOW,1.6,49,LOW_streamlined
79.5,1,0,31.16269598663815,77.1,5.5,0,1,0,15,24,8.6,160.6,18,0.34,14,0.047,0,0,0,0,13.3,LOW,0.5,15,LOW_streamlined
73.9,3,0,104.27424868250347,51.0,11.3,2,1,0,17,24,13.4,410.8,51,1.34,12,0.143,0,0,0,0,25.8,MODERATE,4.7,143,MODERATE_standard
76.4,0,0,58.37852678600936,90.1,2.1,0,1,0,5,30,6.7,116.4,14,0.6,46,0.043,0,0,0,1,12.0,LOW,0.1,3,LOW_streamlined
51.9,7,1,180.32769626539977,43.9,23.3,2,1,48,25,48,20.1,100.7,27,2.24,10,0.291,1,1,0,1,47.9,HIGH,13.7,416,HIGH_backlog
61.2,4,0,157.30656733878178,50.1,17.6,1,1,0,13,24,15.0,409.5,61,1.38,36,0.219,0,0,1,0,36.7,MODERATE,5.4,164,MODERATE_standard
52.7,6,2,239.9611586853978,42.8,21.7,22,1,0,27,48,21.8,619.0,158,3.27,27,0.424,0,0,0,0,46.9,HIGH,8.7,264,HIGH_backlog
50.9,8,3,192.3590005156669,44.3,33.9,15,1,0,24,48,19.9,742.5,194,2.38,6,0.278,0,0,0,1,52.5,HIGH,11.4,347,HIGH_backlog
20.0,10,3,415.8946623344033,23.9,61.1,10,0,223,41,36,30.2,647.9,207,4.22,3,0.611,0,0,0,0,92.5,CRITICAL,30.6,930,CRITICAL_injunction
62.3,3,0,132.9554310919376,55.8,9.0,0,1,0,16,36,11.5,245.3,37,1.27,36,0.161,0,0,1,1,27.5,MODERATE,4.5,137,MODERATE_standard
59.7,3,0,162.62261746675256,59.4,17.0,2,1,0,12,24,12.4,426.2,79,1.73,7,0.081,0,0,0,0,30.3,MODERATE,5.8,176,MODERATE_standard
92.4,1,0,59.60462468531887,79.2,4.5,0,1,0,6,30,5.1,190.9,18,0.53,15,0.028,0,0,1,1,12.0,LOW,1.4,43,LOW_streamlined
15.9,10,5,405.6334494234851,20.0,62.1,46,0,250,24,36,31.5,282.7,85,4.82,3,0.77,1,0,0,0,93.3,CRITICAL,27.0,821,CRITICAL_injunction
16.9,14,5,290.89765935887806,8.4,39.8,23,1,120,49,48,20.9,1430.1,474,3.68,8,0.525,0,0,0,0,70.2,CRITICAL,32.0,973,CRITICAL_injunction
75.7,0,0,29.39255362487376,75.1,1.3,0,1,0,4,24,4.3,56.7,7,0.25,39,0.012,0,0,0,0,12.0,LOW,2.2,67,LOW_streamlined
30.8,10,3,482.02436286405896,24.0,64.8,112,0,236,45,36,21.5,675.9,198,4.44,23,0.603,1,0,0,1,88.5,CRITICAL,22.4,681,CRITICAL_injunction
43.1,6,2,277.1904681874898,37.9,28.5,3,0,0,27,36,19.7,155.6,46,2.28,8,0.481,0,1,0,0,56.3,HIGH,9.0,274,HIGH_backlog
51.0,6,1,210.57675340491508,38.5,25.5,23,0,93,24,36,21.1,674.5,153,2.24,22,0.445,0,0,0,1,54.1,HIGH,12.1,368,HIGH_backlog
35.0,14,3,298.47844891168296,15.8,42.6,7,0,357,30,36,24.3,573.0,158,3.51,19,0.538,0,0,0,0,85.4,CRITICAL,30.6,930,CRITICAL_injunction
38.0,8,1,210.76149415789297,28.2,21.2,9,1,0,23,36,22.3,192.6,48,2.34,29,0.456,0,1,0,1,54.0,HIGH,8.9,271,HIGH_backlog
94.9,1,0,37.56781533871486,77.3,0.8,0,1,0,14,18,5.2,124.9,17,0.34,33,0.055,0,0,0,1,12.0,LOW,1.8,55,LOW_streamlined
13.1,10,2,340.9387134886529,13.1,49.2,103,1,164,49,36,32.9,702.2,174,4.95,5,0.766,1,0,0,0,80.3,CRITICAL,20.0,608,CRITICAL_injunction
61.8,4,0,150.42752677959055,56.3,16.8,2,1,0,21,24,11.4,290.4,48,1.23,11,0.103,0,0,0,1,31.0,MODERATE,4.0,122,MODERATE_standard
51.8,6,2,285.776624797895,41.0,23.2,1,1,0,35,48,20.2,140.6,25,3.08,11,0.355,0,0,0,1,51.3,HIGH,13.1,398,HIGH_backlog
90.2,0,0,38.11370771636312,88.1,0.2,0,1,0,10,24,7.2,223.6,26,0.23,31,0.076,0,0,0,1,12.0,LOW,1.9,58,LOW_streamlined
40.1,6,1,261.6679202745991,39.2,29.5,12,1,0,30,48,21.0,338.3,81,2.35,6,0.253,0,0,0,0,55.6,HIGH,14.5,441,HIGH_backlog
22.9,14,2,508.21344347394245,14.1,42.0,17,1,326,37,36,28.8,1100.5,355,5.18,11,0.562,0,0,0,0,74.6,CRITICAL,27.8,845,CRITICAL_injunction
80.5,1,0,13.958982846177356,77.7,4.6,0,1,0,7,30,6.9,240.1,26,0.89,43,0.069,0,0,1,1,12.0,LOW,2.3,70,LOW_streamlined
47.5,6,2,192.4836151799517,25.6,23.5,9,0,44,19,36,19.2,369.8,85,3.33,28,0.407,1,1,0,0,59.7,HIGH,13.0,395,HIGH_backlog
19.3,10,5,291.9050836741252,16.3,58.2,189,1,224,50,60,26.3,1368.5,261,4.82,2,0.689,1,0,0,0,78.2,CRITICAL,21.2,644,CRITICAL_injunction
20.6,12,2,450.8542262578525,23.7,57.5,107,0,120,32,36,20.8,568.6,169,4.39,2,0.565,1,0,0,1,83.3,CRITICAL,20.8,632,CRITICAL_injunction
87.9,0,0,46.24643991727331,87.4,6.5,0,1,0,17,30,5.6,84.8,7,0.65,30,0.061,0,0,1,1,12.0,LOW,1.7,52,LOW_streamlined
49.1,8,2,260.78340454049743,29.8,21.0,7,0,56,24,48,20.3,118.8,32,3.2,21,0.367,0,0,0,1,57.3,HIGH,12.6,383,HIGH_backlog
86.4,0,0,27.376588415800114,95.9,5.2,0,1,0,5,18,4.6,225.2,19,0.5,25,0.052,0,0,1,1,12.0,LOW,2.4,73,LOW_streamlined
72.0,3,0,113.4688983567344,58.9,17.6,1,1,0,10,24,13.3,421.5,70,1.87,20,0.178,0,1,0,1,28.7,MODERATE,6.9,210,MODERATE_standard
58.5,5,0,66.40540377161933,57.9,13.3,0,1,0,13,24,10.7,78.4,22,1.3,31,0.089,0,0,1,1,26.3,MODERATE,6.0,182,MODERATE_standard
60.4,3,0,120.41264481825209,50.6,10.6,0,1,0,12,24,11.2,99.5,18,1.98,27,0.204,0,0,1,1,28.7,MODERATE,4.2,128,MODERATE_standard
53.5,9,1,207.2642342174791,31.1,20.0,22,1,86,28,36,20.4,432.8,93,3.5,16,0.487,0,0,0,1,52.7,HIGH,10.8,328,HIGH_backlog
38.3,8,2,316.32550538284056,34.6,28.4,2,1,70,27,36,20.1,157.4,31,3.39,21,0.487,0,1,0,0,63.0,HIGH,9.8,298,HIGH_backlog
15.5,18,5,395.19213367531916,17.3,61.3,15,0,291,49,36,32.4,1028.6,305,4.01,12,0.541,0,1,0,1,94.0,CRITICAL,27.2,827,CRITICAL_injunction
71.3,3,0,128.12495867922792,70.6,15.6,3,1,0,9,24,12.8,446.7,74,1.38,11,0.18,0,0,1,0,27.5,MODERATE,5.3,161,MODERATE_standard
50.8,6,1,270.27687711841605,33.4,22.6,18,1,0,37,36,21.4,403.4,106,2.43,26,0.296,1,0,0,0,49.9,HIGH,14.5,441,HIGH_backlog
22.7,12,3,382.6658151733146,12.3,45.6,157,0,197,41,48,23.3,968.4,312,3.92,8,0.79,1,0,0,1,93.2,CRITICAL,16.2,492,CRITICAL_injunction
13.7,18,3,422.6795464657431,23.6,39.3,10,1,170,25,60,23.5,1006.9,216,4.96,15,0.626,0,0,0,0,73.6,CRITICAL,16.9,514,CRITICAL_injunction
41.9,6,3,299.1672077419775,47.3,34.5,10,0,0,20,36,19.1,661.0,186,3.11,8,0.269,1,1,0,0,64.2,HIGH,8.5,258,HIGH_backlog
63.6,2,1,144.95326480014313,54.8,8.8,0,1,0,8,36,12.2,353.7,76,1.94,13,0.214,0,0,1,1,27.5,MODERATE,6.6,201,MODERATE_standard
78.3,0,0,28.107128310740485,80.1,1.0,0,1,0,5,18,5.4,168.4,15,0.34,21,0.055,0,0,0,1,13.0,LOW,0.6,18,LOW_streamlined
66.9,3,1,85.4550068794526,68.1,11.5,1,1,0,13,24,13.5,206.8,39,1.58,26,0.131,0,0,0,1,27.6,MODERATE,6.2,188,MODERATE_standard
53.3,9,2,220.5300345657733,34.4,35.6,13,1,0,20,36,20.2,591.5,122,2.76,28,0.354,0,0,0,1,56.6,HIGH,14.7,447,HIGH_backlog
64.1,5,0,152.45403251053108,53.3,10.8,1,1,0,20,24,11.7,328.9,44,1.52,10,0.097,0,0,1,1,30.9,MODERATE,6.2,188,MODERATE_standard
63.6,4,1,140.55737850002532,55.9,17.5,1,1,0,11,24,14.5,293.3,53,1.99,17,0.116,0,0,1,1,32.9,MODERATE,3.2,97,MODERATE_standard
39.8,7,3,254.38102231218744,25.9,29.2,12,1,45,32,48,19.9,301.5,63,2.92,24,0.496,1,0,0,1,61.8,HIGH,12.5,380,HIGH_backlog
46.9,9,1,294.5878695688221,39.7,24.9,3,0,0,25,48,17.8,211.1,23,3.52,5,0.371,0,0,0,0,58.2,HIGH,13.9,423,HIGH_backlog
84.1,0,0,26.04931525697936,90.5,6.0,0,1,0,5,24,7.3,166.5,28,0.7,38,0.021,0,0,1,1,12.0,LOW,1.3,40,LOW_streamlined
48.5,9,2,266.46973230355405,34.1,30.5,16,1,57,35,36,16.9,344.5,104,2.92,25,0.469,1,0,0,0,57.4,HIGH,12.3,374,HIGH_backlog
51.8,7,2,275.61449684304745,27.0,32.3,14,0,0,22,48,19.3,781.2,191,3.49,28,0.294,0,0,0,0,60.0,HIGH,9.0,274,HIGH_backlog
69.7,5,0,84.4415236461746,52.7,11.7,0,1,0,20,24,12.9,82.9,16,1.81,13,0.169,0,0,1,1,24.8,MODERATE,6.9,210,MODERATE_standard
38.8,6,3,276.5857356968171,32.5,27.6,14,1,0,34,48,20.1,474.0,120,2.22,24,0.452,1,0,0,0,58.1,HIGH,10.6,322,HIGH_backlog
43.2,9,3,259.84151818022923,27.1,28.5,14,0,82,34,48,21.0,307.4,89,3.22,12,0.327,0,0,0,0,64.7,HIGH,12.1,368,HIGH_backlog
59.3,3,0,95.53011770257604,50.8,9.5,1,1,0,13,36,9.8,322.5,42,1.63,29,0.142,0,0,1,0,28.0,MODERATE,4.2,128,MODERATE_standard
62.7,4,0,154.4100727259938,66.5,16.5,0,1,0,14,24,14.9,162.3,22,2.0,32,0.2,0,0,0,1,30.0,MODERATE,5.6,170,MODERATE_standard
54.3,7,1,294.70350865297047,35.7,22.6,6,1,72,24,36,20.8,204.0,59,3.34,12,0.326,0,0,0,0,51.4,HIGH,15.0,456,HIGH_backlog
35.2,10,2,284.4967170516925,10.1,37.7,9,0,323,38,48,23.6,702.9,186,4.15,20,0.503,0,0,0,1,86.8,CRITICAL,21.7,660,CRITICAL_injunction
20.9,10,4,413.09228297696745,10.1,48.4,118,0,337,31,60,23.4,1499.6,338,5.29,23,0.554,1,0,0,0,94.0,CRITICAL,20.4,620,CRITICAL_injunction
54.4,8,3,277.2088311970888,39.8,29.2,19,1,116,18,36,21.0,422.7,123,3.27,18,0.278,0,0,0,0,53.6,HIGH,12.0,365,HIGH_backlog
39.3,7,2,214.09923069493033,36.8,33.6,7,1,71,32,36,23.5,644.3,119,3.47,8,0.3,1,1,0,1,69.9,CRITICAL,25.3,769,HIGH_backlog
77.9,0,0,56.269180445264325,90.7,3.6,0,1,0,13,30,5.1,87.7,18,0.88,29,0.08,0,0,1,1,12.0,LOW,1.3,40,LOW_streamlined
53.8,6,1,213.4489043728824,32.8,25.9,14,1,85,32,48,21.9,448.8,120,3.58,6,0.309,1,0,0,1,52.0,HIGH,14.8,450,HIGH_backlog
27.6,14,4,528.2249533512977,6.0,42.0,71,1,257,45,60,33.8,642.4,132,3.91,15,0.662,1,0,0,1,74.0,CRITICAL,19.1,581,CRITICAL_injunction
87.1,1,0,32.65870450631667,75.9,4.3,0,1,0,12,30,5.9,217.3,27,0.64,29,0.03,0,0,1,1,12.0,LOW,0.3,9,LOW_streamlined
17.2,18,3,331.5512548509317,15.3,64.9,18,0,237,48,48,34.6,1397.0,363,5.12,18,0.702,0,0,0,0,94.0,CRITICAL,31.9,970,CRITICAL_injunction
68.9,3,1,104.1598978131511,58.9,10.1,0,1,0,19,36,14.3,122.5,13,1.59,38,0.217,0,0,0,1,25.6,MODERATE,7.1,216,MODERATE_standard
79.4,1,0,27.78032526954747,92.0,4.3,0,1,0,16,18,7.3,111.5,13,0.51,41,0.056,0,0,0,1,12.5,LOW,2.3,70,LOW_streamlined
85.9,1,0,13.16546602540263,84.5,4.1,0,1,0,11,24,5.9,166.3,22,0.61,44,0.054,0,0,1,1,12.0,LOW,1.7,52,LOW_streamlined
79.3,2,0,37.07136156063463,80.6,7.3,0,1,0,9,30,6.5,190.7,8,0.53,43,0.067,0,0,1,1,17.1,LOW,0.6,18,LOW_streamlined
22.2,10,5,328.8431336487191,10.7,46.5,12,0,242,31,48,33.9,825.7,250,3.54,6,0.625,0,0,0,1,90.3,CRITICAL,19.4,590,CRITICAL_injunction
68.5,3,1,73.2388982210934,52.5,14.9,1,1,0,23,36,14.9,170.7,27,1.62,19,0.21,0,0,1,1,30.0,MODERATE,5.1,155,MODERATE_standard
52.5,7,1,269.4511159399846,29.4,27.0,19,0,112,32,48,18.9,461.4,114,2.87,18,0.43,0,0,0,0,61.8,HIGH,13.7,416,HIGH_backlog
89.7,1,0,26.67036499556239,77.1,1.0,0,1,0,6,30,4.8,111.6,15,0.89,43,0.022,0,0,1,0,12.0,LOW,0.9,27,LOW_streamlined
82.8,0,0,36.90859765564683,90.7,6.9,0,1,0,10,18,8.4,90.8,14,0.66,25,0.04,0,0,1,0,13.1,LOW,1.8,55,LOW_streamlined
31.9,12,3,351.0568235961032,6.8,39.7,153,0,159,25,48,28.6,1078.7,208,4.72,16,0.728,1,0,0,0,92.0,CRITICAL,16.7,508,CRITICAL_injunction
27.2,12,3,399.3686582728273,21.5,46.1,13,0,308,38,36,32.3,1195.3,271,5.31,7,0.769,0,1,0,1,90.5,CRITICAL,30.0,912,CRITICAL_injunction
94.9,0,0,57.38988160135724,84.5,5.7,0,1,0,5,24,5.2,201.4,28,0.58,20,0.061,0,0,1,1,12.0,LOW,2.4,73,LOW_streamlined
70.1,4,1,74.85202067090285,53.0,8.9,1,1,0,18,24,12.0,397.7,80,1.38,11,0.141,0,1,0,0,33.3,MODERATE,6.7,204,MODERATE_standard
39.5,6,3,290.1261612762389,28.5,31.1,7,0,0,34,36,18.1,200.3,62,2.8,26,0.381,0,0,0,1,57.7,HIGH,9.1,277,HIGH_backlog
92.1,0,0,57.68034146973407,89.0,0.9,0,1,0,10,24,8.0,131.1,6,0.49,40,0.039,0,0,1,1,12.0,LOW,0.7,21,LOW_streamlined
52.3,7,3,191.74045840684983,25.8,28.8,11,0,0,32,48,19.9,273.7,71,3.17,13,0.278,0,0,0,0,60.1,HIGH,10.3,313,HIGH_backlog
71.5,5,1,146.22078563970578,54.1,8.3,0,1,0,20,24,10.0,101.4,15,1.1,26,0.201,0,0,0,1,23.4,LOW,0.2,6,MODERATE_standard
17.6,12,3,399.15580132543215,7.1,47.8,5,0,342,48,60,33.6,406.2,105,3.64,11,0.562,0,1,0,1,90.5,CRITICAL,28.1,854,CRITICAL_injunction
21.9,12,2,425.80885103714814,15.2,61.1,15,0,350,27,36,20.2,1025.6,319,5.39,6,0.651,0,0,0,1,94.0,CRITICAL,29.1,885,CRITICAL_injunction
20.1,14,4,371.31391705586975,10.0,55.8,167,1,292,27,36,22.1,1272.5,386,4.05,15,0.772,1,0,0,0,76.3,CRITICAL,22.6,687,CRITICAL_injunction
73.4,4,1,149.3992570415961,67.2,17.9,2,1,0,19,36,13.0,395.8,68,1.33,30,0.15,0,0,0,0,28.1,MODERATE,3.0,91,MODERATE_standard
58.5,3,0,162.6950028615501,53.4,17.4,1,1,0,11,36,14.4,434.7,49,1.27,33,0.128,0,0,0,0,31.0,MODERATE,4.2,128,MODERATE_standard
83.7,0,0,25.027216641582648,84.8,5.0,0,1,0,14,30,6.9,162.1,27,0.62,39,0.045,0,0,0,1,12.0,LOW,2.1,64,LOW_streamlined
48.6,6,2,195.7153716403516,29.0,29.7,36,1,0,33,48,19.2,626.6,207,2.54,28,0.419,0,1,0,1,52.9,HIGH,13.6,413,HIGH_backlog
90.8,1,0,41.546709968408805,80.0,5.4,0,1,0,16,30,5.9,196.6,25,0.28,27,0.074,0,0,0,1,12.0,LOW,0.9,27,LOW_streamlined
71.0,3,0,173.08801872552914,60.4,15.3,1,1,0,14,36,12.0,199.6,43,1.14,35,0.103,0,1,1,0,30.0,MODERATE,6.8,207,MODERATE_standard
54.2,7,1,188.36825266571594,47.8,27.9,4,0,0,21,48,22.7,219.4,54,2.64,21,0.375,1,1,0,0,56.3,HIGH,8.4,255,HIGH_backlog
53.4,6,1,250.12002642247825,43.2,34.4,25,0,80,19,36,20.4,547.0,131,3.51,5,0.33,1,1,0,1,63.2,HIGH,14.1,429,HIGH_backlog
80.9,0,0,25.02067234018653,86.7,3.4,0,1,0,15,24,6.7,217.9,35,0.74,36,0.077,0,0,1,1,12.0,LOW,1.7,52,LOW_streamlined
32.5,12,3,503.04963070665895,8.9,42.3,9,0,152,40,36,33.7,857.7,192,5.12,2,0.547,0,1,0,0,89.4,CRITICAL,24.8,754,CRITICAL_injunction
25.9,10,4,294.3012924946799,9.2,39.2,163,0,353,35,48,33.3,952.6,323,4.15,6,0.786,1,0,0,0,93.7,CRITICAL,21.6,657,CRITICAL_injunction
69.5,2,0,144.34128295227794,65.2,17.5,0,1,0,20,36,10.5,314.1,60,1.84,35,0.138,0,1,0,1,29.6,MODERATE,3.7,112,MODERATE_standard
65.5,3,0,105.24752114844081,62.3,12.5,0,1,0,21,24,14.1,323.7,63,1.54,35,0.106,0,0,0,1,23.0,LOW,1.6,49,MODERATE_standard
50.0,6,1,301.61767468339167,43.5,35.6,6,1,115,29,36,18.5,150.6,40,3.21,12,0.41,0,0,0,0,52.7,HIGH,10.7,325,HIGH_backlog
65.6,2,0,121.4725738797741,59.0,11.7,0,1,0,18,36,9.5,364.7,72,1.67,13,0.099,0,0,0,0,22.2,LOW,0.2,6,MODERATE_standard
77.1,1,0,52.19625164344439,80.0,0.1,0,1,0,17,18,7.5,243.3,27,0.5,40,0.057,0,0,1,0,12.0,LOW,0.2,6,LOW_streamlined
71.7,3,1,175.34323103128875,50.7,9.4,0,1,0,18,24,12.3,310.4,56,1.32,32,0.104,0,0,1,0,23.0,LOW,2.2,67,MODERATE_standard
39.3,6,3,206.1815102382397,33.6,24.2,17,0,40,32,48,18.2,452.2,83,2.91,9,0.454,0,0,0,1,59.4,HIGH,8.2,249,HIGH_backlog
86.6,0,0,56.87061104342647,95.8,0.2,0,1,0,5,24,5.6,183.3,15,0.48,38,0.076,0,0,0,1,12.0,LOW,1.0,30,LOW_streamlined
27.7,14,5,395.2611552102007,6.4,56.3,7,0,180,38,48,30.5,517.3,154,3.73,22,0.63,0,1,0,0,88.3,CRITICAL,25.2,766,CRITICAL_injunction
65.8,3,1,114.78331777532665,70.5,15.7,2,1,0,8,24,10.0,306.4,44,1.51,21,0.153,0,0,0,0,25.5,MODERATE,5.8,176,MODERATE_standard
41.6,7,2,197.49809015085944,26.9,30.6,7,0,0,33,48,22.5,669.6,125,2.41,15,0.463,1,1,0,1,63.8,HIGH,10.0,304,HIGH_backlog
43.8,8,2,230.83463918763036,44.1,20.6,14,0,58,35,36,23.0,799.1,167,2.95,26,0.271,1,1,0,1,63.2,HIGH,10.2,310,HIGH_backlog
61.9,4,0,107.06158675013035,70.8,13.9,2,1,0,21,36,9.7,338.4,55,1.85,26,0.178,0,0,1,1,28.1,MODERATE,7.4,225,MODERATE_standard
41.8,8,3,225.64261396759818,43.5,34.1,10,0,0,35,36,20.6,784.6,142,2.85,23,0.337,1,0,0,0,65.8,HIGH,8.7,264,HIGH_backlog
68.3,3,1,173.1824688027599,54.5,13.2,1,1,0,21,36,11.0,325.0,36,1.42,21,0.177,0,0,1,0,30.1,MODERATE,4.1,125,MODERATE_standard
59.9,3,1,119.55443519443213,67.2,8.2,1,1,0,11,24,13.8,267.8,35,1.55,22,0.204,0,0,0,1,25.7,MODERATE,3.5,106,MODERATE_standard
71.2,3,1,145.9662510582956,54.1,10.4,0,1,0,8,24,12.9,119.0,11,1.32,19,0.2,0,0,0,0,24.3,MODERATE,4.1,125,MODERATE_standard
91.6,2,0,25.235018168803457,84.1,1.3,0,1,0,7,30,6.2,157.6,8,0.49,32,0.068,0,0,0,1,12.0,LOW,2.3,70,LOW_streamlined
33.1,14,2,391.85857351787115,21.3,43.6,5,0,129,38,36,33.7,525.4,112,5.04,15,0.79,0,1,0,0,85.9,CRITICAL,19.6,596,CRITICAL_injunction
50.0,7,1,227.46066407464528,40.9,35.1,8,1,118,23,36,23.4,321.3,75,2.9,16,0.318,0,0,0,1,53.1,HIGH,14.4,438,HIGH_backlog
48.7,7,2,319.7143963648364,37.1,30.7,9,1,96,35,36,22.2,180.7,41,2.81,4,0.476,0,0,0,1,56.1,HIGH,14.1,429,HIGH_backlog
12.1,14,3,292.0640020095452,7.6,38.4,166,1,242,24,36,29.3,1082.9,342,5.47,13,0.492,1,0,0,0,79.9,CRITICAL,25.7,781,CRITICAL_injunction
85.7,0,0,39.11781326685133,78.8,4.2,0,1,0,12,30,6.5,92.9,6,0.5,22,0.036,0,0,0,1,12.0,LOW,1.1,33,LOW_streamlined
24.5,10,2,516.5232246270626,18.8,39.0,4,0,248,28,60,34.8,453.2,85,3.8,3,0.477,0,1,0,0,88.3,CRITICAL,26.3,800,CRITICAL_injunction
40.1,6,3,258.7543219120538,27.1,26.9,13,0,118,35,48,23.5,662.0,174,3.43,22,0.434,0,0,0,0,71.6,CRITICAL,24.2,736,HIGH_backlog
55.3,8,1,208.99943086960292,33.3,33.1,3,1,0,27,48,20.4,110.9,29,2.79,7,0.425,0,0,0,0,51.5,HIGH,14.2,432,HIGH_backlog
45.2,9,1,234.63177393970923,45.2,26.6,7,1,0,22,48,17.1,220.2,61,2.69,23,0.255,1,0,0,0,53.4,HIGH,11.7,356,HIGH_backlog
76.2,0,0,22.861685568664974,75.2,7.1,0,1,0,8,30,6.1,32.2,5,0.32,36,0.049,0,0,1,1,14.4,LOW,1.7,52,LOW_streamlined
43.0,6,1,210.00282739916037,32.1,32.4,39,0,0,21,48,18.5,779.4,245,2.83,4,0.383,1,1,0,0,61.8,HIGH,8.9,271,HIGH_backlog
70.5,4,1,169.15226643833978,59.5,13.7,0,1,0,16,36,11.3,178.3,34,1.45,38,0.113,0,1,0,1,28.2,MODERATE,5.1,155,MODERATE_standard
95.5,2,0,53.90057108014042,83.5,2.5,0,1,0,4,30,7.4,199.7,19,0.21,12,0.022,0,0,0,1,12.0,LOW,0.2,6,LOW_streamlined
63.3,4,0,129.97616764363804,65.5,15.9,1,1,0,16,36,10.3,428.4,75,1.3,18,0.179,0,0,0,1,30.7,MODERATE,4.5,137,MODERATE_standard
83.3,1,0,13.6729259526379,88.3,3.4,0,1,0,13,18,7.2,168.0,12,0.56,13,0.014,0,0,1,1,12.0,LOW,0.8,24,LOW_streamlined
49.3,6,1,208.11088165645396,38.5,22.4,9,1,0,25,48,23.1,224.4,52,3.46,23,0.446,0,0,0,1,47.0,HIGH,11.8,359,HIGH_backlog
75.5,0,0,33.77281034721859,81.2,3.8,0,1,0,11,30,7.4,238.9,24,0.25,33,0.031,0,0,1,1,12.0,LOW,0.4,12,LOW_streamlined
83.0,0,0,29.182184908227423,81.7,2.1,0,1,0,15,30,7.9,225.1,26,0.24,45,0.042,0,0,1,1,12.0,LOW,0.9,27,LOW_streamlined
83.6,1,0,52.3486017699856,96.6,1.1,0,1,0,5,24,4.7,204.8,27,0.81,17,0.043,0,0,1,1,12.0,LOW,0.2,6,LOW_streamlined
22.5,10,4,459.36558367734426,12.9,50.0,231,0,132,34,48,31.6,1173.8,334,5.05,19,0.665,1,0,0,0,89.1,CRITICAL,30.0,912,CRITICAL_injunction
63.0,5,1,85.37381314697258,63.2,12.8,1,1,0,13,24,12.2,309.8,45,1.38,14,0.172,0,0,0,1,31.8,MODERATE,3.6,109,MODERATE_standard
31.4,14,4,422.40132584856093,17.7,61.6,24,0,268,42,60,33.6,1414.7,496,4.89,8,0.7,0,1,0,1,90.0,CRITICAL,23.2,705,CRITICAL_injunction
22.5,12,4,457.8190047842361,13.1,41.1,16,0,319,43,48,20.6,1166.2,336,5.17,11,0.54,0,1,0,1,89.0,CRITICAL,18.3,556,CRITICAL_injunction
43.8,7,2,190.39123991475358,45.9,35.3,26,0,0,32,48,16.8,574.2,138,2.59,11,0.429,0,0,0,0,55.3,HIGH,11.7,356,HIGH_backlog
90.7,1,0,46.10709317338842,96.5,3.7,0,1,0,11,30,6.9,215.8,19,0.79,24,0.012,0,0,0,1,12.0,LOW,1.1,33,LOW_streamlined
63.8,5,1,97.60410390840286,54.3,15.8,2,1,0,22,24,14.3,379.5,67,1.37,13,0.193,0,1,1,0,33.7,MODERATE,3.2,97,MODERATE_standard
94.8,2,0,44.269583602565255,96.8,5.5,0,1,0,9,30,5.2,164.5,19,0.51,36,0.043,0,0,0,1,12.0,LOW,1.0,30,LOW_streamlined
62.0,4,0,169.96580545573585,60.5,11.8,1,1,0,17,36,15.8,164.5,27,1.53,20,0.158,0,0,1,0,29.3,MODERATE,3.1,94,MODERATE_standard
75.2,2,0,16.012099087846963,86.4,5.4,0,1,0,9,18,7.1,237.2,29,0.41,30,0.015,0,0,1,0,12.7,LOW,0.2,6,LOW_streamlined
15.4,14,3,537.5988894708732,23.6,43.0,16,1,212,42,48,32.3,1043.0,338,5.41,19,0.673,0,0,0,1,77.6,CRITICAL,24.6,748,CRITICAL_injunction
25.9,10,5,325.4357730858902,16.5,47.2,9,0,249,51,36,25.7,554.5,182,5.2,23,0.472,0,1,0,1,92.0,CRITICAL,26.1,793,CRITICAL_injunction
58.4,2,0,145.91429380021742,56.0,11.6,2,1,0,11,36,13.6,400.4,66,1.31,27,0.133,0,0,0,1,30.4,MODERATE,7.4,225,MODERATE_standard
66.9,4,0,137.2406248239036,70.0,14.9,1,1,0,16,36,13.7,423.3,50,1.84,36,0.088,0,0,1,1,29.6,MODERATE,7.2,219,MODERATE_standard
39.8,8,1,293.25928664779747,38.4,24.8,17,0,82,32,48,18.7,366.1,81,3.38,23,0.259,1,0,0,0,64.4,HIGH,13.8,420,HIGH_backlog
46.4,8,1,229.04322827336642,37.5,32.1,24,0,0,25,48,23.7,635.7,140,3.49,21,0.303,1,0,0,1,61.6,HIGH,10.6,322,HIGH_backlog
85.4,0,0,30.514422172481055,97.6,3.8,0,1,0,8,30,5.4,181.4,27,0.6,31,0.046,0,0,0,0,12.0,LOW,1.3,40,LOW_streamlined
38.3,7,3,238.46823448164355,44.0,20.6,28,0,0,24,48,21.8,622.5,131,2.61,18,0.331,0,0,0,0,55.6,HIGH,12.4,377,HIGH_backlog
82.5,0,0,21.939666862059116,77.9,0.2,0,1,0,10,24,4.5,235.2,33,0.36,12,0.079,0,0,1,1,12.0,LOW,2.1,64,LOW_streamlined
48.3,9,1,239.12254377274914,45.3,34.3,38,1,0,34,36,23.6,775.3,218,2.71,20,0.401,0,1,0,1,53.6,HIGH,10.0,304,HIGH_backlog
89.0,0,0,33.120800271933376,80.7,0.1,0,1,0,8,30,7.7,204.8,26,0.59,33,0.076,0,0,0,1,12.0,LOW,2.0,61,LOW_streamlined
33.8,14,4,403.7616173921041,5.4,37.0,10,0,318,44,36,31.2,785.5,202,5.43,20,0.479,0,1,0,0,90.5,CRITICAL,19.8,602,CRITICAL_injunction
47.7,6,2,227.4974844438196,25.1,32.2,10,0,0,27,48,16.7,193.7,47,2.55,25,0.335,1,0,0,0,59.1,HIGH,8.1,246,HIGH_backlog
89.3,0,0,52.61384649006276,82.0,0.3,0,1,0,7,18,8.0,228.6,43,0.78,45,0.036,0,0,0,1,12.0,LOW,2.4,73,LOW_streamlined
66.2,2,1,117.03394637174603,56.6,13.0,0,1,0,10,24,13.8,121.1,14,1.89,14,0.161,0,0,0,0,25.8,MODERATE,7.2,219,MODERATE_standard
33.4,12,2,432.5327120468079,20.2,54.1,231,0,280,36,60,27.0,1117.2,346,3.54,14,0.774,1,0,0,0,87.4,CRITICAL,24.2,736,CRITICAL_injunction
30.5,10,5,316.86777530906556,11.1,53.1,4,0,260,28,60,29.2,403.0,89,5.21,3,0.558,0,1,0,0,94.0,CRITICAL,25.1,763,CRITICAL_injunction
81.7,0,0,35.65221102874247,84.7,6.1,0,1,0,7,18,5.4,226.5,28,0.52,43,0.024,0,0,1,1,12.0,LOW,2.3,70,LOW_streamlined
54.4,6,1,308.4504206984746,30.5,22.1,9,1,113,28,36,20.0,390.5,74,2.94,18,0.32,0,1,0,1,49.2,HIGH,13.9,423,HIGH_backlog
40.6,9,2,317.85771977721635,45.7,28.8,32,1,62,22,48,23.8,694.8,135,2.57,13,0.369,0,0,0,1,54.6,HIGH,13.7,416,HIGH_backlog
33.2,12,3,426.53348870826176,11.5,57.1,29,0,281,44,60,26.9,223.2,53,5.22,2,0.546,1,0,0,0,88.2,CRITICAL,25.5,775,CRITICAL_injunction
66.6,3,0,128.20144505875152,59.6,17.6,0,1,0,15,36,11.8,247.5,36,1.37,23,0.103,0,0,0,1,26.9,MODERATE,3.5,106,MODERATE_standard
77.2,1,0,10.668775825111473,82.9,4.7,0,1,0,16,24,7.8,214.9,29,0.31,44,0.042,0,0,1,1,12.0,LOW,2.0,61,LOW_streamlined
20.0,10,2,305.9272953816643,19.5,52.5,50,0,325,34,36,29.6,260.2,81,3.59,18,0.754,1,0,0,0,90.2,CRITICAL,23.3,708,CRITICAL_injunction
33.5,14,4,305.20319039743475,23.1,48.3,8,0,141,49,60,24.0,674.0,163,3.84,3,0.8,0,0,0,1,85.4,CRITICAL,16.7,508,CRITICAL_injunction
25.9,18,2,444.72812238408574,8.7,57.9,11,0,198,32,48,28.4,982.7,220,5.26,9,0.76,0,0,0,1,90.4,CRITICAL,30.9,939,CRITICAL_injunction
45.7,8,1,264.8624196237507,43.2,29.0,5,1,0,31,48,19.1,232.4,68,2.32,6,0.447,1,0,0,0,54.7,HIGH,14.8,450,HIGH_backlog
43.5,8,3,270.8028884759302,39.4,28.7,26,1,0,30,36,19.9,689.4,171,3.01,18,0.388,1,0,0,1,59.3,HIGH,9.6,292,HIGH_backlog
65.2,3,0,133.39993183365837,50.6,11.5,0,1,0,10,24,12.8,401.9,88,1.51,9,0.142,0,0,1,0,25.2,MODERATE,4.2,128,MODERATE_standard
41.2,8,1,224.52266945797265,28.5,29.4,21,1,0,18,48,18.0,508.3,126,2.25,7,0.348,0,0,0,1,52.8,HIGH,10.9,331,HIGH_backlog
81.8,1,0,46.56027697250148,94.8,6.2,0,1,0,4,30,6.5,183.5,24,0.33,15,0.075,0,0,1,1,12.0,LOW,0.6,18,LOW_streamlined
75.5,0,0,39.348502669772564,92.2,1.7,0,1,0,13,30,8.1,237.8,18,0.67,27,0.078,0,0,0,1,12.0,LOW,0.6,18,LOW_streamlined
80.4,1,0,28.1627526786672,82.2,5.2,0,1,0,14,24,4.2,206.8,32,0.61,13,0.025,0,0,0,1,12.0,LOW,2.0,61,LOW_streamlined
81.1,0,0,14.72189222230272,93.7,5.7,0,1,0,10,24,8.5,59.0,2,0.21,19,0.029,0,0,0,1,12.0,LOW,2.0,61,LOW_streamlined
49.3,8,1,267.42665001774316,40.8,20.0,12,1,61,30,36,16.8,438.2,103,2.45,27,0.36,0,1,0,0,50.1,HIGH,11.4,347,HIGH_backlog
55.9,8,3,266.3022079550923,32.1,28.3,37,1,0,29,36,21.7,793.1,187,3.39,22,0.273,0,1,0,1,58.9,HIGH,11.2,340,HIGH_backlog
55.4,6,1,315.4326299795001,28.3,29.9,6,1,0,19,48,19.5,299.4,84,3.59,9,0.367,0,1,0,0,55.8,HIGH,12.6,383,HIGH_backlog
30.9,18,4,312.9472154374891,16.3,43.0,141,0,289,29,36,23.0,765.7,195,3.7,5,0.787,1,0,0,0,87.4,CRITICAL,24.9,757,CRITICAL_injunction
38.7,6,1,311.1140480650568,36.8,27.8,13,1,0,27,48,18.4,531.5,137,3.12,20,0.478,0,1,0,1,57.0,HIGH,13.5,410,HIGH_backlog
38.6,9,3,293.0521114362389,44.6,29.7,11,0,107,18,36,18.6,650.8,132,2.75,12,0.289,0,1,0,1,70.7,CRITICAL,31.5,958,HIGH_backlog
25.2,10,3,541.0123138649135,16.1,48.6,92,0,271,41,60,27.5,777.7,187,3.96,9,0.676,1,0,0,0,88.6,CRITICAL,29.2,888,CRITICAL_injunction
13.9,10,3,542.54291479599,18.0,52.1,6,1,162,36,48,28.2,469.7,138,4.93,20,0.554,0,0,0,1,77.0,CRITICAL,30.0,912,CRITICAL_injunction
22.4,14,2,516.8088067075868,23.9,40.7,13,0,199,38,36,22.8,1008.1,266,4.83,2,0.752,0,0,0,0,92.3,CRITICAL,19.4,590,CRITICAL_injunction
55.5,7,1,191.52255641282235,40.8,29.9,9,0,0,34,48,22.8,321.8,92,2.81,28,0.343,0,0,0,1,49.4,HIGH,12.4,377,HIGH_backlog
84.3,0,0,19.193955103860134,94.1,1.3,0,1,0,4,24,7.7,241.6,32,0.26,46,0.061,0,0,0,0,12.0,LOW,1.1,33,LOW_streamlined
46.6,6,1,268.3868451701902,29.7,26.7,9,1,0,30,36,22.0,501.9,137,2.79,19,0.275,1,0,0,0,53.7,HIGH,9.2,280,HIGH_backlog
39.2,7,2,225.4580201555928,26.4,21.2,15,0,52,30,36,22.0,261.3,65,2.96,7,0.487,1,0,0,1,59.8,HIGH,10.9,331,HIGH_backlog
49.6,7,1,181.02575885173752,36.2,30.0,13,1,61,18,48,21.7,655.2,135,2.84,29,0.495,0,0,0,0,48.5,HIGH,10.5,319,HIGH_backlog
48.6,8,1,248.1234744412834,34.6,22.7,25,0,85,34,48,19.7,438.8,114,2.44,12,0.347,0,1,0,0,56.7,HIGH,12.6,383,HIGH_backlog
40.5,9,1,217.15224412726394,36.6,32.5,14,0,0,26,48,19.2,395.8,115,2.21,9,0.444,1,0,0,0,63.6,HIGH,11.8,359,HIGH_backlog
55.2,8,2,221.47890912341967,41.5,35.7,13,1,0,33,48,19.8,485.1,138,2.26,25,0.487,1,0,0,1,55.7,HIGH,11.4,347,HIGH_backlog
34.8,14,4,419.8268186629492,17.0,62.0,13,0,228,48,60,32.3,1213.0,260,4.99,12,0.63,0,0,0,0,91.4,CRITICAL,30.4,924,CRITICAL_injunction
26.3,18,2,415.14915424360333,16.3,47.3,5,0,137,39,48,23.0,421.9,111,4.53,15,0.698,0,0,0,1,82.4,CRITICAL,25.6,778,CRITICAL_injunction
86.4,0,0,59.42458374133126,89.3,3.3,0,1,0,6,30,7.9,144.9,12,0.74,25,0.064,0,0,0,1,12.0,LOW,1.7,52,LOW_streamlined
23.3,12,2,342.171933697379,6.1,55.0,10,0,249,47,48,28.1,592.7,204,5.1,12,0.781,0,1,0,1,94.0,CRITICAL,23.3,708,CRITICAL_injunction
24.2,10,4,490.299820292046,10.5,57.1,10,0,177,26,60,34.1,1048.0,216,4.57,12,0.706,0,0,0,0,94.0,CRITICAL,30.9,939,CRITICAL_injunction
61.6,4,0,165.00196321066477,61.7,9.9,0,1,0,17,24,15.0,204.2,46,1.33,33,0.214,0,0,1,1,23.6,LOW,1.4,43,MODERATE_standard
40.9,6,1,210.7648986038257,43.7,29.5,12,0,89,20,48,17.8,401.4,78,2.22,8,0.414,0,0,0,1,62.7,HIGH,9.1,277,HIGH_backlog
91.0,0,0,31.877798783953757,82.7,1.6,0,1,0,17,24,7.2,154.7,19,0.49,28,0.052,0,0,0,1,12.0,LOW,1.1,33,LOW_streamlined
75.6,1,0,38.38195912888284,94.8,7.4,0,1,0,16,30,5.1,87.8,8,0.55,40,0.042,0,0,1,0,12.0,LOW,0.8,24,LOW_streamlined
61.5,4,0,100.2108631526543,51.4,10.3,1,1,0,20,36,15.8,211.8,42,1.15,32,0.117,0,1,1,1,31.5,MODERATE,5.9,179,MODERATE_standard
38.1,9,2,231.54519140468466,25.2,33.6,4,0,0,32,48,19.8,198.2,52,3.16,21,0.477,0,0,0,1,64.0,HIGH,8.9,271,HIGH_backlog
52.6,7,1,234.8582943474282,30.4,26.2,31,0,0,28,36,21.8,724.8,163,3.45,13,0.494,1,0,0,0,56.3,HIGH,12.0,365,HIGH_backlog
73.7,2,0,167.3613237683097,55.4,10.9,0,1,0,9,36,14.4,112.2,15,1.63,31,0.087,0,1,1,1,27.2,MODERATE,5.6,170,MODERATE_standard
53.1,6,1,180.78293305198105,31.4,28.9,21,1,55,30,36,20.4,697.5,184,2.44,26,0.415,0,0,0,0,46.7,HIGH,13.7,416,HIGH_backlog
94.3,0,0,13.668530891571976,85.0,2.3,0,1,0,13,30,6.0,59.1,8,0.68,39,0.021,0,0,0,1,12.0,LOW,1.8,55,LOW_streamlined
26.9,14,3,389.0295151518011,7.8,57.3,151,0,150,38,60,23.6,912.9,275,3.63,23,0.517,1,0,0,0,87.2,CRITICAL,17.8,541,CRITICAL_injunction
51.1,8,2,271.5632519293506,28.5,30.3,9,0,0,26,36,19.3,158.1,44,3.03,24,0.404,1,0,0,1,63.3,HIGH,11.3,344,HIGH_backlog
67.7,3,0,89.03121119755467,64.5,13.3,0,1,0,15,36,12.1,75.3,18,1.2,31,0.189,0,0,1,0,20.4,LOW,2.2,67,MODERATE_standard
95.1,0,0,39.07160142195711,79.9,7.1,0,1,0,14,30,5.6,145.1,12,0.42,18,0.014,0,0,0,1,12.0,LOW,0.5,15,LOW_streamlined
73.9,3,0,87.34034646718948,59.5,10.1,0,1,0,20,24,9.3,72.0,22,1.95,13,0.146,0,0,1,1,21.0,LOW,1.3,40,MODERATE_standard
18.0,12,2,515.120596577938,16.7,50.4,35,0,272,31,48,25.6,331.7,62,4.16,18,0.493,1,0,0,1,93.0,CRITICAL,17.5,532,CRITICAL_injunction
69.4,4,1,86.06970867960445,58.9,12.6,2,1,0,15,36,11.9,428.7,76,1.11,6,0.1,0,1,1,0,32.6,MODERATE,3.3,100,MODERATE_standard
73.7,3,0,140.29260274000603,70.9,17.7,0,1,0,16,24,15.1,251.9,47,1.42,38,0.208,0,0,0,1,21.8,LOW,0.0,0,MODERATE_standard
24.5,10,5,329.4621308871489,6.8,49.5,6,0,155,39,48,31.1,631.0,124,4.86,23,0.504,0,0,0,1,89.0,CRITICAL,29.5,897,CRITICAL_injunction
54.3,6,3,220.14323615029164,28.9,20.8,8,0,0,23,48,21.7,301.7,70,2.59,22,0.468,0,0,0,0,52.5,HIGH,12.3,374,HIGH_backlog
41.8,7,1,193.0807880360417,39.8,34.6,14,0,50,20,36,19.7,694.7,143,3.06,21,0.273,0,0,0,0,61.0,HIGH,13.4,407,HIGH_backlog
59.6,3,1,72.10079019434072,65.0,9.4,1,1,0,12,24,12.5,336.5,44,1.65,35,0.158,0,0,0,1,30.1,MODERATE,7.3,222,MODERATE_standard
58.6,3,0,92.7392094410816,56.7,16.2,0,1,0,10,36,12.7,299.1,44,1.54,33,0.177,0,1,0,1,31.6,MODERATE,6.6,201,MODERATE_standard
62.0,3,0,70.90581941730866,50.6,17.7,0,1,0,22,24,15.7,72.1,23,1.93,34,0.175,0,0,0,1,29.0,MODERATE,6.8,207,MODERATE_standard
23.9,12,5,515.3906578462231,23.7,47.5,5,0,300,36,36,27.6,440.0,117,4.58,22,0.531,0,1,0,0,94.0,CRITICAL,20.8,632,CRITICAL_injunction
41.1,7,1,223.73414352081653,47.0,27.0,26,0,40,27,36,19.8,687.0,128,3.53,7,0.266,0,0,0,0,59.6,HIGH,9.9,301,HIGH_backlog
39.5,6,1,302.22488758293184,29.1,25.7,42,1,57,30,36,23.6,751.1,200,2.51,26,0.479,0,0,0,0,53.2,HIGH,8.9,271,HIGH_backlog
65.4,3,0,89.03494627900214,56.3,10.9,3,1,0,15,36,15.7,406.6,94,1.75,21,0.08,0,1,0,0,34.8,MODERATE,4.8,146,MODERATE_standard
51.6,6,2,223.3487190901027,29.8,28.7,23,0,0,19,48,19.8,475.8,113,2.28,15,0.253,1,0,0,1,56.3,HIGH,10.2,310,HIGH_backlog
16.7,14,3,432.35049549122726,6.8,45.0,266,1,287,38,60,24.4,1498.5,441,3.82,11,0.749,1,0,0,1,72.6,CRITICAL,25.3,769,CRITICAL_injunction
65.6,3,1,63.20827471738888,55.6,10.8,1,1,0,22,24,9.8,90.4,22,1.5,36,0.204,0,0,0,0,30.9,MODERATE,7.4,225,MODERATE_standard
69.0,4,1,149.9417932855349,52.0,13.5,2,1,0,18,36,15.4,317.2,54,1.41,25,0.19,0,0,0,1,28.5,MODERATE,5.3,161,MODERATE_standard
22.8,14,3,479.113537097403,13.3,47.5,35,1,350,45,48,27.7,287.9,73,4.67,17,0.655,1,0,0,0,75.3,CRITICAL,16.0,486,CRITICAL_injunction
84.8,1,0,47.410622391542326,77.8,2.0,0,1,0,10,24,6.5,37.2,7,0.73,20,0.01,0,0,1,1,12.0,LOW,2.1,64,LOW_streamlined
62.0,3,0,160.36900892432493,69.7,9.0,0,1,0,20,36,13.4,187.5,27,1.9,31,0.153,0,0,0,1,23.8,LOW,1.3,40,MODERATE_standard
64.3,3,1,155.63674784829288,54.2,17.7,0,1,0,17,24,9.7,229.0,30,1.3,10,0.15,0,0,1,1,28.9,MODERATE,3.6,109,MODERATE_standard
53.1,6,1,216.81639708889332,35.9,29.4,18,1,43,35,36,16.8,306.9,76,2.43,21,0.279,0,0,0,1,48.2,HIGH,14.6,444,HIGH_backlog
95.2,0,0,58.33432934075438,83.7,0.3,0,1,0,14,18,7.8,128.3,16,0.85,16,0.012,0,0,1,0,12.0,LOW,0.4,12,LOW_streamlined
58.3,5,0,101.13873971238176,64.4,14.2,0,1,0,8,24,13.2,163.3,38,1.77,23,0.166,0,1,1,1,28.8,MODERATE,6.2,188,MODERATE_standard
59.6,3,1,96.41199411627386,69.4,16.5,0,1,0,11,24,12.5,115.4,25,1.58,16,0.162,0,0,1,0,27.2,MODERATE,7.2,219,MODERATE_standard
67.8,4,0,84.68913493394749,63.9,12.6,1,1,0,17,36,11.1,218.1,46,1.62,28,0.157,0,0,1,0,28.4,MODERATE,5.0,152,MODERATE_standard
47.9,8,1,290.6266053968506,43.1,34.7,3,1,0,18,36,23.9,328.1,57,2.33,22,0.338,0,1,0,0,57.3,HIGH,11.9,362,HIGH_backlog
67.2,3,1,178.55906982275525,67.7,10.4,1,1,0,16,36,16.0,236.1,31,1.88,35,0.193,0,0,0,0,29.0,MODERATE,3.8,116,MODERATE_standard
32.9,10,3,368.0098481675457,5.7,50.3,12,0,310,31,36,27.4,1181.4,250,4.43,5,0.501,0,0,0,0,89.5,CRITICAL,25.0,760,CRITICAL_injunction
15.1,10,4,316.0561100919112,16.9,48.1,101,1,294,36,36,23.5,809.3,179,4.76,17,0.524,1,0,0,0,74.5,CRITICAL,31.1,945,CRITICAL_injunction
90.0,1,0,31.20930631017518,88.5,6.0,0,1,0,9,18,6.4,230.2,30,0.5,22,0.056,0,0,1,1,12.0,LOW,1.6,49,LOW_streamlined
19.7,12,4,284.9470729527275,17.2,48.4,19,0,285,38,36,31.9,1249.1,399,3.73,8,0.655,0,0,0,1,92.4,CRITICAL,22.2,675,CRITICAL_injunction
87.4,0,0,31.83430621894341,82.7,4.4,0,1,0,6,24,5.7,146.0,28,0.43,45,0.051,0,0,1,1,12.0,LOW,0.6,18,LOW_streamlined
70.4,3,0,120.60903367007582,69.2,12.0,2,1,0,12,24,12.2,398.7,59,1.15,32,0.135,0,1,1,1,24.4,MODERATE,6.2,188,MODERATE_standard
62.5,3,0,114.02033660878098,57.8,12.6,1,1,0,8,36,13.7,235.3,46,1.43,33,0.192,0,0,1,1,29.3,MODERATE,6.9,210,MODERATE_standard
71.9,4,0,67.17679453449139,53.4,10.1,2,1,0,9,24,10.5,337.3,71,1.74,6,0.12,0,0,1,1,25.0,MODERATE,7.1,216,MODERATE_standard
14.7,18,3,460.7760468494804,15.4,48.2,281,1,224,41,60,20.6,1482.4,394,3.97,12,0.653,1,0,0,0,74.3,CRITICAL,24.9,757,CRITICAL_injunction
29.7,18,5,289.6101637527302,22.4,37.9,131,1,145,37,48,26.4,931.2,254,3.58,22,0.655,1,0,0,0,67.7,HIGH,11.1,337,CRITICAL_injunction
20.8,14,5,371.50576057029826,19.2,63.9,18,1,225,40,60,29.0,1213.1,361,4.62,6,0.544,0,0,0,0,75.0,CRITICAL,23.6,717,CRITICAL_injunction
89.3,2,0,34.56678529933607,85.7,3.2,0,1,0,7,24,8.6,183.1,15,0.49,27,0.064,0,0,1,0,12.0,LOW,2.0,61,LOW_streamlined
27.7,12,5,318.1733720876536,6.0,36.0,15,0,277,36,36,24.6,918.8,302,3.65,15,0.605,0,0,0,1,84.6,CRITICAL,25.9,787,CRITICAL_injunction
78.6,0,0,19.988886742819265,81.4,2.2,0,1,0,12,24,6.8,37.3,3,0.36,32,0.012,0,0,0,1,12.0,LOW,1.5,46,LOW_streamlined
83.0,0,0,23.209503027523766,82.8,0.8,0,1,0,14,18,4.2,128.5,15,0.49,12,0.063,0,0,1,0,12.0,LOW,0.7,21,LOW_streamlined
65.0,3,0,122.43963002055148,66.9,12.9,1,1,0,14,36,10.9,185.1,32,1.5,28,0.219,0,1,1,1,28.9,MODERATE,4.2,128,MODERATE_standard
19.6,14,5,447.17590551848036,15.4,37.1,71,0,208,33,36,20.9,882.9,178,4.73,4,0.71,1,0,0,0,93.3,CRITICAL,29.1,885,CRITICAL_injunction
95.9,1,0,24.660235809233797,96.0,0.9,0,1,0,4,18,6.3,215.2,15,0.35,29,0.023,0,0,1,1,12.0,LOW,0.1,3,LOW_streamlined
87.9,0,0,51.38803435355416,88.8,3.6,0,1,0,6,18,7.4,183.4,31,0.65,18,0.048,0,0,0,1,12.0,LOW,0.8,24,LOW_streamlined
54.6,6,1,242.18433952153387,43.6,30.0,15,0,0,25,48,20.4,546.6,90,2.7,19,0.376,0,1,0,1,53.2,HIGH,11.8,359,HIGH_backlog
15.9,10,4,545.1521331651328,19.3,48.1,247,0,249,39,48,22.1,1238.4,381,4.91,11,0.719,1,0,0,1,94.0,CRITICAL,18.8,572,CRITICAL_injunction
75.7,2,0,31.921298637213848,81.8,2.6,0,1,0,10,24,8.5,84.6,10,0.2,34,0.042,0,0,1,1,12.0,LOW,1.2,36,LOW_streamlined
75.3,0,0,33.60623175513187,96.9,4.3,0,1,0,16,24,4.3,212.5,21,0.69,39,0.02,0,0,1,1,12.0,LOW,1.7,52,LOW_streamlined
23.7,12,3,454.67644825584955,17.9,61.5,156,0,160,45,36,34.9,1276.1,313,3.8,13,0.456,1,0,0,0,84.3,CRITICAL,16.0,486,CRITICAL_injunction
33.8,14,2,395.33708609567014,5.3,55.5,61,0,148,50,36,30.6,291.7,104,4.07,5,0.534,1,0,0,0,86.3,CRITICAL,21.6,657,CRITICAL_injunction
52.8,7,3,249.6002933023158,43.2,21.2,33,1,112,18,48,16.3,780.1,169,2.84,22,0.267,0,0,0,1,52.9,HIGH,8.2,249,HIGH_backlog
63.5,5,1,125.59126409832665,61.9,8.8,0,1,0,11,24,15.4,181.3,37,1.62,33,0.106,0,0,1,1,26.8,MODERATE,5.5,167,MODERATE_standard
48.4,8,1,283.307089407957,45.9,35.1,29,0,105,18,48,17.9,563.4,159,3.01,19,0.481,0,0,0,1,65.4,HIGH,11.4,347,HIGH_backlog
82.0,0,0,55.47908808724877,94.4,7.0,0,1,0,15,24,4.4,91.1,7,0.49,18,0.018,0,0,1,1,12.0,LOW,0.7,21,LOW_streamlined
64.2,2,0,152.75688948150383,69.0,17.0,1,1,0,14,24,9.8,397.8,80,1.28,38,0.131,0,0,1,0,28.4,MODERATE,3.7,112,MODERATE_standard
86.3,0,0,31.130923789130367,96.3,5.7,0,1,0,7,18,4.8,54.2,8,0.71,41,0.059,0,0,0,1,12.0,LOW,1.8,55,LOW_streamlined
23.2,18,3,399.6946290189528,20.3,39.3,17,0,219,40,48,25.1,1157.3,358,4.49,13,0.477,0,1,0,1,89.1,CRITICAL,16.9,514,CRITICAL_injunction
85.7,0,0,50.97244328652005,76.4,1.5,0,1,0,8,24,7.9,211.6,17,0.37,14,0.068,0,0,0,1,12.0,LOW,1.3,40,LOW_streamlined
13.3,10,3,393.1170112808891,15.8,60.1,19,1,281,42,48,32.2,1188.4,383,3.73,8,0.506,0,0,0,0,74.2,CRITICAL,16.1,489,CRITICAL_injunction
14.0,12,4,459.6268247539829,14.8,48.5,11,0,266,26,60,31.5,1020.3,235,4.72,6,0.592,0,0,0,1,94.0,CRITICAL,25.6,778,CRITICAL_injunction
41.4,8,3,182.19636802810226,25.7,26.7,10,0,0,28,36,17.9,247.3,69,2.95,12,0.251,0,0,0,0,61.5,HIGH,9.2,280,HIGH_backlog
14.9,12,5,459.57956032299467,8.6,59.3,176,1,178,33,36,22.3,947.1,310,3.56,6,0.677,1,0,0,1,77.6,CRITICAL,28.0,851,CRITICAL_injunction
59.7,2,1,154.96503522954197,51.0,11.4,1,1,0,14,24,15.9,370.7,62,1.95,38,0.147,0,0,1,0,29.3,MODERATE,3.1,94,MODERATE_standard
68.2,2,1,156.25637302694292,55.8,10.2,1,1,0,11,36,11.0,406.0,67,1.26,33,0.145,0,0,0,1,24.8,MODERATE,6.3,192,MODERATE_standard
62.1,4,1,96.13939334962184,63.8,9.9,1,1,0,23,36,12.2,334.5,63,1.64,34,0.189,0,1,0,0,36.4,MODERATE,5.4,164,MODERATE_standard
63.8,5,1,79.5040958044938,63.8,12.7,0,1,0,14,36,15.1,322.1,56,1.54,33,0.198,0,0,1,1,27.8,MODERATE,3.1,94,MODERATE_standard
26.7,12,4,303.94751125108917,17.8,49.5,156,0,274,33,48,24.4,1383.7,333,4.15,2,0.725,1,0,0,0,89.8,CRITICAL,18.7,568,CRITICAL_injunction
45.6,8,1,274.5768002292636,38.9,22.6,39,0,49,18,48,18.8,713.4,163,2.58,18,0.454,0,1,0,0,57.3,HIGH,10.7,325,HIGH_backlog
46.9,9,3,270.4935403384884,35.3,35.9,19,1,0,18,48,20.4,372.2,80,2.35,17,0.414,0,0,0,1,55.3,HIGH,9.1,277,HIGH_backlog
31.1,12,4,338.96974070441,10.1,49.1,64,1,206,42,48,29.4,520.6,169,3.98,12,0.672,1,0,0,0,71.4,CRITICAL,21.7,660,CRITICAL_injunction
38.8,9,1,303.4284990238765,44.9,31.7,24,0,93,34,48,22.0,518.1,99,3.06,16,0.482,0,1,0,1,68.3,CRITICAL,17.0,517,HIGH_backlog
84.4,0,0,26.525159347255926,89.5,5.0,0,1,0,5,18,5.5,134.7,16,0.88,24,0.051,0,0,0,1,12.0,LOW,0.7,21,LOW_streamlined
65.1,3,0,83.94492141029417,59.6,13.6,0,1,0,10,24,10.5,72.2,20,1.44,37,0.156,0,0,1,1,25.9,MODERATE,6.2,188,MODERATE_standard
38.6,7,1,184.212222122999,40.8,26.5,5,1,0,36,36,23.8,318.3,84,3.24,20,0.251,0,0,0,1,54.7,HIGH,11.6,353,HIGH_backlog
15.3,18,3,404.43609545535395,17.8,38.6,146,0,157,38,36,20.8,665.3,227,5.16,20,0.714,1,0,0,0,94.0,CRITICAL,19.4,590,CRITICAL_injunction
41.8,8,2,303.7031328814288,46.6,25.9,9,1,0,25,48,22.8,135.9,44,2.42,23,0.302,1,0,0,1,54.3,HIGH,12.7,386,HIGH_backlog
15.2,10,2,414.36569492187647,19.1,44.1,191,1,144,26,48,24.8,1103.3,342,3.98,9,0.715,1,0,0,1,74.5,CRITICAL,26.0,790,CRITICAL_injunction
18.1,12,2,479.87404261458164,15.5,53.3,6,1,345,48,60,28.4,414.5,130,5.04,18,0.789,0,0,0,0,74.4,CRITICAL,19.5,593,CRITICAL_injunction
82.3,0,0,25.748126685257432,96.4,7.8,0,1,0,5,24,6.7,98.9,16,0.4,38,0.05,0,0,1,1,12.0,LOW,2.4,73,LOW_streamlined
85.1,0,0,42.0093705582869,94.6,2.7,0,1,0,5,18,5.6,191.0,27,0.35,31,0.076,0,0,1,1,12.0,LOW,0.6,18,LOW_streamlined
64.9,5,1,128.71242080747174,63.1,15.2,3,1,0,9,24,11.5,445.3,90,1.85,22,0.203,0,0,0,1,33.4,MODERATE,6.2,188,MODERATE_standard
80.0,0,0,26.290169555929797,82.5,2.3,0,1,0,17,24,6.8,119.5,14,0.26,14,0.042,0,0,0,1,12.0,LOW,1.1,33,LOW_streamlined
70.6,2,0,169.72125591713768,64.1,10.4,1,1,0,18,24,9.7,247.9,59,1.99,27,0.165,0,0,0,1,22.2,LOW,0.5,15,MODERATE_standard
38.3,6,3,318.96372957763003,31.7,24.8,25,1,0,34,36,16.2,622.5,148,2.36,16,0.342,0,1,0,1,56.2,HIGH,13.9,423,HIGH_backlog
40.4,6,2,199.2190327041097,42.3,25.2,3,1,0,34,48,18.4,142.0,37,2.26,26,0.261,0,1,0,0,53.6,HIGH,10.0,304,HIGH_backlog
53.6,9,1,308.6002255696013,27.4,26.2,11,0,0,30,36,20.9,445.2,123,2.95,14,0.282,0,1,0,0,60.6,HIGH,9.5,289,HIGH_backlog
77.5,0,0,15.337453745472848,89.0,1.2,0,1,0,8,30,6.1,96.3,11,0.8,29,0.065,0,0,0,1,12.0,LOW,1.2,36,LOW_streamlined
65.1,3,1,142.13979465883756,55.3,16.5,0,1,0,22,36,12.1,320.9,63,1.58,15,0.159,0,0,1,1,29.4,MODERATE,5.6,170,MODERATE_standard
58.9,5,1,79.94930689190093,67.9,10.0,1,1,0,8,24,15.1,310.3,60,1.83,34,0.105,0,0,0,1,33.2,MODERATE,5.8,176,MODERATE_standard
45.1,7,2,180.94173512871785,34.6,29.0,8,0,52,21,48,22.8,202.1,49,2.46,14,0.494,1,1,0,0,59.3,HIGH,10.3,313,HIGH_backlog
64.5,2,1,121.09909668959875,54.0,9.5,0,1,0,18,36,13.1,307.7,42,1.28,28,0.197,0,1,0,1,23.7,LOW,0.1,3,MODERATE_standard
46.4,8,1,231.33205847462145,44.4,31.0,18,0,45,28,48,17.5,757.4,155,3.28,8,0.418,1,0,0,0,60.7,HIGH,13.8,420,HIGH_backlog
69.5,3,0,144.04966402351795,56.1,13.1,0,1,0,9,24,9.7,76.0,19,1.13,21,0.147,0,1,0,0,29.4,MODERATE,6.2,188,MODERATE_standard
67.5,2,0,79.32702127136608,66.7,9.3,1,1,0,17,36,13.9,166.7,26,1.81,14,0.124,0,1,0,1,24.2,MODERATE,7.4,225,MODERATE_standard
26.1,18,3,284.4246955487897,5.6,36.7,30,1,283,29,36,34.1,336.4,77,5.19,11,0.55,1,0,0,1,75.4,CRITICAL,27.7,842,CRITICAL_injunction
45.2,8,3,275.5419145153696,30.0,34.9,7,0,64,31,36,17.0,195.4,41,3.51,4,0.371,0,0,0,1,66.4,HIGH,8.3,252,HIGH_backlog
32.1,14,4,358.6591872386694,10.2,40.8,179,0,275,48,36,27.9,1393.4,443,4.41,4,0.602,1,0,0,0,90.2,CRITICAL,21.5,654,CRITICAL_injunction
21.8,18,2,409.6573389773106,14.1,55.3,53,0,301,25,60,31.9,465.8,99,4.42,9,0.627,1,0,0,1,94.0,CRITICAL,17.1,520,CRITICAL_injunction
90.7,0,0,46.863974773208966,76.6,0.6,0,1,0,6,18,9.0,113.7,18,0.77,27,0.055,0,0,1,1,12.0,LOW,0.6,18,LOW_streamlined
89.9,0,0,27.019232217117914,96.7,1.4,0,1,0,9,30,4.1,163.4,9,0.45,34,0.066,0,0,0,1,12.0,LOW,1.3,40,LOW_streamlined
46.6,7,1,212.02558131178702,45.6,26.9,13,1,65,27,36,20.6,795.7,167,3.5,28,0.326,0,0,0,1,55.1,HIGH,8.4,255,HIGH_backlog
80.2,0,0,58.83088358131336,93.9,3.3,0,1,0,9,24,7.9,26.1,7,0.78,40,0.041,0,0,0,1,12.0,LOW,0.2,6,LOW_streamlined
61.8,2,0,174.0188328366279,52.7,13.5,1,1,0,21,24,9.3,225.8,37,1.64,7,0.18,0,0,1,1,30.2,MODERATE,3.9,119,MODERATE_standard
25.5,12,5,373.96377819170294,19.2,50.4,16,0,299,25,60,23.6,1087.2,325,5.23,9,0.708,0,1,0,0,93.9,CRITICAL,20.6,626,CRITICAL_injunction
93.3,0,0,36.99801735107342,95.7,0.7,0,1,0,11,30,4.7,69.8,8,0.52,29,0.02,0,0,0,1,12.0,LOW,2.2,67,LOW_streamlined
64.0,4,0,68.88830978147958,70.8,12.4,0,1,0,16,36,14.2,194.1,37,1.58,27,0.212,0,0,1,0,22.9,LOW,2.0,61,MODERATE_standard
24.2,10,5,442.31937317167603,14.0,62.8,11,0,280,41,60,30.8,1017.1,223,5.16,18,0.54,0,1,0,0,94.0,CRITICAL,18.3,556,CRITICAL_injunction
83.1,1,0,35.62446801576327,97.5,5.2,0,1,0,11,24,7.1,61.3,6,0.74,20,0.019,0,0,0,1,12.0,LOW,0.5,15,LOW_streamlined
21.6,18,2,327.6882386276451,19.3,58.1,7,0,278,25,36,28.1,593.9,147,4.94,10,0.573,0,1,0,0,94.0,CRITICAL,22.5,684,CRITICAL_injunction
92.9,1,0,15.464323803374722,95.9,3.9,0,1,0,15,30,5.2,86.1,12,0.27,33,0.026,0,0,1,0,12.0,LOW,2.2,67,LOW_streamlined
54.0,8,3,248.15570962147353,28.7,23.3,6,1,79,24,36,20.0,363.5,50,2.5,9,0.402,1,0,0,1,53.8,HIGH,9.0,274,HIGH_backlog
49.1,7,1,284.05642989246957,35.6,32.1,32,1,0,34,36,22.5,700.7,179,2.78,15,0.271,1,0,0,1,56.6,HIGH,8.9,271,HIGH_backlog
61.1,2,0,113.24204914987921,63.0,16.8,0,1,0,13,36,14.4,180.9,37,1.31,21,0.091,0,0,1,1,26.0,MODERATE,6.6,201,MODERATE_standard
90.8,0,0,37.686583038200666,87.8,3.0,0,1,0,17,24,7.2,118.6,11,0.88,38,0.059,0,0,1,1,12.0,LOW,0.3,9,LOW_streamlined
91.5,0,0,33.52926225923599,79.4,0.8,0,1,0,12,30,6.9,26.6,1,0.41,15,0.046,0,0,1,1,12.0,LOW,0.9,27,LOW_streamlined
72.1,5,1,74.90667073191428,69.3,11.9,1,1,0,21,24,14.8,393.3,75,1.4,21,0.172,0,0,1,0,27.0,MODERATE,5.3,161,MODERATE_standard
81.9,0,0,17.733409111466738,91.7,6.8,0,1,0,4,24,8.6,86.9,9,0.55,35,0.017,0,0,1,1,12.0,LOW,2.1,64,LOW_streamlined
71.9,4,1,64.72973489621256,68.3,11.5,1,1,0,23,24,13.1,367.9,77,1.73,34,0.192,0,0,1,1,29.8,MODERATE,5.3,161,MODERATE_standard
91.4,0,0,54.086467400018385,97.4,1.3,0,1,0,9,30,9.0,34.9,3,0.4,41,0.074,0,0,1,0,12.0,LOW,1.8,55,LOW_streamlined
81.4,1,0,11.358983832757987,92.7,0.3,0,1,0,14,24,8.2,216.5,25,0.76,34,0.013,0,0,1,0,12.0,LOW,1.9,58,LOW_streamlined
39.2,9,3,308.39925519721237,26.6,20.4,13,1,0,22,36,17.5,188.1,56,2.82,8,0.404,1,1,0,1,59.1,HIGH,11.0,334,HIGH_backlog
64.1,4,0,136.24506173427676,59.1,16.6,2,1,0,18,24,9.8,441.9,88,1.33,28,0.137,0,0,1,1,31.2,MODERATE,6.1,185,MODERATE_standard
16.2,10,3,347.2507534382053,21.0,58.4,8,0,140,44,60,29.9,623.4,169,4.8,4,0.718,0,0,0,1,88.9,CRITICAL,27.1,824,CRITICAL_injunction
84.0,0,0,20.925910479786378,94.4,7.9,0,1,0,7,18,6.8,242.5,23,0.26,29,0.042,0,0,0,0,12.0,LOW,1.4,43,LOW_streamlined
80.5,0,0,45.20327917810854,90.2,3.1,0,1,0,7,18,7.3,220.9,21,0.69,22,0.058,0,0,1,1,12.0,LOW,0.1,3,LOW_streamlined
80.8,0,0,26.79869691107494,84.9,4.8,0,1,0,5,30,5.2,151.8,23,0.51,28,0.073,0,0,0,1,12.0,LOW,0.9,27,LOW_streamlined
35.5,12,3,483.33179459810333,7.1,43.3,6,0,264,39,60,26.0,359.2,122,3.87,21,0.559,0,1,0,1,87.6,CRITICAL,20.2,614,CRITICAL_injunction
39.9,7,1,239.97084309852755,25.7,20.1,8,1,70,21,36,21.1,263.0,57,2.86,15,0.368,1,1,0,1,54.7,HIGH,8.1,246,HIGH_backlog
89.4,0,0,52.69223996571943,96.6,7.1,0,1,0,12,30,4.9,108.6,11,0.31,44,0.076,0,0,1,1,12.0,LOW,0.2,6,LOW_streamlined
67.9,2,1,114.2991763443172,61.8,15.8,1,1,0,19,36,14.1,191.5,38,1.33,14,0.131,0,0,1,1,26.0,MODERATE,3.6,109,MODERATE_standard
17.1,10,3,376.64678064930087,20.9,39.5,195,0,154,35,60,34.8,1244.5,303,3.54,6,0.616,1,0,0,1,86.3,CRITICAL,20.0,608,CRITICAL_injunction
51.6,7,1,223.43594088735716,43.7,28.5,5,0,110,26,48,22.7,202.0,55,2.97,8,0.255,0,1,0,1,61.6,HIGH,10.0,304,HIGH_backlog
80.9,0,0,47.37234042497639,78.8,3.8,0,1,0,14,30,5.5,52.8,7,0.38,21,0.017,0,0,1,1,12.0,LOW,0.5,15,LOW_streamlined
84.4,2,0,49.90711240703186,91.6,2.9,0,1,0,6,24,8.1,136.6,16,0.89,28,0.078,0,0,0,1,12.0,LOW,2.3,70,LOW_streamlined
33.4,10,3,547.4225660369061,15.2,52.4,3,0,133,27,60,26.0,251.3,78,3.61,16,0.597,0,0,0,1,82.6,CRITICAL,29.6,900,CRITICAL_injunction
67.7,3,0,83.11125505874257,66.1,17.3,1,1,0,12,36,14.4,223.0,38,1.93,10,0.175,0,0,1,0,24.4,MODERATE,6.2,188,MODERATE_standard
84.7,1,0,11.576532681732212,85.7,4.9,0,1,0,5,24,8.6,215.1,15,0.45,27,0.048,0,0,1,1,12.0,LOW,0.3,9,LOW_streamlined
67.5,5,0,115.46441016331215,61.1,13.6,1,1,0,19,36,15.8,429.1,72,1.34,7,0.147,0,0,0,0,28.0,MODERATE,3.7,112,MODERATE_standard
19.1,14,2,367.2037597496118,14.8,40.1,81,0,334,39,60,33.4,497.6,127,4.82,18,0.488,1,0,0,0,92.8,CRITICAL,21.4,651,CRITICAL_injunction
32.0,12,5,474.28745535082106,5.4,62.7,9,0,122,28,36,21.6,662.3,183,4.97,16,0.757,0,1,0,0,89.4,CRITICAL,20.2,614,CRITICAL_injunction
79.8,1,0,11.705015569703288,96.2,3.1,0,1,0,12,24,5.3,170.0,19,0.62,38,0.018,0,0,1,1,12.0,LOW,1.4,43,LOW_streamlined
78.6,0,0,51.06668005429904,80.5,5.3,0,1,0,6,18,5.4,46.1,5,0.44,23,0.062,0,0,1,1,12.0,LOW,1.3,40,LOW_streamlined
54.1,6,2,275.7280961381917,27.8,30.6,4,1,0,29,36,21.3,150.1,27,2.98,9,0.469,0,1,0,0,50.5,HIGH,12.6,383,HIGH_backlog
14.8,18,3,400.6865119214795,17.5,60.4,11,0,279,24,36,22.7,666.1,225,4.08,20,0.731,0,1,0,0,94.0,CRITICAL,18.8,572,CRITICAL_injunction
63.7,2,0,169.5325141880526,50.9,15.8,0,1,0,16,24,9.5,209.2,43,1.63,11,0.082,0,0,1,0,22.5,LOW,2.2,67,MODERATE_standard
61.3,4,0,170.7631565245151,69.1,14.8,0,1,0,10,24,10.1,235.9,29,1.75,30,0.143,0,0,1,1,25.5,MODERATE,6.4,195,MODERATE_standard
71.7,4,1,75.63620281271682,64.2,9.7,1,1,0,12,24,14.6,362.9,58,1.93,32,0.178,0,0,1,1,25.5,MODERATE,6.5,198,MODERATE_standard
77.8,1,0,17.62495141567848,82.8,7.9,0,1,0,15,18,7.6,195.2,20,0.68,25,0.013,0,0,1,1,12.0,LOW,0.7,21,LOW_streamlined
83.7,0,0,16.72049096225777,83.4,6.8,0,1,0,16,30,4.2,181.5,17,0.4,30,0.025,0,0,1,1,12.0,LOW,0.7,21,LOW_streamlined
67.9,2,0,146.07551241038072,50.8,13.5,2,1,0,11,36,15.0,430.0,77,1.12,33,0.145,0,0,1,1,27.5,MODERATE,5.6,170,MODERATE_standard
39.7,8,3,226.17255661366528,45.0,25.3,8,0,0,22,48,19.9,779.4,141,2.4,9,0.375,0,0,0,0,57.6,HIGH,14.6,444,HIGH_backlog
12.1,14,2,438.32554669829756,5.3,62.5,17,0,250,38,36,29.0,1205.8,342,5.47,19,0.731,0,0,0,0,94.0,CRITICAL,16.2,492,CRITICAL_injunction
88.4,1,0,23.330650650390645,77.9,7.0,0,1,0,4,24,6.2,211.0,19,0.43,44,0.031,0,0,1,0,12.0,LOW,0.3,9,LOW_streamlined
14.2,12,5,331.940693741393,15.3,37.7,19,0,306,45,36,34.6,1395.3,380,4.15,22,0.561,0,1,0,0,92.6,CRITICAL,24.4,742,CRITICAL_injunction
51.2,6,1,247.38593464659868,35.3,35.9,4,0,63,21,48,20.8,170.4,44,2.96,9,0.352,0,1,0,0,57.2,HIGH,13.3,404,HIGH_backlog
75.5,1,0,19.962853729577425,96.7,3.8,0,1,0,9,24,5.4,216.2,33,0.88,14,0.042,0,0,1,0,14.5,LOW,2.0,61,LOW_streamlined
77.1,2,0,49.39779951132419,82.0,6.7,0,1,0,9,30,5.6,248.2,39,0.62,27,0.066,0,0,0,1,12.7,LOW,1.6,49,LOW_streamlined
73.3,4,0,106.6787748726532,50.7,13.8,0,1,0,11,24,13.9,87.1,19,1.92,13,0.154,0,0,1,0,25.2,MODERATE,6.4,195,MODERATE_standard
69.9,4,0,114.76247082995349,54.9,9.5,1,1,0,16,24,10.3,339.3,59,1.61,21,0.183,0,0,1,1,26.8,MODERATE,4.9,149,MODERATE_standard
30.5,12,4,472.57406206688233,12.4,44.6,9,0,282,25,48,33.6,733.9,182,3.98,12,0.789,0,0,0,1,85.8,CRITICAL,23.3,708,CRITICAL_injunction
33.5,10,2,528.1328996636777,7.7,56.9,6,0,266,40,48,20.3,527.1,139,5.18,9,0.687,0,1,0,0,94.0,CRITICAL,28.1,854,CRITICAL_injunction
84.6,1,0,39.14169138279941,91.1,2.3,0,1,0,9,18,5.5,243.2,27,0.7,21,0.029,0,0,1,1,12.0,LOW,0.9,27,LOW_streamlined
69.7,2,0,68.02899358544015,54.7,9.2,0,1,0,21,36,11.6,197.7,20,1.65,38,0.139,0,0,1,0,18.9,LOW,0.2,6,MODERATE_standard
61.2,3,1,170.73000135030594,51.1,13.1,2,1,0,16,24,15.3,367.1,58,1.68,39,0.131,0,0,0,0,34.0,MODERATE,4.6,140,MODERATE_standard
91.2,0,0,17.729053987263494,81.5,5.0,0,1,0,16,30,4.0,76.4,6,0.6,21,0.03,0,0,1,1,12.0,LOW,0.2,6,LOW_streamlined
59.7,4,0,128.73277606470413,55.8,13.8,1,1,0,9,24,9.8,160.5,39,1.73,38,0.214,0,0,0,1,31.2,MODERATE,5.0,152,MODERATE_standard
79.2,1,0,27.283024665080244,92.7,5.8,0,1,0,6,30,7.5,78.3,6,0.56,37,0.025,0,0,0,1,12.0,LOW,0.3,9,LOW_streamlined
53.7,6,2,273.80023904609004,38.7,20.1,12,0,0,24,48,21.1,331.6,55,2.21,29,0.355,1,1,0,1,53.4,HIGH,8.0,243,HIGH_backlog
63.2,3,1,62.17880521366435,59.6,8.0,0,1,0,18,36,13.4,97.8,19,1.17,23,0.108,0,0,0,0,27.8,MODERATE,4.9,149,MODERATE_standard
71.0,3,0,157.44419790773267,69.2,12.4,0,1,0,10,24,15.2,383.3,63,1.12,14,0.124,0,0,0,1,20.5,LOW,2.5,76,MODERATE_standard
24.9,10,2,384.5950237671155,8.2,45.3,185,0,173,28,48,31.7,1083.2,327,4.64,18,0.589,1,0,0,0,93.2,CRITICAL,28.8,876,CRITICAL_injunction
65.0,2,0,82.88737205486086,56.9,16.4,0,1,0,11,36,15.9,154.9,28,1.69,23,0.141,0,0,1,1,21.7,LOW,0.6,18,MODERATE_standard
86.6,0,0,41.24985953424369,88.3,1.4,0,1,0,8,18,6.8,64.0,11,0.52,16,0.021,0,0,0,1,12.0,LOW,1.9,58,LOW_streamlined
64.9,2,1,165.64110626557562,62.4,13.2,0,1,0,13,24,9.9,74.9,13,1.86,11,0.114,0,1,0,1,28.1,MODERATE,4.7,143,MODERATE_standard
58.8,4,1,174.74009365547866,60.8,10.6,0,1,0,23,24,10.5,64.0,13,1.19,26,0.141,0,0,1,1,28.4,MODERATE,6.5,198,MODERATE_standard
49.7,6,3,246.02261501289712,28.0,23.1,48,1,0,36,48,19.4,742.1,221,2.69,23,0.427,1,1,0,1,59.5,HIGH,12.5,380,HIGH_backlog
93.3,0,0,19.10011943800931,87.0,1.1,0,1,0,15,18,6.8,126.2,13,0.46,37,0.069,0,0,1,1,12.0,LOW,1.4,43,LOW_streamlined
60.6,3,1,137.17396137611453,63.5,15.8,4,1,0,19,36,11.1,363.7,87,1.28,11,0.218,0,0,1,0,30.5,MODERATE,6.8,207,MODERATE_standard
79.6,0,0,58.736176419471825,92.5,3.1,0,1,0,16,18,7.7,151.3,8,0.38,43,0.013,0,0,1,1,12.0,LOW,0.8,24,LOW_streamlined
66.6,4,1,119.88268539062591,69.8,16.7,2,1,0,9,24,11.8,296.2,53,1.3,21,0.2,0,1,0,1,31.6,MODERATE,6.8,207,MODERATE_standard
53.2,7,1,278.07081392067903,41.9,21.0,11,1,60,23,36,22.5,208.1,52,2.65,23,0.48,0,1,0,0,50.8,HIGH,9.6,292,HIGH_backlog
58.8,2,0,129.0681852255533,69.5,11.4,1,1,0,20,24,11.0,419.5,76,1.46,36,0.088,0,0,0,1,27.4,MODERATE,7.4,225,MODERATE_standard
31.7,10,3,299.9220262528586,13.7,40.8,82,1,187,46,60,32.3,670.3,211,3.7,21,0.648,1,0,0,1,67.8,HIGH,14.9,453,CRITICAL_injunction
46.6,6,2,232.48195306667884,30.1,22.4,31,1,0,35,36,20.6,595.3,148,2.28,18,0.444,0,1,0,0,49.6,HIGH,11.0,334,HIGH_backlog
88.3,2,0,24.329849491714256,97.1,6.1,0,1,0,15,30,5.5,72.6,9,0.26,25,0.064,0,0,1,1,12.0,LOW,2.1,64,LOW_streamlined
82.8,2,0,59.113804905721345,96.1,7.7,0,1,0,12,24,8.9,189.5,16,0.42,30,0.065,0,0,0,1,12.0,LOW,2.3,70,LOW_streamlined
19.7,10,3,280.5511456490075,11.8,50.3,194,1,319,26,36,28.5,1168.3,276,4.23,10,0.61,1,0,0,1,72.4,CRITICAL,27.6,839,CRITICAL_injunction
15.9,10,3,464.43557033290404,20.1,59.4,49,0,138,42,48,24.2,326.6,100,4.53,19,0.474,1,0,0,1,89.4,CRITICAL,22.0,669,CRITICAL_injunction
77.1,0,0,19.318285980054682,93.7,7.2,0,1,0,14,18,8.3,106.3,17,0.87,13,0.079,0,0,1,1,12.0,LOW,2.0,61,LOW_streamlined
26.5,12,5,366.39871610484033,18.8,51.0,183,1,184,28,48,29.4,906.3,252,5.02,7,0.723,1,0,0,1,74.0,CRITICAL,29.1,885,CRITICAL_injunction
52.6,9,2,195.8400429824921,45.6,34.8,12,1,0,21,36,18.0,259.3,51,3.56,7,0.367,0,1,0,0,58.3,HIGH,8.4,255,HIGH_backlog
54.8,8,1,223.5676488479281,38.2,24.9,7,0,0,23,36,16.3,515.3,126,2.63,19,0.253,1,0,0,0,54.6,HIGH,8.4,255,HIGH_backlog
67.5,4,0,149.57082183239524,53.8,12.6,0,1,0,14,24,15.2,195.2,26,1.58,14,0.083,0,0,0,0,24.3,MODERATE,5.5,167,MODERATE_standard
48.2,9,3,255.87078545065606,43.1,34.7,50,1,0,37,36,17.8,642.8,209,3.2,9,0.368,1,1,0,1,63.0,HIGH,13.1,398,HIGH_backlog
51.0,7,3,260.82085867335945,39.1,34.2,3,0,0,34,36,22.4,228.3,42,3.08,27,0.338,0,1,0,0,58.7,HIGH,13.5,410,HIGH_backlog
21.3,14,5,421.2786301705553,20.9,50.7,131,1,203,45,36,22.1,1376.6,324,5.0,12,0.47,1,0,0,1,75.9,CRITICAL,19.2,584,CRITICAL_injunction
13.2,14,3,282.2771277027639,19.0,38.8,214,0,141,30,36,22.3,1347.8,331,3.99,15,0.572,1,0,0,1,88.9,CRITICAL,28.2,857,CRITICAL_injunction
62.5,2,0,88.07550756779838,55.7,9.7,0,1,0,16,36,15.0,112.9,18,1.88,24,0.208,0,1,0,1,28.9,MODERATE,6.1,185,MODERATE_standard
27.2,10,3,425.48532082238887,12.8,64.9,8,0,217,48,60,23.3,506.5,179,4.96,13,0.487,0,0,0,1,89.8,CRITICAL,28.4,863,CRITICAL_injunction
80.8,1,0,21.053164686779645,84.6,6.7,0,1,0,14,24,7.3,113.6,14,0.86,26,0.021,0,0,0,1,12.0,LOW,1.2,36,LOW_streamlined
50.6,6,3,234.73560117860004,45.6,35.3,2,1,0,24,48,16.2,109.6,25,2.4,16,0.486,1,0,0,0,50.7,HIGH,11.7,356,HIGH_backlog
35.8,12,3,361.00209045969615,10.0,57.4,75,1,230,43,60,24.7,463.0,106,3.8,18,0.553,1,0,0,1,70.3,CRITICAL,30.9,939,CRITICAL_injunction
60.4,3,0,168.47424050589825,55.5,17.7,0,1,0,20,24,12.7,80.7,20,1.7,13,0.212,0,0,1,1,29.2,MODERATE,3.4,103,MODERATE_standard
87.4,0,0,25.221671097086954,80.9,5.1,0,1,0,5,18,4.8,173.4,16,0.68,42,0.021,0,0,1,0,12.0,LOW,1.7,52,LOW_streamlined
58.8,4,0,158.25059875573072,59.5,15.8,0,1,0,12,24,11.5,258.3,41,1.53,37,0.101,0,0,1,1,29.1,MODERATE,6.7,204,MODERATE_standard
79.3,0,0,25.828526423239875,95.6,3.7,0,1,0,4,24,5.7,126.7,21,0.74,31,0.039,0,0,1,1,12.0,LOW,2.2,67,LOW_streamlined
81.7,0,0,32.486331156983894,78.4,6.5,0,1,0,5,18,7.1,237.0,28,0.37,34,0.023,0,0,1,1,12.0,LOW,2.0,61,LOW_streamlined
50.5,8,3,302.131277265131,32.0,34.7,5,0,107,32,48,19.0,356.0,98,2.22,29,0.444,0,1,0,1,66.6,HIGH,9.7,295,HIGH_backlog
76.1,0,0,18.77948252895539,91.1,4.5,0,1,0,15,24,8.7,209.8,23,0.48,21,0.013,0,0,1,1,12.0,LOW,0.6,18,LOW_streamlined
58.9,3,0,77.10560729288594,57.1,15.6,0,1,0,15,36,9.0,336.6,50,1.68,37,0.206,0,1,1,0,28.1,MODERATE,5.4,164,MODERATE_standard
59.9,3,0,116.6524355712715,51.8,10.5,1,1,0,10,24,14.0,269.4,53,1.21,17,0.138,0,0,0,1,32.1,MODERATE,3.3,100,MODERATE_standard
73.0,3,0,78.53917391453577,57.1,15.5,2,1,0,15,36,9.5,358.5,63,1.66,31,0.152,0,0,1,0,28.5,MODERATE,7.2,219,MODERATE_standard
64.2,3,0,111.67896372725461,52.2,15.5,0,1,0,17,36,14.4,203.1,39,1.12,10,0.157,0,0,1,1,27.3,MODERATE,7.3,222,MODERATE_standard
35.5,14,3,435.5509916583042,11.7,38.5,107,0,322,50,48,21.0,602.8,180,3.96,17,0.737,1,0,0,0,86.0,CRITICAL,20.1,611,CRITICAL_injunction
45.1,9,1,232.209073631428,25.9,24.3,1,1,92,29,48,23.5,134.5,27,2.3,28,0.397,0,0,0,0,51.2,HIGH,13.3,404,HIGH_backlog
21.0,12,3,353.99852593952426,20.8,48.3,9,0,210,49,36,27.1,621.5,196,5.2,20,0.457,0,0,0,0,93.4,CRITICAL,17.8,541,CRITICAL_injunction
14.2,10,2,285.59220052169275,17.7,52.6,178,0,150,47,48,28.6,1320.1,350,4.0,9,0.571,1,0,0,0,91.7,CRITICAL,29.8,906,CRITICAL_injunction
16.7,12,3,438.72242847276084,11.8,48.2,6,0,327,24,60,21.2,635.6,137,4.09,7,0.64,0,1,0,0,91.7,CRITICAL,20.4,620,CRITICAL_injunction
71.5,3,0,177.75320590802517,64.1,9.5,0,1,0,21,24,9.8,371.6,53,1.67,26,0.081,0,0,1,0,18.9,LOW,1.2,36,MODERATE_standard
73.0,4,0,178.74016126289138,57.6,10.8,1,1,0,22,24,11.0,270.0,41,1.13,33,0.086,0,0,1,0,23.4,LOW,1.8,55,MODERATE_standard
45.4,6,2,278.4087657805339,46.6,32.6,3,1,109,37,48,24.0,123.0,37,2.97,9,0.32,0,0,0,0,57.3,HIGH,10.5,319,HIGH_backlog
43.3,9,1,306.8917545335467,47.4,27.8,8,1,0,22,48,18.9,240.1,71,3.43,15,0.251,0,0,0,0,55.2,HIGH,11.1,337,HIGH_backlog
91.9,0,0,20.95034130234473,95.6,6.8,0,1,0,15,18,4.4,57.1,8,0.39,43,0.08,0,0,1,1,12.0,LOW,1.2,36,LOW_streamlined
66.6,3,0,168.92778541255393,55.3,13.6,1,1,0,20,24,9.3,259.4,43,1.26,28,0.165,0,0,0,0,28.7,MODERATE,4.4,134,MODERATE_standard
48.1,6,1,236.7601323607787,29.4,27.3,6,1,0,22,36,19.0,319.2,61,3.55,27,0.348,0,1,0,0,53.2,HIGH,8.6,261,HIGH_backlog
58.9,4,0,142.0433220787618,54.0,10.6,0,1,0,12,24,13.5,201.1,28,1.15,6,0.142,0,0,0,0,27.8,MODERATE,3.2,97,MODERATE_standard
39.7,6,3,220.3343347994661,35.4,33.9,3,1,78,28,36,18.2,161.3,42,3.23,11,0.336,0,1,0,0,61.9,HIGH,12.0,365,HIGH_backlog
15.9,10,2,460.8270629495999,9.2,58.4,60,0,353,48,60,20.8,443.6,154,3.63,8,0.638,1,0,0,0,90.8,CRITICAL,27.5,836,CRITICAL_injunction
55.1,9,1,318.8925866303466,47.4,35.6,10,0,103,35,48,20.6,511.0,110,2.96,14,0.281,0,0,0,0,61.3,HIGH,10.3,313,HIGH_backlog
42.3,6,2,217.77111804178747,47.5,20.4,3,1,0,21,48,23.8,286.5,68,2.7,15,0.497,1,1,0,1,52.0,HIGH,11.1,337,HIGH_backlog
60.2,3,0,82.29038429670818,70.9,13.7,0,1,0,13,24,10.6,167.2,33,1.66,10,0.105,0,0,1,1,21.4,LOW,1.8,55,MODERATE_standard
95.4,0,0,42.92044691287326,76.7,1.6,0,1,0,16,18,6.5,87.1,5,0.66,46,0.033,0,0,1,0,12.0,LOW,2.1,64,LOW_streamlined
35.8,10,3,339.5466330554983,7.4,51.9,50,0,231,26,48,22.3,255.9,85,4.82,11,0.672,1,0,0,0,91.2,CRITICAL,18.7,568,CRITICAL_injunction
53.8,9,1,194.020475446115,42.1,27.9,18,1,0,21,48,23.7,392.2,115,3.2,21,0.488,0,0,0,0,52.2,HIGH,11.5,350,HIGH_backlog
82.7,0,0,35.05148650555532,75.1,6.6,0,1,0,13,24,8.4,223.8,22,0.27,30,0.024,0,0,1,1,12.0,LOW,2.1,64,LOW_streamlined
40.6,9,1,234.22443626198773,34.0,22.6,4,0,70,27,36,23.7,228.0,35,2.38,9,0.359,0,0,0,1,59.5,HIGH,13.1,398,HIGH_backlog
66.7,3,0,144.07324620583475,62.2,12.1,2,1,0,11,36,13.1,376.6,68,1.64,15,0.214,0,0,1,1,24.2,MODERATE,4.1,125,MODERATE_standard
81.0,0,0,25.679865666215104,84.0,3.9,0,1,0,16,18,8.6,180.3,29,0.43,30,0.038,0,0,0,1,12.7,LOW,1.3,40,LOW_streamlined
82.9,1,0,26.321376172215167,88.2,0.7,0,1,0,5,30,8.7,104.3,5,0.7,47,0.052,0,0,1,1,12.0,LOW,1.9,58,LOW_streamlined
77.2,0,0,17.834845992093868,78.1,2.1,0,1,0,11,18,6.6,107.2,10,0.73,26,0.024,0,0,0,1,12.0,LOW,2.3,70,LOW_streamlined
47.9,7,1,230.4056099781186,34.9,33.2,17,1,66,37,36,19.2,408.6,119,2.39,29,0.393,0,0,0,0,51.2,HIGH,9.0,274,HIGH_backlog
71.7,2,0,174.8946105752118,58.8,8.7,2,1,0,8,36,10.0,299.1,62,1.2,12,0.211,0,0,1,1,19.9,LOW,1.8,55,MODERATE_standard
50.4,6,2,276.7602784185842,32.7,22.7,13,0,65,35,36,23.1,238.5,62,2.45,28,0.322,1,0,0,0,59.2,HIGH,8.8,268,HIGH_backlog
61.0,4,1,171.70223569944005,64.9,8.1,0,1,0,15,24,10.1,149.9,30,1.9,14,0.156,0,0,1,1,27.7,MODERATE,5.1,155,MODERATE_standard
55.7,6,2,255.8480165727415,32.3,33.9,4,0,0,23,36,16.4,169.0,27,2.96,19,0.489,0,1,0,0,56.3,HIGH,9.1,277,HIGH_backlog
81.9,0,0,40.71152476711502,95.9,7.9,0,1,0,10,24,4.4,85.7,8,0.72,42,0.043,0,0,0,1,12.0,LOW,2.0,61,LOW_streamlined
87.3,0,0,52.40772466524979,90.3,5.0,0,1,0,5,24,8.6,110.8,13,0.4,40,0.044,0,0,0,1,12.0,LOW,0.6,18,LOW_streamlined
61.3,3,0,168.29829978473003,50.8,15.5,1,1,0,9,24,14.8,364.3,51,1.93,9,0.219,0,1,1,1,34.0,MODERATE,7.3,222,MODERATE_standard
42.5,6,2,231.63679007099603,28.7,32.4,32,1,109,27,48,16.8,466.2,150,2.78,4,0.457,1,0,0,1,60.4,HIGH,10.7,325,HIGH_backlog
73.6,3,0,127.90821789499951,63.7,10.9,0,1,0,9,36,10.4,415.1,84,1.18,19,0.191,0,0,0,0,21.6,LOW,2.4,73,MODERATE_standard
63.8,2,0,94.06380614820552,64.6,12.1,0,1,0,11,24,12.6,259.1,29,1.78,34,0.184,0,1,1,0,25.3,MODERATE,4.1,125,MODERATE_standard
51.6,6,2,309.61134627011074,45.3,24.8,9,1,0,21,48,23.7,481.0,109,2.79,22,0.48,1,1,0,1,57.4,HIGH,10.9,331,HIGH_backlog
60.3,4,1,111.93374413635183,56.5,12.9,0,1,0,16,36,12.0,69.6,16,1.17,18,0.137,0,0,1,1,28.9,MODERATE,5.0,152,MODERATE_standard
39.5,9,1,297.46497657737126,27.0,21.0,9,0,88,30,48,17.2,566.0,160,3.28,18,0.392,0,0,0,0,63.7,HIGH,15.0,456,HIGH_backlog
69.0,2,0,151.07231581038374,63.2,17.7,0,1,0,19,24,15.4,142.9,32,1.45,7,0.098,0,0,1,0,21.1,LOW,2.4,73,MODERATE_standard
71.7,3,1,92.18503929728575,57.1,14.3,0,1,0,16,24,14.5,94.9,14,1.74,6,0.201,0,0,1,1,25.7,MODERATE,6.0,182,MODERATE_standard
83.2,1,0,25.293926398885645,75.2,1.4,0,1,0,6,24,8.4,62.0,1,0.54,40,0.04,0,0,1,1,12.0,LOW,2.1,64,LOW_streamlined
72.0,5,1,151.83245467220115,53.7,14.4,2,1,0,8,24,12.1,412.0,108,1.78,26,0.183,0,0,0,1,31.2,MODERATE,3.7,112,MODERATE_standard
38.6,6,1,182.0795409885427,36.9,25.4,11,1,76,30,36,23.6,254.0,60,3.33,10,0.484,0,1,0,1,54.8,HIGH,10.4,316,HIGH_backlog
58.0,5,0,159.26222846365658,58.0,12.3,0,1,0,15,36,10.0,265.1,33,1.21,12,0.212,0,0,1,1,26.2,MODERATE,6.4,195,MODERATE_standard
45.2,8,2,279.49486008216576,42.8,34.5,7,1,70,35,48,18.2,150.0,60,3.37,20,0.313,0,0,0,0,57.6,HIGH,11.8,359,HIGH_backlog
27.8,18,2,490.7079348996507,15.3,40.2,61,0,168,38,60,20.8,461.7,85,5.41,5,0.733,1,0,0,0,94.0,CRITICAL,31.8,967,CRITICAL_injunction
67.9,4,1,148.1388370158767,60.5,9.5,0,1,0,23,24,10.1,81.1,17,1.93,22,0.177,0,0,0,1,25.4,MODERATE,5.9,179,MODERATE_standard
86.6,0,0,37.55461124950604,89.9,3.3,0,1,0,16,24,6.1,211.0,23,0.36,18,0.044,0,0,1,1,12.0,LOW,1.1,33,LOW_streamlined
76.9,0,0,29.093251611945156,93.4,5.3,0,1,0,14,18,5.4,193.2,22,0.33,46,0.059,0,0,0,1,12.0,LOW,2.3,70,LOW_streamlined
85.1,1,0,14.25331703393234,80.4,5.9,0,1,0,17,24,8.3,103.8,9,0.71,46,0.064,0,0,1,1,14.1,LOW,2.1,64,LOW_streamlined
38.9,6,2,239.07497522145604,28.6,29.1,15,1,59,21,48,19.5,621.6,156,2.25,5,0.298,0,1,0,0,52.7,HIGH,13.5,410,HIGH_backlog
34.4,10,2,533.9537847476428,7.8,37.5,202,1,209,49,48,21.0,1245.5,313,4.76,7,0.536,1,0,0,0,78.2,CRITICAL,27.4,833,CRITICAL_injunction
14.6,18,5,285.75779479545105,10.3,60.5,24,1,299,41,48,21.2,1439.2,493,4.39,5,0.614,0,0,0,1,78.2,CRITICAL,18.4,559,CRITICAL_injunction
85.6,1,0,36.57084108739096,97.8,4.2,0,1,0,7,30,4.2,165.9,10,0.59,29,0.073,0,0,1,1,12.0,LOW,1.8,55,LOW_streamlined
42.5,6,3,219.49504089579878,39.2,35.8,8,0,0,20,36,17.4,194.1,51,3.04,9,0.307,0,1,0,0,61.7,HIGH,12.5,380,HIGH_backlog
71.7,3,0,117.36445090192768,51.2,11.4,3,1,0,10,24,12.9,277.9,66,1.89,6,0.19,0,0,1,1,29.9,MODERATE,5.7,173,MODERATE_standard
24.5,18,5,396.36102388313185,17.9,40.1,48,0,349,44,36,21.0,289.4,85,4.69,5,0.476,1,0,0,1,88.7,CRITICAL,19.7,599,CRITICAL_injunction
77.3,0,0,56.26723840999993,84.2,4.3,0,1,0,14,24,4.3,188.3,15,0.49,41,0.053,0,0,1,0,12.0,LOW,0.9,27,LOW_streamlined
16.6,12,4,293.38229306862235,22.9,56.6,7,0,309,25,48,26.7,533.0,150,4.46,19,0.491,0,1,0,0,93.9,CRITICAL,24.6,748,CRITICAL_injunction
39.3,6,3,302.63536107358294,46.1,34.8,19,0,0,18,48,16.9,781.7,173,2.43,9,0.452,1,1,0,1,66.7,HIGH,11.0,334,HIGH_backlog
21.1,14,5,468.23581411573605,8.5,49.9,47,0,353,42,36,30.4,214.7,65,4.99,9,0.466,1,0,0,0,94.0,CRITICAL,27.0,821,CRITICAL_injunction
14.1,10,4,530.387262461988,15.8,63.6,89,0,159,47,48,24.6,415.3,141,3.72,18,0.52,1,0,0,0,91.6,CRITICAL,24.2,736,CRITICAL_injunction
51.4,6,2,217.8230635458841,36.0,20.4,19,1,0,22,36,23.3,419.5,98,3.33,4,0.497,1,1,0,0,53.0,HIGH,12.6,383,HIGH_backlog
48.0,6,1,256.1891551294094,31.9,32.9,12,0,0,34,36,19.9,331.4,101,3.01,11,0.264,1,1,0,1,61.3,HIGH,11.1,337,HIGH_backlog
43.8,9,3,228.38949004481375,29.9,34.1,2,0,0,31,48,20.7,183.6,38,2.44,23,0.378,0,1,0,1,62.0,HIGH,13.6,413,HIGH_backlog
66.0,3,0,79.57204875200257,53.2,13.5,1,1,0,13,36,11.3,349.6,45,1.67,38,0.195,0,0,1,0,28.1,MODERATE,5.0,152,MODERATE_standard
53.9,6,1,186.12682550401234,35.0,34.8,32,0,0,37,36,21.2,603.0,149,2.97,29,0.428,1,1,0,0,55.5,HIGH,10.1,307,HIGH_backlog
64.7,5,0,81.06479263589276,51.6,17.1,1,1,0,10,24,12.4,219.2,31,1.91,12,0.081,0,0,1,1,36.4,MODERATE,3.3,100,MODERATE_standard
66.1,3,0,114.36274898732616,65.9,12.7,0,1,0,21,36,14.1,429.8,45,1.86,21,0.149,0,0,1,0,24.5,MODERATE,5.5,167,MODERATE_standard
66.1,5,1,164.60965892882194,57.2,13.8,0,1,0,22,36,14.0,70.6,19,1.49,10,0.207,0,1,0,1,29.6,MODERATE,6.6,201,MODERATE_standard
16.5,12,2,335.67266111623877,13.4,51.6,8,0,206,48,60,32.9,708.3,176,5.13,8,0.617,0,0,0,0,94.0,CRITICAL,30.4,924,CRITICAL_injunction
44.2,8,2,286.3809693210454,43.5,35.1,25,1,117,37,36,16.8,556.6,142,2.38,4,0.426,0,0,0,1,59.7,HIGH,12.2,371,HIGH_backlog
79.9,0,0,52.035105006386864,77.1,7.9,0,1,0,8,18,5.0,218.9,20,0.38,17,0.051,0,0,1,1,12.0,LOW,2.2,67,LOW_streamlined
47.9,8,2,191.96621205625507,46.1,29.1,6,0,90,27,48,17.3,184.9,49,3.55,18,0.354,0,0,0,0,63.3,HIGH,13.0,395,HIGH_backlog
88.7,1,0,18.073922152689363,76.9,0.1,0,1,0,13,30,7.8,162.6,33,0.77,45,0.067,0,0,1,1,12.0,LOW,0.5,15,LOW_streamlined
59.2,2,1,156.96973736906813,69.1,18.0,0,1,0,22,36,14.9,125.5,18,1.83,37,0.186,0,0,1,1,24.5,MODERATE,4.8,146,MODERATE_standard
63.5,4,0,91.28376244425414,70.8,11.1,0,1,0,22,24,9.9,61.8,18,1.82,30,0.095,0,1,1,0,28.8,MODERATE,7.0,213,MODERATE_standard
32.4,10,5,323.8076110154976,15.4,64.6,9,0,297,34,36,20.9,818.4,181,4.47,10,0.781,0,0,0,0,93.4,CRITICAL,18.4,559,CRITICAL_injunction
64.8,5,1,90.3650326084023,54.2,9.9,1,1,0,15,36,9.4,280.4,49,1.39,34,0.111,0,0,1,0,32.6,MODERATE,3.9,119,MODERATE_standard
26.1,10,2,493.11124744524363,19.9,47.9,13,0,187,43,36,22.1,815.7,265,5.19,18,0.674,0,1,0,0,94.0,CRITICAL,21.0,638,CRITICAL_injunction
52.3,8,2,248.44938351423554,27.5,24.8,4,0,0,37,36,24.0,213.2,53,2.88,18,0.383,0,0,0,0,58.1,HIGH,13.5,410,HIGH_backlog
64.1,3,0,90.58811045390775,64.7,15.8,2,1,0,9,36,15.6,400.6,75,2.0,11,0.091,0,0,0,1,31.8,MODERATE,5.4,164,MODERATE_standard
32.2,18,3,392.7343810156015,7.3,42.7,15,0,289,27,36,33.7,1305.7,303,4.11,15,0.613,0,0,0,0,85.4,CRITICAL,23.8,724,CRITICAL_injunction
93.5,1,0,28.5614768870301,75.6,6.5,0,1,0,15,30,7.6,20.2,3,0.52,36,0.029,0,0,1,1,12.0,LOW,2.4,73,LOW_streamlined
15.1,10,5,443.26655192555376,19.6,52.1,14,0,251,45,60,24.6,1065.1,295,5.17,11,0.654,0,0,0,0,94.0,CRITICAL,16.9,514,CRITICAL_injunction
85.2,0,0,28.078999690965357,94.5,5.2,0,1,0,11,18,6.8,236.1,23,0.72,25,0.029,0,0,0,1,12.0,LOW,1.2,36,LOW_streamlined
69.1,3,1,103.7876448624762,66.4,14.7,0,1,0,15,24,9.0,322.8,54,1.23,7,0.101,0,0,0,1,25.2,MODERATE,4.2,128,MODERATE_standard
16.3,12,2,419.3581200986186,15.1,61.0,17,0,296,26,60,28.9,1305.8,356,4.57,9,0.671,0,1,0,0,94.0,CRITICAL,23.7,720,CRITICAL_injunction
51.7,6,2,206.07050182286395,45.2,25.2,32,1,0,21,36,22.5,660.3,149,2.95,12,0.41,0,1,0,1,50.4,HIGH,13.7,416,HIGH_backlog
28.0,18,2,426.91364009014194,23.6,41.2,7,0,229,28,48,32.2,582.0,140,4.98,8,0.578,0,1,0,1,91.6,CRITICAL,22.7,690,CRITICAL_injunction
25.9,12,5,438.75162636300536,13.2,51.7,83,0,237,43,48,33.9,476.6,116,4.19,23,0.586,1,0,0,0,91.9,CRITICAL,17.1,520,CRITICAL_injunction
39.2,7,3,222.13004535773592,43.4,23.1,30,0,92,28,48,21.9,782.2,173,3.59,4,0.444,1,0,0,0,66.8,HIGH,12.2,371,HIGH_backlog
62.2,4,0,132.4761355517129,54.1,12.5,2,1,0,20,24,10.1,326.6,59,1.94,39,0.135,0,1,0,0,32.3,MODERATE,3.7,112,MODERATE_standard
14.1,18,2,371.98709599663624,16.6,43.7,15,0,127,33,60,30.3,1451.8,315,3.75,21,0.595,0,0,0,0,87.4,CRITICAL,22.0,669,CRITICAL_injunction
20.1,12,3,314.28264659555566,13.1,53.9,108,0,168,26,60,26.5,1193.9,266,5.44,22,0.719,1,0,0,0,94.0,CRITICAL,27.0,821,CRITICAL_injunction
89.4,0,0,30.004468907602185,80.0,2.7,0,1,0,7,18,7.9,129.1,19,0.64,44,0.05,0,0,1,1,12.0,LOW,2.1,64,LOW_streamlined
20.7,10,3,525.2171018990957,20.8,63.5,3,0,313,46,60,34.6,326.0,68,3.65,3,0.602,0,0,0,0,87.3,CRITICAL,24.5,745,CRITICAL_injunction
84.5,1,0,35.30833975250722,90.8,5.6,0,1,0,5,24,5.1,224.3,34,0.76,17,0.057,0,0,1,1,12.0,LOW,2.1,64,LOW_streamlined
70.4,3,0,138.78876655025334,65.5,12.2,0,1,0,11,24,9.9,231.9,45,1.9,17,0.19,0,0,1,1,21.4,LOW,0.5,15,MODERATE_standard
27.2,10,5,459.18254257050455,14.2,45.6,13,1,237,26,36,22.3,766.1,276,5.32,12,0.476,0,0,0,1,71.1,CRITICAL,27.4,833,CRITICAL_injunction
95.9,0,0,15.482983881962856,76.2,7.0,0,1,0,16,24,7.4,159.3,25,0.44,18,0.025,0,0,1,1,12.0,LOW,1.5,46,LOW_streamlined
70.0,3,0,110.10138134862255,68.1,14.6,0,1,0,15,36,10.0,53.8,10,1.36,38,0.14,0,0,0,0,23.9,LOW,1.2,36,MODERATE_standard
39.9,8,1,284.4606832561761,33.4,33.6,13,1,0,21,48,20.2,448.5,86,3.09,28,0.443,0,0,0,0,55.4,HIGH,13.1,398,HIGH_backlog
59.4,2,0,177.70798828516848,61.1,8.1,1,1,0,12,36,10.0,403.0,83,1.14,34,0.118,0,1,1,1,28.7,MODERATE,7.0,213,MODERATE_standard
60.7,3,0,153.7816888517276,61.0,8.3,1,1,0,16,36,10.6,239.8,28,1.93,25,0.155,0,0,1,1,31.2,MODERATE,4.0,122,MODERATE_standard
63.9,4,0,157.0175771935339,60.0,16.4,0,1,0,16,24,9.2,175.0,16,1.88,38,0.204,0,0,1,0,28.9,MODERATE,3.5,106,MODERATE_standard
18.8,12,5,364.9881224308575,10.9,42.5,191,1,257,35,36,28.9,1432.7,338,4.39,6,0.517,1,0,0,0,75.9,CRITICAL,20.6,626,CRITICAL_injunction
88.3,1,0,38.70653821853735,91.1,4.0,0,1,0,11,18,7.4,79.2,9,0.8,13,0.068,0,0,0,1,12.0,LOW,1.5,46,LOW_streamlined
80.0,2,0,30.467332031868086,80.0,4.0,0,1,0,5,18,6.2,28.6,3,0.35,40,0.043,0,0,1,1,12.0,LOW,0.4,12,LOW_streamlined
54.9,6,3,218.28207437656442,46.5,23.7,24,0,0,23,48,19.0,663.6,161,3.54,28,0.401,0,0,0,0,53.0,HIGH,14.3,435,HIGH_backlog
31.7,12,3,284.8577162837037,9.0,53.9,20,0,304,48,48,33.5,252.6,59,4.71,9,0.604,1,0,0,0,93.5,CRITICAL,19.2,584,CRITICAL_injunction
69.7,4,1,62.39749965494861,66.7,8.7,0,1,0,8,36,10.7,411.4,75,1.17,37,0.152,0,0,1,0,21.5,LOW,1.6,49,MODERATE_standard
43.9,7,1,240.29492237753766,32.3,33.7,11,1,0,34,36,18.0,614.9,138,3.39,22,0.316,0,1,0,1,56.3,HIGH,14.7,447,HIGH_backlog
59.6,2,0,126.4953719152056,69.9,11.2,2,1,0,19,36,9.4,443.7,69,1.22,15,0.094,0,0,0,1,28.2,MODERATE,4.7,143,MODERATE_standard
40.7,6,2,307.932300446157,28.8,28.0,12,1,86,30,48,23.0,181.5,59,3.5,25,0.481,1,0,0,1,60.9,HIGH,10.0,304,HIGH_backlog
47.4,9,2,256.60027772700045,29.8,20.1,18,0,0,21,36,18.2,658.4,131,3.37,11,0.464,1,0,0,0,58.3,HIGH,11.3,344,HIGH_backlog
23.1,14,5,378.97625605039093,8.9,39.8,18,0,160,47,36,29.9,1163.3,376,3.74,17,0.659,0,0,0,0,86.4,CRITICAL,25.6,778,CRITICAL_injunction
72.4,2,0,100.97468881098507,69.2,12.7,1,1,0,21,36,9.3,185.8,38,1.27,30,0.145,0,0,0,1,20.2,LOW,2.3,70,MODERATE_standard
71.7,5,0,129.70279040059802,62.2,13.5,0,1,0,19,24,9.5,264.6,37,1.99,27,0.092,0,1,1,1,29.4,MODERATE,7.0,213,MODERATE_standard
46.8,8,2,225.58765811286992,40.5,27.7,3,0,111,33,36,19.2,230.9,63,2.53,5,0.464,0,0,0,1,66.0,HIGH,13.5,410,HIGH_backlog
76.5,0,0,11.399781184378918,84.7,4.9,0,1,0,12,18,8.4,115.0,16,0.8,23,0.078,0,0,0,1,12.0,LOW,2.1,64,LOW_streamlined
67.0,2,0,118.2458194981624,65.1,16.4,0,1,0,23,36,15.6,63.6,13,1.22,23,0.186,0,0,0,1,23.7,LOW,0.3,9,MODERATE_standard
86.7,0,0,44.08619284880916,85.3,2.0,0,1,0,16,24,5.8,206.0,17,0.79,31,0.048,0,0,0,1,12.0,LOW,0.2,6,LOW_streamlined
59.0,2,1,108.22500768293698,50.1,10.2,1,1,0,10,36,15.4,412.7,57,1.46,32,0.178,0,1,1,1,30.6,MODERATE,4.8,146,MODERATE_standard
54.2,7,2,315.79020836025506,36.1,22.1,12,1,43,30,48,19.4,456.2,129,3.39,18,0.462,0,1,0,0,53.4,HIGH,14.3,435,HIGH_backlog
40.4,7,2,196.69096482883583,30.6,24.0,29,1,0,32,36,17.3,615.1,134,2.3,16,0.266,0,0,0,0,55.1,HIGH,10.9,331,HIGH_backlog
34.6,14,3,495.8038927053967,13.8,55.8,13,0,331,38,36,34.2,1045.9,260,3.57,8,0.508,0,1,0,0,88.3,CRITICAL,20.1,611,CRITICAL_injunction
17.7,14,2,526.3202949954316,9.4,56.9,63,0,264,43,48,23.1,584.0,118,5.2,23,0.557,1,0,0,1,94.0,CRITICAL,28.2,857,CRITICAL_injunction
38.2,6,3,249.37586348997985,42.5,32.0,22,0,0,37,36,18.5,696.6,129,3.0,27,0.41,1,1,0,0,65.2,HIGH,10.2,310,HIGH_backlog
25.4,12,5,310.18986174693066,10.5,53.0,61,0,171,26,36,23.6,520.2,163,4.28,22,0.764,1,0,0,0,91.0,CRITICAL,30.5,927,CRITICAL_injunction
48.0,9,2,203.84927628943746,41.6,25.8,19,0,55,31,36,19.5,293.6,83,3.14,6,0.301,0,1,0,0,63.6,HIGH,10.2,310,HIGH_backlog
49.4,7,2,300.543727701069,47.3,35.0,17,0,81,29,48,20.8,566.7,160,2.34,13,0.253,1,1,0,0,68.1,CRITICAL,17.7,538,HIGH_backlog
95.5,2,0,44.74211143293442,90.4,6.4,0,1,0,10,24,5.5,104.0,13,0.59,21,0.05,0,0,1,0,12.0,LOW,1.3,40,LOW_streamlined
81.8,0,0,10.770362833669413,90.9,2.7,0,1,0,10,24,5.8,30.6,6,0.85,35,0.046,0,0,1,1,12.0,LOW,1.7,52,LOW_streamlined
60.9,3,1,82.33002793039991,59.3,14.0,0,1,0,15,24,16.0,91.0,18,1.59,12,0.092,0,0,1,0,23.6,LOW,0.6,18,MODERATE_standard
44.7,8,3,271.8388358108437,33.4,25.8,35,1,0,28,36,16.7,790.7,156,2.99,27,0.353,1,1,0,1,63.7,HIGH,13.5,410,HIGH_backlog
16.4,18,2,378.6131952467401,16.1,58.3,10,0,189,51,36,33.6,998.3,218,5.04,10,0.502,0,0,0,0,94.0,CRITICAL,27.5,836,CRITICAL_injunction
63.3,3,0,78.46668766457444,53.9,18.0,0,1,0,21,24,9.2,269.4,50,1.21,10,0.169,0,0,0,0,28.4,MODERATE,3.5,106,MODERATE_standard
72.6,4,0,142.493372400455,57.9,8.9,0,1,0,20,36,10.4,163.0,27,1.76,28,0.213,0,0,1,1,22.6,LOW,1.1,33,MODERATE_standard
91.5,1,0,47.763241996144394,76.7,7.0,0,1,0,17,30,6.5,178.8,20,0.42,24,0.056,0,0,1,1,12.0,LOW,0.7,21,LOW_streamlined
67.8,3,0,154.2647153393932,69.4,13.4,0,1,0,19,36,10.5,346.2,65,1.41,32,0.216,0,1,1,0,22.5,LOW,0.8,24,MODERATE_standard
13.1,18,2,437.7116822089849,13.4,49.3,9,0,162,25,60,22.7,518.2,190,4.96,7,0.536,0,0,0,1,94.0,CRITICAL,31.3,952,CRITICAL_injunction
89.9,1,0,31.166948486555242,89.3,1.4,0,1,0,10,30,7.2,242.7,26,0.36,28,0.068,0,0,1,1,12.0,LOW,0.2,6,LOW_streamlined
65.9,3,1,112.8941432707133,57.8,10.2,0,1,0,10,36,12.6,278.1,47,1.63,11,0.164,0,0,0,0,26.4,MODERATE,5.0,152,MODERATE_standard
76.8,0,0,52.43982281152524,83.5,5.2,0,1,0,16,18,6.1,206.6,25,0.33,16,0.08,0,0,1,1,12.0,LOW,0.1,3,LOW_streamlined
93.3,0,0,43.319852588196206,84.4,0.8,0,1,0,11,30,4.5,133.4,11,0.4,13,0.02,0,0,0,1,12.0,LOW,2.0,61,LOW_streamlined
68.0,5,0,91.31084818020038,57.8,16.5,1,1,0,15,24,15.4,438.6,70,1.16,21,0.116,0,0,1,0,26.7,MODERATE,3.4,103,MODERATE_standard
73.2,3,1,91.18954182924087,59.6,13.5,2,1,0,14,24,15.5,297.0,50,1.39,27,0.18,0,0,0,0,28.3,MODERATE,6.2,188,MODERATE_standard
40.6,7,2,253.65485185275202,47.6,31.5,9,0,55,35,36,17.9,198.0,66,2.7,29,0.406,1,1,0,1,64.9,HIGH,10.6,322,HIGH_backlog
22.4,12,2,459.72143317941755,5.7,55.0,56,0,335,25,48,34.2,342.8,78,5.08,13,0.524,1,0,0,0,94.0,CRITICAL,22.0,669,CRITICAL_injunction
25.6,10,3,470.5499142883915,9.7,58.4,4,0,172,29,48,29.6,295.1,83,4.46,4,0.6,0,1,0,1,92.5,CRITICAL,24.9,757,CRITICAL_injunction
40.6,8,2,257.952653200136,36.8,23.8,13,1,0,26,48,18.8,314.8,62,2.45,21,0.414,0,1,0,0,56.0,HIGH,13.0,395,HIGH_backlog
33.7,12,3,411.7057448498428,19.7,49.9,12,0,170,24,36,28.3,800.1,251,4.75,14,0.588,0,0,0,1,86.9,CRITICAL,20.2,614,CRITICAL_injunction
64.7,3,0,85.34353500143138,54.3,14.6,0,1,0,20,36,12.3,262.7,31,1.68,10,0.154,0,0,1,1,22.0,LOW,1.5,46,MODERATE_standard
89.8,0,0,18.82393431460425,95.2,5.1,0,1,0,11,24,5.2,34.9,6,0.45,18,0.065,0,0,0,1,12.0,LOW,1.0,30,LOW_streamlined
61.7,3,1,125.56471117598618,69.4,11.9,0,1,0,18,24,13.3,62.8,18,1.62,10,0.087,0,1,0,0,25.1,MODERATE,5.6,170,MODERATE_standard
54.6,7,1,246.42457880397168,39.9,23.9,10,1,0,31,48,22.0,205.9,53,2.97,4,0.311,0,0,0,0,49.9,HIGH,13.0,395,HIGH_backlog
78.9,0,0,46.81537157521045,85.8,3.5,0,1,0,11,18,4.1,232.2,21,0.59,35,0.013,0,0,0,1,12.0,LOW,1.2,36,LOW_streamlined
44.0,8,1,214.0379424422537,40.6,23.5,4,0,101,27,48,19.6,254.0,51,2.63,16,0.398,1,0,0,0,63.8,HIGH,11.2,340,HIGH_backlog
87.0,0,0,20.9669840388423,80.3,5.6,0,1,0,9,24,7.2,98.5,15,0.59,37,0.068,0,0,0,1,12.0,LOW,1.9,58,LOW_streamlined
39.1,8,1,212.47608955699516,35.1,23.1,51,0,0,26,48,22.8,683.8,216,2.24,4,0.484,0,0,0,1,57.1,HIGH,9.2,280,HIGH_backlog
30.4,14,2,441.05766909652573,13.7,60.2,14,1,192,25,48,20.3,1391.0,298,4.04,2,0.779,0,0,0,0,71.0,CRITICAL,26.8,815,CRITICAL_injunction
58.2,4,0,94.62458378258604,70.7,11.0,2,1,0,9,24,11.2,403.4,56,1.74,15,0.196,0,1,0,1,32.9,MODERATE,3.3,100,MODERATE_standard
45.5,7,3,312.76371650125935,45.5,29.2,8,0,98,29,48,22.9,412.2,75,3.36,22,0.454,0,1,0,1,69.9,CRITICAL,17.5,532,HIGH_backlog
60.1,3,1,60.88594985257358,53.4,17.8,0,1,0,20,36,14.0,150.5,38,1.3,12,0.09,0,0,1,1,28.4,MODERATE,5.7,173,MODERATE_standard
32.0,18,3,395.36902841035027,19.7,41.7,158,0,313,44,36,29.2,842.8,288,4.63,10,0.459,1,0,0,1,94.0,CRITICAL,18.9,575,CRITICAL_injunction
53.2,8,3,304.4122595213086,45.0,21.9,28,1,90,37,36,23.5,756.2,195,2.44,15,0.395,0,0,0,1,49.4,HIGH,9.0,274,HIGH_backlog
20.2,12,3,296.2101187340614,12.1,57.9,19,0,292,32,48,21.4,1251.9,393,5.27,13,0.78,0,1,0,0,94.0,CRITICAL,18.0,547,CRITICAL_injunction
64.3,2,0,74.73732104760953,63.7,17.6,0,1,0,16,24,14.1,186.1,22,1.32,6,0.219,0,0,1,1,23.4,LOW,0.1,3,MODERATE_standard
45.2,7,1,186.69832691345357,46.4,27.8,21,1,116,25,36,19.1,747.8,153,3.55,12,0.488,1,0,0,0,51.7,HIGH,13.3,404,HIGH_backlog
14.0,10,3,306.29256715765456,11.0,38.5,32,0,236,25,48,33.2,225.5,53,5.36,9,0.787,1,0,0,0,94.0,CRITICAL,29.4,894,CRITICAL_injunction
28.7,12,2,408.8835228388001,12.8,52.8,10,1,161,34,48,22.3,912.3,216,4.46,12,0.472,0,0,0,0,72.7,CRITICAL,25.7,781,CRITICAL_injunction
49.7,7,2,245.21706886978188,28.0,30.7,15,0,74,32,36,17.2,752.6,208,3.34,20,0.41,0,0,0,1,60.1,HIGH,13.3,404,HIGH_backlog
61.8,3,0,168.9412652821334,58.3,16.0,0,1,0,13,36,12.0,101.2,18,1.43,13,0.142,0,1,1,1,31.1,MODERATE,4.1,125,MODERATE_standard
49.9,6,2,186.58636574594937,37.6,32.8,5,1,0,18,36,23.9,202.3,54,2.45,18,0.423,1,0,0,1,56.0,HIGH,14.3,435,HIGH_backlog
52.2,6,1,180.41060235876242,34.0,29.4,16,0,63,20,48,22.9,787.0,133,2.33,9,0.331,0,1,0,0,54.2,HIGH,12.3,374,HIGH_backlog
35.0,14,5,478.9756704230547,16.9,45.9,147,0,304,48,48,26.7,859.3,305,5.48,10,0.476,1,0,0,0,88.2,CRITICAL,20.8,632,CRITICAL_injunction
78.0,1,0,53.26441879854367,92.6,0.6,0,1,0,5,18,7.3,180.7,28,0.48,44,0.053,0,0,0,1,12.0,LOW,1.0,30,LOW_streamlined
82.1,0,0,25.989410424623486,97.9,5.8,0,1,0,12,30,7.0,49.1,4,0.67,47,0.045,0,0,1,1,12.0,LOW,2.2,67,LOW_streamlined
87.0,0,0,37.05994165768228,88.0,2.5,0,1,0,5,24,6.6,91.6,12,0.25,20,0.019,0,0,0,1,12.0,LOW,1.4,43,LOW_streamlined
27.7,12,3,378.20107717570863,12.7,44.3,225,0,351,42,60,27.2,1062.6,329,5.23,19,0.621,1,0,0,0,89.5,CRITICAL,17.0,517,CRITICAL_injunction
13.0,12,5,362.2930837019049,13.4,44.5,13,0,134,38,36,21.8,673.1,261,4.21,19,0.663,0,1,0,0,94.0,CRITICAL,22.7,690,CRITICAL_injunction
84.9,0,0,48.894176689500874,80.7,5.8,0,1,0,6,24,7.6,80.8,10,0.89,33,0.032,0,0,1,1,12.0,LOW,0.2,6,LOW_streamlined
95.8,0,0,35.74248404486488,85.7,0.0,0,1,0,12,18,5.0,229.6,30,0.51,13,0.042,0,0,1,1,12.0,LOW,2.2,67,LOW_streamlined
31.5,10,3,346.665701589693,18.0,58.6,14,0,223,47,36,33.7,1356.8,297,4.73,3,0.555,0,1,0,0,89.3,CRITICAL,22.0,669,CRITICAL_injunction
14.5,18,3,454.3640022094816,19.0,38.6,80,0,123,29,48,22.3,751.6,186,4.44,3,0.542,1,0,0,1,87.2,CRITICAL,25.6,778,CRITICAL_injunction
55.6,6,1,184.13373884259653,44.0,27.9,3,0,0,28,48,22.1,291.4,62,2.36,25,0.268,1,0,0,0,52.2,HIGH,11.9,362,HIGH_backlog
41.6,9,1,294.87750866337984,34.3,22.5,10,1,0,32,48,17.4,759.3,156,3.57,25,0.457,0,1,0,0,62.0,HIGH,13.2,401,HIGH_backlog
40.4,7,3,217.17882265128165,31.0,35.6,16,1,45,36,36,22.1,707.8,147,2.63,28,0.322,1,0,0,0,62.1,HIGH,8.8,268,HIGH_backlog
76.2,1,0,34.36121053698345,94.8,4.8,0,1,0,17,30,4.1,206.3,12,0.74,45,0.01,0,0,1,1,12.0,LOW,0.5,15,LOW_streamlined
35.7,10,3,521.9394840669727,18.6,52.1,11,0,187,33,36,32.6,964.6,229,3.6,23,0.715,0,0,0,0,87.8,CRITICAL,29.7,903,CRITICAL_injunction
69.4,2,0,76.13419301959802,68.5,16.0,3,1,0,14,36,12.4,421.5,77,1.93,12,0.188,0,0,1,0,27.4,MODERATE,7.4,225,MODERATE_standard
46.6,7,3,192.40164781201997,27.4,33.1,45,1,0,32,48,21.2,679.6,207,3.29,20,0.362,0,0,0,1,55.6,HIGH,14.5,441,HIGH_backlog
31.8,12,4,429.5906791121648,9.3,42.0,7,0,345,32,36,22.6,548.0,149,3.74,5,0.662,0,0,0,0,86.9,CRITICAL,27.7,842,CRITICAL_injunction
95.6,0,0,12.083128754124413,97.7,0.2,0,1,0,14,18,6.2,136.8,20,0.68,22,0.041,0,0,1,1,12.0,LOW,0.0,0,LOW_streamlined
65.2,3,0,90.60354724943414,61.6,8.7,1,1,0,18,24,9.2,186.7,44,1.48,28,0.09,0,0,0,0,23.4,LOW,0.8,24,MODERATE_standard
47.5,7,2,268.7275115833569,40.6,32.9,30,0,0,20,48,16.2,486.1,122,2.25,28,0.467,0,0,0,1,53.7,HIGH,9.4,286,HIGH_backlog
86.5,0,0,44.714263493542965,87.8,0.7,0,1,0,16,24,5.7,125.0,20,0.45,45,0.074,0,0,0,0,12.0,LOW,2.3,70,LOW_streamlined
62.3,2,1,74.14969858043082,67.5,16.2,0,1,0,20,36,14.4,57.8,13,1.87,34,0.114,0,1,0,1,27.7,MODERATE,3.1,94,MODERATE_standard
35.2,12,2,441.47766377190317,8.9,60.8,10,0,177,49,36,25.0,918.9,213,4.6,4,0.574,0,1,0,1,93.1,CRITICAL,22.2,675,CRITICAL_injunction
32.0,18,5,442.7292944983227,7.1,60.3,11,0,341,29,36,27.3,912.7,238,5.05,23,0.584,0,0,0,0,94.0,CRITICAL,26.5,806,CRITICAL_injunction
49.5,7,1,198.51546998089407,25.7,28.1,5,1,0,37,36,19.5,306.9,63,3.03,21,0.385,1,0,0,1,56.5,HIGH,14.1,429,HIGH_backlog
92.1,0,0,28.51968166334011,88.0,5.3,0,1,0,10,24,6.2,186.9,20,0.4,36,0.055,0,0,1,1,12.0,LOW,0.7,21,LOW_streamlined
43.2,6,2,213.33383909955694,37.9,24.1,20,1,0,18,48,16.6,611.9,162,2.75,14,0.286,0,0,0,0,53.0,HIGH,12.1,368,HIGH_backlog
78.9,2,0,22.750113888514072,80.0,0.7,0,1,0,13,24,5.4,211.0,36,0.71,23,0.047,0,0,1,1,12.0,LOW,0.8,24,LOW_streamlined
68.5,2,1,165.92432329628565,66.8,12.9,3,1,0,16,36,13.2,318.5,65,1.39,22,0.163,0,0,0,0,25.5,MODERATE,4.9,149,MODERATE_standard
19.1,10,5,400.2579510142457,22.3,62.6,4,0,225,40,60,22.7,252.9,82,3.67,7,0.758,0,1,0,0,93.2,CRITICAL,30.7,933,CRITICAL_injunction
40.1,7,3,307.61663271536804,33.4,20.5,4,1,114,36,48,22.7,125.8,34,2.78,9,0.479,0,0,0,0,52.6,HIGH,11.9,362,HIGH_backlog
64.8,3,0,79.010938684451,59.0,10.8,0,1,0,8,24,9.9,121.1,14,1.66,26,0.091,0,0,1,0,21.1,LOW,0.4,12,MODERATE_standard
70.3,4,0,66.91859498864548,58.6,12.1,1,1,0,18,36,15.2,233.2,63,1.95,26,0.183,0,1,1,0,35.5,MODERATE,5.4,164,MODERATE_standard
71.3,3,0,77.33576149989908,57.0,16.9,1,1,0,9,36,9.7,329.6,28,1.51,25,0.148,0,0,1,0,29.0,MODERATE,5.1,155,MODERATE_standard
45.7,6,1,313.46999637201395,39.5,27.4,7,0,0,19,48,23.7,458.9,86,2.29,11,0.428,0,1,0,0,56.4,HIGH,14.8,450,HIGH_backlog
30.3,12,3,386.5489567080489,9.2,63.5,116,0,159,37,36,34.2,594.5,174,4.25,22,0.785,1,0,0,1,88.6,CRITICAL,25.0,760,CRITICAL_injunction
45.3,7,3,239.55911627769385,26.8,25.2,8,1,0,26,36,22.1,476.3,97,2.56,5,0.264,0,0,0,0,53.9,HIGH,14.9,453,HIGH_backlog
19.2,18,5,343.0375268809165,10.3,61.1,6,1,127,42,36,31.6,375.1,125,4.62,5,0.507,0,0,0,1,77.2,CRITICAL,17.4,529,CRITICAL_injunction
69.0,3,0,150.78323651829214,58.4,16.6,0,1,0,11,24,9.6,239.8,35,1.26,20,0.096,0,0,0,0,19.9,LOW,0.3,9,MODERATE_standard
85.7,0,0,49.29780891041014,94.8,6.8,0,1,0,9,30,6.0,58.5,4,0.89,16,0.02,0,0,0,1,12.0,LOW,0.3,9,LOW_streamlined
66.6,2,0,114.97268591823877,70.5,8.5,1,1,0,16,36,14.6,238.9,51,1.44,30,0.188,0,1,0,1,24.7,MODERATE,7.3,222,MODERATE_standard
66.2,2,1,170.31280946245596,69.2,15.6,1,1,0,13,36,10.8,304.6,47,1.54,6,0.195,0,0,1,0,32.2,MODERATE,7.1,216,MODERATE_standard
86.7,0,0,30.900488885207626,86.7,4.6,0,1,0,4,18,7.5,246.9,21,0.7,33,0.068,0,0,1,1,12.0,LOW,0.1,3,LOW_streamlined
46.8,8,1,239.91227702074866,39.1,35.2,5,0,0,20,36,18.5,120.9,29,2.42,19,0.268,1,0,0,1,59.4,HIGH,9.4,286,HIGH_backlog
33.6,18,3,516.0449449609027,10.9,47.5,11,1,133,29,36,27.2,784.0,225,4.8,12,0.616,0,0,0,1,74.3,CRITICAL,28.2,857,CRITICAL_injunction
41.4,6,1,295.0331947662512,45.2,31.6,43,0,71,30,36,19.3,682.2,174,2.81,28,0.381,1,0,0,0,62.4,HIGH,10.6,322,HIGH_backlog
67.9,3,1,106.01082698325766,71.7,8.4,0,1,0,18,24,11.6,171.7,28,1.7,17,0.14,0,1,1,1,21.8,LOW,2.0,61,MODERATE_standard
52.2,6,1,251.0719956339079,41.1,28.9,18,0,0,25,36,16.2,460.6,121,3.11,15,0.324,0,1,0,1,52.1,HIGH,10.1,307,HIGH_backlog
18.6,10,3,474.5569143229145,6.8,39.5,221,0,262,38,36,28.5,1240.9,316,4.11,22,0.708,1,0,0,0,90.8,CRITICAL,22.9,696,CRITICAL_injunction
94.8,1,0,22.20422998805678,91.3,5.4,0,1,0,13,24,7.9,234.6,24,0.82,14,0.074,0,0,0,1,12.0,LOW,2.2,67,LOW_streamlined
24.4,18,3,397.3876382796923,14.8,62.2,54,0,206,48,60,31.1,511.3,120,4.39,6,0.792,1,0,0,1,92.7,CRITICAL,28.8,876,CRITICAL_injunction
79.9,1,0,48.32106635185799,95.9,5.3,0,1,0,4,30,8.5,49.6,5,0.36,14,0.039,0,0,0,1,12.0,LOW,1.5,46,LOW_streamlined
30.4,10,3,505.37116764907336,15.6,50.2,18,0,197,31,36,24.0,1422.8,368,4.44,7,0.604,0,0,0,0,90.7,CRITICAL,27.5,836,CRITICAL_injunction
83.0,1,0,27.39929459563197,80.7,0.6,0,1,0,12,18,7.2,181.4,23,0.84,33,0.077,0,0,1,1,12.0,LOW,2.2,67,LOW_streamlined
91.0,1,0,47.895239992628206,82.5,5.5,0,1,0,10,30,7.1,98.6,13,0.33,30,0.042,0,0,1,1,12.0,LOW,2.2,67,LOW_streamlined
84.0,0,0,23.453735041576365,75.3,7.8,0,1,0,17,30,4.7,208.2,21,0.9,46,0.02,0,0,1,1,12.0,LOW,0.2,6,LOW_streamlined
15.6,18,5,458.9459100035325,12.6,38.8,233,0,258,32,48,29.7,1096.3,335,4.5,13,0.732,1,0,0,0,94.0,CRITICAL,18.8,572,CRITICAL_injunction
69.8,3,0,82.92954510508643,52.7,13.3,0,1,0,11,24,11.0,106.5,27,1.44,36,0.151,0,0,0,1,24.3,MODERATE,7.4,225,MODERATE_standard
67.1,4,1,124.14865739515675,61.8,8.1,0,1,0,12,24,13.8,228.5,43,1.24,9,0.17,0,0,0,1,25.6,MODERATE,4.7,143,MODERATE_standard
88.0,0,0,28.343544725690435,76.4,3.9,0,1,0,9,18,4.3,244.9,28,0.28,32,0.067,0,0,1,1,12.0,LOW,0.1,3,LOW_streamlined
23.3,10,3,349.5740404317649,9.0,62.8,42,0,315,49,48,23.3,378.4,100,3.64,15,0.681,1,0,0,0,90.2,CRITICAL,27.0,821,CRITICAL_injunction
45.2,8,2,197.92151482247485,30.3,35.7,12,0,45,37,48,16.6,313.2,77,2.63,29,0.459,0,0,0,0,61.8,HIGH,9.8,298,HIGH_backlog
87.0,0,0,27.951747332689443,80.1,3.8,0,1,0,15,18,4.8,165.5,28,0.37,47,0.069,0,0,0,1,12.0,LOW,0.5,15,LOW_streamlined
73.7,2,1,151.01689024681957,64.9,17.9,0,1,0,23,36,10.1,162.8,21,1.36,12,0.209,0,0,1,1,21.9,LOW,2.4,73,MODERATE_standard
85.2,0,0,44.13911673762369,85.5,1.0,0,1,0,17,30,6.5,157.7,19,0.29,33,0.03,0,0,1,0,12.0,LOW,0.3,9,LOW_streamlined
35.2,10,5,367.3876790665339,18.6,63.1,2,0,152,33,60,30.1,296.0,57,5.05,20,0.492,0,1,0,1,93.4,CRITICAL,30.4,924,CRITICAL_injunction
81.6,1,0,17.516828392300965,92.9,2.6,0,1,0,4,24,8.0,231.6,26,0.39,29,0.016,0,0,0,1,12.0,LOW,0.3,9,LOW_streamlined
95.8,1,0,25.916209281739818,96.3,6.6,0,1,0,4,18,5.0,90.7,9,0.54,40,0.047,0,0,0,1,12.0,LOW,0.7,21,LOW_streamlined
73.3,4,0,147.93061138518232,58.0,12.5,0,1,0,20,24,13.0,354.9,81,1.49,12,0.082,0,0,1,1,20.1,LOW,1.7,52,MODERATE_standard
30.3,10,3,505.71888968696436,10.8,50.3,221,0,134,37,36,33.8,1040.6,346,3.86,15,0.603,1,0,0,0,85.8,CRITICAL,24.5,745,CRITICAL_injunction
87.4,1,0,46.67129703740719,82.4,0.6,0,1,0,11,24,4.4,215.2,21,0.39,19,0.037,0,0,0,0,12.0,LOW,2.0,61,LOW_streamlined
14.8,18,3,366.7352341974454,8.0,38.3,6,1,148,47,48,22.8,591.8,133,3.87,3,0.478,0,0,0,1,72.7,CRITICAL,24.8,754,CRITICAL_injunction
67.2,3,0,141.92677307853455,51.1,8.1,0,1,0,11,24,10.7,371.1,94,1.66,18,0.158,0,0,1,0,21.5,LOW,1.4,43,MODERATE_standard
92.8,1,0,10.177590855611227,95.4,0.6,0,1,0,11,30,4.4,67.7,10,0.27,26,0.02,0,0,1,1,12.0,LOW,2.1,64,LOW_streamlined
51.0,6,1,258.7917937876524,26.3,31.7,18,0,0,36,48,17.1,567.1,156,2.94,7,0.367,1,1,0,0,60.7,HIGH,10.9,331,HIGH_backlog
64.3,4,0,144.72161522654605,68.2,14.3,1,1,0,20,36,13.5,201.6,43,1.72,20,0.083,0,0,0,1,31.2,MODERATE,6.3,192,MODERATE_standard
67.7,4,0,140.40296411318286,61.8,8.3,1,1,0,8,24,9.5,273.4,43,1.66,35,0.14,0,0,0,1,28.0,MODERATE,5.0,152,MODERATE_standard
17.6,10,5,433.44732048532626,17.8,51.9,7,0,131,29,48,28.1,785.1,158,3.83,5,0.646,0,1,0,0,92.7,CRITICAL,20.6,626,CRITICAL_injunction
24.5,12,5,540.5411013671857,15.6,59.9,14,0,300,37,60,33.7,1007.2,292,5.05,19,0.527,0,1,0,0,93.5,CRITICAL,16.2,492,CRITICAL_injunction
30.3,14,2,505.9370214587167,12.5,44.6,19,0,122,32,60,23.6,1418.0,397,4.31,6,0.742,0,1,0,0,83.7,CRITICAL,20.6,626,CRITICAL_injunction
48.5,7,2,258.5074578723154,35.9,23.9,3,0,0,25,48,22.7,184.5,38,2.82,26,0.462,0,0,0,0,54.9,HIGH,9.8,298,HIGH_backlog
78.1,0,0,29.30648437372072,77.0,0.6,0,1,0,15,30,8.7,38.5,6,0.5,17,0.022,0,0,1,1,12.0,LOW,2.1,64,LOW_streamlined
78.0,1,0,43.35976381738946,89.5,5.1,0,1,0,13,24,7.5,228.1,28,0.76,39,0.058,0,0,0,1,12.0,LOW,1.7,52,LOW_streamlined
19.7,14,4,421.3306034094523,13.1,63.2,4,1,344,30,36,26.7,304.8,91,3.84,18,0.759,0,0,0,0,72.5,CRITICAL,23.1,702,CRITICAL_injunction
25.5,10,3,342.57344050200805,21.5,51.8,10,1,192,24,36,32.1,606.4,212,3.97,22,0.692,0,0,0,1,72.5,CRITICAL,18.5,562,CRITICAL_injunction
77.1,0,0,20.763492144760477,77.3,5.2,0,1,0,13,24,8.9,159.6,12,0.61,23,0.015,0,0,0,1,12.0,LOW,2.2,67,LOW_streamlined
41.3,6,2,242.10336402343773,27.4,33.6,30,0,0,20,48,19.5,781.3,176,3.34,10,0.368,0,0,0,0,61.1,HIGH,13.1,398,HIGH_backlog
82.1,1,0,21.44515824173157,77.8,7.1,0,1,0,6,18,6.5,208.0,18,0.48,43,0.048,0,0,1,1,14.5,LOW,1.0,30,LOW_streamlined
77.6,1,0,11.412090930307386,87.6,5.4,0,1,0,5,24,7.5,92.7,11,0.7,41,0.064,0,0,0,1,12.0,LOW,1.3,40,LOW_streamlined
45.8,7,1,257.9127994220388,40.3,23.6,12,0,0,20,36,23.7,689.8,154,3.2,19,0.265,0,0,0,0,51.1,HIGH,12.7,386,HIGH_backlog
47.6,6,2,217.56108412024741,45.9,33.8,12,0,0,30,36,17.5,443.9,106,2.5,20,0.417,1,1,0,0,59.8,HIGH,8.1,246,HIGH_backlog
54.9,7,2,270.578975809951,35.6,20.8,29,0,0,21,48,16.9,751.2,125,2.9,26,0.332,0,0,0,0,51.5,HIGH,12.9,392,HIGH_backlog
67.4,3,0,136.9766104524869,66.3,17.2,0,1,0,13,24,11.6,63.7,14,1.16,34,0.211,0,0,1,1,22.7,LOW,0.2,6,MODERATE_standard
93.2,0,0,16.39302912107479,90.2,3.7,0,1,0,15,30,5.2,129.5,23,0.32,35,0.07,0,0,0,1,12.0,LOW,0.9,27,LOW_streamlined
87.8,2,0,49.37182604766006,79.4,1.1,0,1,0,9,18,4.6,87.0,12,0.28,26,0.08,0,0,1,0,12.0,LOW,1.5,46,LOW_streamlined
49.7,7,1,255.5520497332774,45.4,26.6,12,1,0,32,36,18.3,295.2,66,2.73,24,0.349,0,0,0,0,46.3,HIGH,13.2,401,HIGH_backlog
73.4,2,0,153.2557422732526,55.5,14.7,0,1,0,11,36,12.4,383.4,58,1.9,6,0.15,0,0,1,1,27.0,MODERATE,6.1,185,MODERATE_standard
87.6,0,0,59.07811882843488,76.3,6.7,0,1,0,4,24,4.3,212.7,35,0.41,27,0.022,0,0,0,1,12.0,LOW,2.1,64,LOW_streamlined
81.8,0,0,22.270071942604922,83.8,3.9,0,1,0,14,24,6.5,235.5,28,0.65,12,0.075,0,0,0,1,12.0,LOW,1.6,49,LOW_streamlined
87.8,0,0,52.886726663560246,94.3,0.7,0,1,0,8,24,7.2,245.2,25,0.88,29,0.061,0,0,0,1,12.0,LOW,0.4,12,LOW_streamlined
12.7,10,4,453.21889022393736,6.2,64.1,209,0,328,38,48,25.0,1117.5,287,3.81,2,0.498,1,0,0,0,94.0,CRITICAL,31.5,958,CRITICAL_injunction
89.0,0,0,43.451678980641525,97.0,7.4,0,1,0,16,24,7.3,247.9,40,0.28,34,0.018,0,0,0,0,12.0,LOW,2.3,70,LOW_streamlined
50.8,7,3,240.63230563004936,43.5,22.4,9,1,0,29,48,16.6,192.9,61,3.43,7,0.47,1,1,0,0,59.6,HIGH,11.8,359,HIGH_backlog
19.3,12,3,385.8906616904789,13.6,45.4,56,0,275,38,48,26.1,338.0,82,4.14,21,0.514,1,0,0,1,93.9,CRITICAL,28.4,863,CRITICAL_injunction
72.0,4,0,128.22632076878267,63.1,10.8,0,1,0,21,36,15.8,263.0,66,1.43,30,0.191,0,0,0,0,18.5,LOW,1.8,55,MODERATE_standard
92.9,1,0,31.50934903806209,93.6,7.4,0,1,0,16,24,5.5,74.3,5,0.2,41,0.041,0,0,1,0,12.0,LOW,0.8,24,LOW_streamlined
67.2,3,0,144.73208791422792,69.3,13.9,1,1,0,15,24,15.2,131.3,23,1.84,7,0.089,0,0,1,0,27.6,MODERATE,5.0,152,MODERATE_standard
92.2,1,0,43.50077253254982,89.0,3.1,0,1,0,17,30,8.5,190.3,18,0.61,19,0.055,0,0,1,1,12.0,LOW,0.3,9,LOW_streamlined
17.3,10,3,397.1277272701958,17.6,35.3,167,0,129,43,36,26.7,994.1,266,5.18,16,0.757,1,0,0,0,86.4,CRITICAL,17.3,526,CRITICAL_injunction
27.8,18,4,420.8473317939722,6.9,58.1,19,0,340,34,60,31.8,1088.7,395,4.49,21,0.757,0,1,0,0,93.4,CRITICAL,30.2,918,CRITICAL_injunction
59.0,3,0,121.8155373437244,52.4,8.2,0,1,0,17,36,14.8,76.6,11,1.79,19,0.198,0,0,0,1,27.0,MODERATE,5.2,158,MODERATE_standard
12.5,10,3,326.17902629430193,13.2,39.1,46,0,334,29,36,25.0,302.9,100,5.33,11,0.553,1,0,0,0,94.0,CRITICAL,22.9,696,CRITICAL_injunction
49.7,9,1,289.57571468227013,32.6,28.2,8,1,42,30,48,18.1,650.3,136,3.29,21,0.477,0,0,0,0,55.1,HIGH,14.2,432,HIGH_backlog
13.5,12,3,441.73969828097626,23.1,53.5,13,0,216,40,48,21.1,824.4,260,4.25,12,0.632,0,0,0,0,94.0,CRITICAL,16.3,496,CRITICAL_injunction
30.3,10,3,369.86255654090877,11.7,52.1,15,0,314,44,36,27.6,1148.2,302,3.95,20,0.77,0,1,0,1,91.8,CRITICAL,29.9,909,CRITICAL_injunction
65.4,3,1,116.76832070276986,50.9,11.0,0,1,0,16,36,11.1,422.3,59,1.71,30,0.18,0,0,0,0,26.7,MODERATE,3.5,106,MODERATE_standard
75.7,1,0,23.57374109998844,78.2,1.4,0,1,0,6,30,7.6,222.5,26,0.78,46,0.068,0,0,1,1,12.0,LOW,1.1,33,LOW_streamlined
25.1,14,2,499.43874677735766,12.0,54.2,72,0,272,49,60,30.8,596.5,184,4.13,16,0.581,1,0,0,0,89.4,CRITICAL,28.6,869,CRITICAL_injunction
72.1,4,0,86.53247466743122,57.3,8.3,0,1,0,9,24,13.4,187.0,29,1.52,8,0.136,0,0,1,1,22.7,LOW,1.3,40,MODERATE_standard
22.9,12,3,358.8710422201524,5.4,42.8,18,0,322,43,36,26.3,1486.0,370,4.41,5,0.505,0,0,0,1,94.0,CRITICAL,22.6,687,CRITICAL_injunction
26.6,10,5,510.12952220417867,16.0,52.3,6,0,139,35,48,29.5,333.0,129,4.49,18,0.59,0,1,0,0,88.7,CRITICAL,21.1,641,CRITICAL_injunction
93.5,1,0,23.157347934641162,89.0,1.7,0,1,0,13,24,5.2,117.8,20,0.39,39,0.067,0,0,1,1,12.0,LOW,0.8,24,LOW_streamlined
29.2,12,5,440.1888995686752,11.1,45.8,5,0,256,34,36,27.6,627.0,113,5.4,19,0.592,0,1,0,0,91.6,CRITICAL,17.8,541,CRITICAL_injunction
23.7,10,5,509.0611940159556,19.3,49.1,30,1,127,50,60,30.7,243.5,73,4.2,4,0.763,1,0,0,0,71.2,CRITICAL,21.1,641,CRITICAL_injunction
33.8,14,2,389.71143246970905,11.7,50.6,10,0,237,36,36,21.9,920.2,218,5.41,2,0.536,0,0,0,0,92.9,CRITICAL,25.8,784,CRITICAL_injunction
50.4,7,3,224.76319569716748,35.9,20.7,2,0,63,18,48,18.0,124.8,30,2.6,7,0.279,0,1,0,0,60.4,HIGH,8.7,264,HIGH_backlog
40.5,7,2,303.05490918509275,47.9,20.9,26,1,95,32,36,18.7,684.1,203,2.28,18,0.327,1,0,0,1,56.5,HIGH,11.6,353,HIGH_backlog
14.1,14,3,470.36732407889724,15.9,54.7,9,0,279,47,36,32.8,672.1,186,5.33,6,0.71,0,1,0,0,94.0,CRITICAL,20.7,629,CRITICAL_injunction
75.9,0,0,57.37101101825444,82.7,5.9,0,1,0,6,24,5.8,231.8,30,0.49,33,0.038,0,0,1,1,12.0,LOW,1.4,43,LOW_streamlined
33.5,10,4,484.70540210720463,21.0,54.5,98,0,288,43,36,26.5,577.2,134,4.94,17,0.556,1,0,0,1,88.0,CRITICAL,28.5,866,CRITICAL_injunction
49.5,7,3,209.75494737201996,31.0,25.4,36,0,0,22,48,21.4,564.8,164,2.4,8,0.283,0,0,0,0,57.5,HIGH,12.4,377,HIGH_backlog
52.1,6,3,231.52432720784287,31.0,29.1,7,0,69,35,36,21.6,143.0,45,3.32,7,0.269,0,0,0,0,61.8,HIGH,14.3,435,HIGH_backlog
25.9,14,2,352.23302784181703,23.5,51.8,100,1,170,43,36,33.0,909.9,214,4.54,12,0.795,1,0,0,1,70.0,CRITICAL,22.8,693,CRITICAL_injunction
55.3,8,2,262.6328282042639,32.2,28.9,15,1,84,34,36,20.8,250.0,67,2.81,10,0.306,0,0,0,0,52.2,HIGH,8.1,246,HIGH_backlog
26.9,12,5,470.45135786444257,5.8,49.4,98,0,190,38,60,34.0,673.7,154,4.35,3,0.576,1,0,0,1,90.0,CRITICAL,21.0,638,CRITICAL_injunction
43.7,7,1,253.53359351510755,44.6,31.1,10,1,89,18,36,17.2,340.8,89,3.51,8,0.293,1,0,0,1,54.5,HIGH,10.6,322,HIGH_backlog
17.6,18,3,350.63251387966926,11.4,54.4,57,1,262,30,60,34.1,441.8,138,4.51,13,0.544,1,0,0,0,80.0,CRITICAL,17.9,544,CRITICAL_injunction
45.4,9,2,281.08576053009665,28.7,31.1,7,0,52,37,48,21.4,511.1,136,2.75,12,0.315,0,0,0,0,61.9,HIGH,13.2,401,HIGH_backlog
44.8,9,1,308.6437657030744,33.8,23.6,28,1,0,31,36,17.6,737.4,179,2.4,28,0.311,0,0,0,0,50.7,HIGH,10.9,331,HIGH_backlog
75.4,1,0,41.19041961588154,78.7,1.0,0,1,0,10,30,4.2,203.9,26,0.33,43,0.031,0,0,1,1,12.0,LOW,2.0,61,LOW_streamlined
72.2,3,0,79.03887140944613,54.6,13.1,0,1,0,22,24,15.3,51.8,15,1.23,39,0.119,0,0,0,1,20.5,LOW,1.5,46,MODERATE_standard
70.8,2,0,160.80685813138945,50.8,13.5,1,1,0,23,36,12.6,129.8,28,1.89,19,0.209,0,1,1,0,27.6,MODERATE,5.8,176,MODERATE_standard
51.8,9,3,300.19676254569794,40.4,27.5,9,0,103,37,48,16.6,427.1,70,2.34,23,0.463,1,1,0,1,68.7,CRITICAL,23.6,717,HIGH_backlog
13.6,18,5,290.76481376595984,8.8,61.3,12,0,163,38,60,22.0,844.6,255,4.53,6,0.608,0,0,0,1,94.0,CRITICAL,23.5,714,CRITICAL_injunction
23.8,18,3,367.52069203499553,7.7,41.9,15,0,353,26,36,31.3,1363.5,317,4.69,6,0.669,0,1,0,0,90.3,CRITICAL,23.7,720,CRITICAL_injunction
62.8,3,0,122.84610573563602,59.8,16.4,0,1,0,12,36,12.8,281.9,41,1.66,8,0.201,0,0,1,1,24.9,MODERATE,4.3,131,MODERATE_standard
15.3,12,3,318.98544870322553,13.4,64.4,116,0,257,43,60,21.0,607.2,182,4.01,12,0.686,1,0,0,1,90.9,CRITICAL,23.0,699,CRITICAL_injunction
48.2,7,1,308.5611508695995,41.7,24.2,30,0,47,20,36,22.0,758.3,185,2.31,6,0.291,0,0,0,0,54.2,HIGH,10.7,325,HIGH_backlog
34.5,10,3,458.7357005440757,11.3,46.7,55,0,246,49,60,20.9,304.0,88,5.29,5,0.703,1,0,0,1,91.1,CRITICAL,29.1,885,CRITICAL_injunction
85.1,0,0,19.573529686441162,97.6,2.3,0,1,0,10,18,6.1,32.2,3,0.4,41,0.022,0,0,1,1,12.0,LOW,0.3,9,LOW_streamlined
93.4,0,0,25.07515058602246,78.4,1.7,0,1,0,7,18,7.7,55.3,10,0.47,19,0.02,0,0,0,1,12.0,LOW,0.1,3,LOW_streamlined
44.2,6,2,318.6831878937717,29.5,21.9,19,1,80,29,48,16.9,493.5,133,2.53,15,0.431,1,0,0,1,54.6,HIGH,12.5,380,HIGH_backlog
78.5,1,0,35.6978899208264,79.2,7.7,0,1,0,5,30,4.5,120.0,10,0.53,32,0.021,0,0,0,1,14.5,LOW,1.5,46,LOW_streamlined
32.4,12,2,327.3824659044762,19.1,45.5,71,0,234,37,60,25.4,468.3,108,3.61,16,0.69,1,0,0,1,87.8,CRITICAL,26.6,809,CRITICAL_injunction
24.5,12,3,542.6078014012021,5.2,40.3,101,1,164,44,36,34.3,567.3,165,3.69,19,0.74,1,0,0,1,74.5,CRITICAL,26.2,796,CRITICAL_injunction
39.7,7,1,210.09217649234887,25.8,26.4,4,0,0,26,48,20.9,151.1,34,2.59,24,0.421,0,0,0,0,56.0,HIGH,9.1,277,HIGH_backlog
72.9,3,0,104.42334005750602,59.1,16.7,1,1,0,10,36,14.6,359.2,68,1.98,22,0.12,0,0,1,0,28.7,MODERATE,5.2,158,MODERATE_standard
13.1,10,4,326.638419073873,20.1,64.0,12,0,241,24,48,33.6,1146.1,241,3.6,4,0.72,0,0,0,0,94.0,CRITICAL,28.4,863,CRITICAL_injunction
87.8,0,0,46.56918007908169,80.6,6.9,0,1,0,17,24,4.3,176.9,25,0.39,32,0.059,0,0,1,1,12.0,LOW,1.6,49,LOW_streamlined
71.7,2,0,146.6436664009736,60.0,8.7,1,1,0,18,36,14.4,288.3,44,1.35,15,0.218,0,0,0,1,25.2,MODERATE,5.9,179,MODERATE_standard
22.5,10,2,300.28265533278363,9.1,63.8,20,0,272,49,48,25.9,1473.5,412,4.6,10,0.466,0,0,0,1,94.0,CRITICAL,29.8,906,CRITICAL_injunction
47.8,6,2,279.61767001197194,30.1,22.5,13,1,112,27,48,20.1,566.7,127,3.47,20,0.299,1,0,0,1,51.7,HIGH,12.1,368,HIGH_backlog
12.1,14,2,358.4505051640892,12.1,55.9,32,1,122,36,36,27.2,321.0,65,5.43,2,0.668,1,0,0,0,78.7,CRITICAL,18.8,572,CRITICAL_injunction
27.0,10,5,375.11314897063755,8.3,61.5,3,0,127,42,36,20.2,331.6,73,4.9,16,0.549,0,0,0,1,89.5,CRITICAL,28.8,876,CRITICAL_injunction
81.2,0,0,51.124489014685004,84.6,3.3,0,1,0,7,24,4.3,38.8,4,0.43,12,0.016,0,0,1,1,12.0,LOW,2.1,64,LOW_streamlined
59.2,4,0,120.78376920447273,57.7,17.3,0,1,0,10,36,15.1,133.3,29,1.44,6,0.212,0,0,1,1,26.1,MODERATE,4.0,122,MODERATE_standard
95.1,2,0,20.344292281530564,87.1,2.7,0,1,0,7,18,4.9,129.8,6,0.35,20,0.059,0,0,1,1,12.0,LOW,0.9,27,LOW_streamlined
69.6,2,0,156.65526557412866,52.7,11.7,0,1,0,17,24,13.1,324.1,52,1.23,16,0.173,0,0,1,0,22.2,LOW,2.1,64,MODERATE_standard
91.7,0,0,41.207281604028765,97.6,5.0,0,1,0,16,24,4.1,180.7,28,0.52,42,0.026,0,0,0,1,12.0,LOW,2.2,67,LOW_streamlined
13.9,12,5,375.0904579981169,21.3,51.6,43,0,197,24,48,26.6,236.9,60,4.42,12,0.55,1,0,0,1,94.0,CRITICAL,25.7,781,CRITICAL_injunction
61.9,2,0,138.86497048413395,54.9,12.0,1,1,0,22,24,12.4,278.6,47,1.23,25,0.151,0,0,0,1,25.4,MODERATE,4.8,146,MODERATE_standard
24.8,14,5,450.3163141059073,12.8,54.0,10,0,160,32,48,24.9,720.6,215,5.43,9,0.741,0,1,0,1,94.0,CRITICAL,31.8,967,CRITICAL_injunction
58.7,3,1,71.10811928890108,63.3,13.8,1,1,0,14,24,12.3,384.3,53,1.37,14,0.127,0,0,1,0,30.1,MODERATE,4.8,146,MODERATE_standard
80.2,1,0,22.851979390373597,75.7,1.7,0,1,0,8,30,8.9,25.0,6,0.89,43,0.073,0,0,1,1,12.0,LOW,1.7,52,LOW_streamlined
95.7,0,0,26.066316269959717,77.0,6.5,0,1,0,5,24,5.6,112.0,16,0.2,27,0.07,0,0,0,1,12.0,LOW,1.9,58,LOW_streamlined
53.8,9,1,185.62911741535152,45.1,26.3,14,0,0,21,36,19.1,655.2,183,2.38,28,0.273,0,1,0,0,52.2,HIGH,14.0,426,HIGH_backlog
71.2,3,0,90.81812999469619,69.0,8.0,2,1,0,17,36,16.0,192.0,45,1.65,39,0.188,0,0,1,0,25.3,MODERATE,4.6,140,MODERATE_standard
72.1,4,0,168.83806436178145,66.8,16.3,1,1,0,10,24,14.7,426.0,85,1.92,22,0.12,0,0,1,1,26.2,MODERATE,6.1,185,MODERATE_standard
23.8,18,3,505.10560424779305,17.4,45.4,12,0,161,29,36,29.5,914.7,255,4.36,10,0.53,0,1,0,1,92.6,CRITICAL,24.8,754,CRITICAL_injunction
86.2,0,0,52.187772575584255,92.5,4.4,0,1,0,11,30,5.7,175.0,23,0.44,46,0.033,0,0,0,1,12.0,LOW,1.4,43,LOW_streamlined
41.5,6,3,269.5358009192961,34.5,32.4,18,1,82,36,48,21.0,333.9,116,2.99,14,0.284,0,0,0,0,58.9,HIGH,12.3,374,HIGH_backlog
43.6,6,3,293.6280907378626,47.2,32.7,13,0,0,30,48,22.2,286.8,72,2.31,6,0.327,0,1,0,1,59.4,HIGH,11.3,344,HIGH_backlog
82.6,1,0,10.288439300627207,96.6,0.1,0,1,0,9,30,5.8,194.3,17,0.51,19,0.074,0,0,0,1,12.0,LOW,0.9,27,LOW_streamlined
65.7,2,1,136.8954163171344,52.1,14.2,1,1,0,15,36,10.5,178.0,29,1.86,17,0.147,0,0,0,1,31.6,MODERATE,7.4,225,MODERATE_standard
88.1,0,0,57.34245063619037,82.9,2.3,0,1,0,17,30,8.5,52.8,5,0.65,14,0.065,0,0,1,1,12.0,LOW,0.7,21,LOW_streamlined
25.7,18,4,317.35433416115507,20.8,61.0,8,0,300,45,48,22.0,620.9,160,4.85,9,0.533,0,0,0,0,93.0,CRITICAL,17.4,529,CRITICAL_injunction
67.4,4,0,107.3844298089251,62.3,14.8,3,1,0,11,24,15.6,384.7,69,1.92,12,0.114,0,0,1,1,28.1,MODERATE,7.1,216,MODERATE_standard
66.4,3,1,126.98078719863294,54.6,9.7,0,1,0,14,36,15.3,173.2,41,1.44,30,0.182,0,1,1,1,27.6,MODERATE,6.7,204,MODERATE_standard
40.8,9,1,243.49942874861003,42.2,31.4,11,1,0,20,36,16.1,288.5,71,2.44,11,0.391,1,0,0,0,57.1,HIGH,11.6,353,HIGH_backlog
19.8,14,2,522.1426915011127,6.7,36.2,178,0,274,30,60,28.8,994.9,329,5.33,9,0.536,1,0,0,0,94.0,CRITICAL,23.8,724,CRITICAL_injunction
42.7,6,2,295.6647751790098,32.7,31.9,5,0,0,27,48,19.8,137.4,25,2.46,28,0.456,1,0,0,0,60.0,HIGH,8.8,268,HIGH_backlog
76.1,2,0,25.175143598803515,80.2,0.8,0,1,0,16,30,4.1,219.2,18,0.33,28,0.072,0,0,1,1,12.0,LOW,1.3,40,LOW_streamlined
67.4,5,0,164.0046247698854,53.2,11.1,0,1,0,22,36,12.0,212.6,42,1.39,14,0.201,0,0,1,0,26.5,MODERATE,3.3,100,MODERATE_standard
94.5,0,0,46.928317127210406,80.7,6.4,0,1,0,7,18,7.3,32.3,5,0.61,46,0.034,0,0,0,1,12.0,LOW,0.5,15,LOW_streamlined
88.5,1,0,37.20176274672375,97.1,3.4,0,1,0,9,30,6.2,183.7,17,0.43,23,0.055,0,0,1,1,12.0,LOW,1.9,58,LOW_streamlined
52.8,7,3,298.43639477500057,37.6,35.8,19,1,59,31,48,22.8,593.2,148,2.75,7,0.464,0,1,0,1,55.7,HIGH,12.1,368,HIGH_backlog
59.6,2,0,68.710543705249,67.2,13.2,0,1,0,14,36,9.4,148.0,16,1.31,36,0.141,0,0,1,0,21.9,LOW,0.1,3,MODERATE_standard
55.4,7,1,251.0859377908072,25.5,20.5,19,0,52,36,48,23.9,513.7,88,2.91,18,0.495,1,0,0,1,55.6,HIGH,8.6,261,HIGH_backlog
24.2,10,3,379.0328490201847,11.8,54.4,20,0,141,39,36,31.7,251.5,47,4.92,9,0.67,1,0,0,0,89.9,CRITICAL,19.0,578,CRITICAL_injunction
61.2,2,1,63.22525726512684,62.9,9.5,0,1,0,11,36,15.5,448.4,89,1.4,25,0.15,0,1,1,1,26.0,MODERATE,4.4,134,MODERATE_standard
90.3,0,0,27.816127824075878,95.7,1.1,0,1,0,15,30,4.7,158.9,16,0.33,15,0.047,0,0,0,1,12.0,LOW,0.8,24,LOW_streamlined
93.5,1,0,30.06443696633488,80.1,3.6,0,1,0,6,30,5.2,183.4,24,0.61,16,0.037,0,0,1,1,12.0,LOW,1.0,30,LOW_streamlined
90.0,0,0,28.769070342323925,94.7,4.2,0,1,0,14,18,7.4,99.1,10,0.85,42,0.021,0,0,0,1,12.0,LOW,0.9,27,LOW_streamlined
82.3,0,0,28.05795033419128,95.6,6.2,0,1,0,17,18,8.5,185.0,19,0.27,29,0.055,0,0,0,1,13.5,LOW,0.3,9,LOW_streamlined
41.1,7,1,183.81896054474356,40.7,24.9,32,0,83,19,48,22.0,742.1,204,3.53,19,0.42,0,1,0,1,63.9,HIGH,8.2,249,HIGH_backlog
66.1,3,0,137.2431482891775,71.8,12.4,0,1,0,16,36,10.7,189.5,23,1.22,25,0.181,0,0,1,1,22.7,LOW,0.8,24,MODERATE_standard
38.7,8,1,317.7867194537644,31.7,21.4,21,1,76,21,36,18.5,672.9,170,2.99,10,0.404,0,0,0,0,51.9,HIGH,14.1,429,HIGH_backlog
48.7,7,1,315.8239372573868,40.9,28.9,20,1,56,18,36,16.5,628.9,108,3.27,26,0.28,1,0,0,0,52.1,HIGH,13.1,398,HIGH_backlog
64.6,3,1,167.5922037447674,51.0,15.0,0,1,0,14,24,13.6,333.0,67,1.5,23,0.117,0,0,0,1,28.6,MODERATE,4.2,128,MODERATE_standard
25.1,10,5,518.3657716827453,9.5,56.9,4,0,221,26,48,22.1,373.9,84,4.88,4,0.692,0,0,0,1,92.8,CRITICAL,17.7,538,CRITICAL_injunction
86.4,2,0,55.00099531212933,87.2,4.4,0,1,0,13,30,6.2,100.7,10,0.86,35,0.069,0,0,0,1,12.0,LOW,0.2,6,LOW_streamlined
40.9,8,1,288.88813351572,30.1,25.5,19,0,89,22,36,18.3,416.4,100,3.1,17,0.425,1,0,0,0,66.7,HIGH,12.9,392,HIGH_backlog
51.3,8,1,270.929040689898,30.6,23.7,16,0,100,23,36,22.7,660.9,139,2.53,12,0.486,1,1,0,0,67.2,HIGH,15.0,456,HIGH_backlog
65.0,2,0,148.5316307443939,56.1,17.9,0,1,0,8,24,9.3,150.7,25,1.58,22,0.16,0,0,0,1,27.2,MODERATE,4.3,131,MODERATE_standard
23.1,10,4,352.0210768976567,13.9,60.6,12,0,356,43,48,20.1,1066.0,243,3.92,16,0.511,0,1,0,0,88.9,CRITICAL,22.4,681,CRITICAL_injunction
12.9,12,3,300.5746332842341,9.9,52.3,125,0,189,34,36,30.7,848.2,315,4.01,22,0.71,1,0,0,1,94.0,CRITICAL,18.2,553,CRITICAL_injunction
13.8,10,4,304.2363981496549,5.2,44.8,230,1,223,31,60,30.7,1226.3,312,4.55,18,0.482,1,0,0,1,79.3,CRITICAL,16.8,511,CRITICAL_injunction
63.2,2,0,153.2150263365483,50.9,14.7,0,1,0,17,24,14.8,318.2,70,1.92,18,0.162,0,0,0,1,27.3,MODERATE,7.0,213,MODERATE_standard
82.4,1,0,44.287418876516625,93.5,2.3,0,1,0,10,30,4.3,170.8,20,0.89,32,0.068,0,0,0,1,12.0,LOW,0.8,24,LOW_streamlined
68.0,2,0,99.62633142270973,64.0,12.3,0,1,0,16,36,10.4,60.4,15,1.13,32,0.097,0,0,1,1,19.5,LOW,0.4,12,MODERATE_standard
17.6,14,3,437.06013282446435,15.4,40.0,96,0,195,30,36,33.0,778.5,227,4.56,9,0.72,1,0,0,0,93.8,CRITICAL,31.3,952,CRITICAL_injunction
70.5,4,0,169.82370965651796,53.6,14.1,0,1,0,14,24,10.8,447.1,97,1.92,15,0.193,0,0,1,1,25.2,MODERATE,7.4,225,MODERATE_standard
43.7,8,1,262.17732923567957,39.2,23.1,38,1,87,19,36,20.4,717.7,155,3.23,21,0.39,1,1,0,1,59.5,HIGH,10.4,316,HIGH_backlog
91.7,1,0,25.943482830884353,79.5,1.7,0,1,0,11,30,7.1,133.8,14,0.53,17,0.077,0,0,1,1,12.0,LOW,0.8,24,LOW_streamlined
79.7,0,0,32.5112616403418,85.5,5.7,0,1,0,15,24,5.2,213.2,30,0.4,40,0.07,0,0,1,1,12.0,LOW,0.7,21,LOW_streamlined
42.8,8,1,297.9142074248509,36.5,32.9,7,1,100,27,36,21.3,390.1,94,2.68,20,0.475,1,0,0,1,59.9,HIGH,10.7,325,HIGH_backlog
44.9,6,3,209.58909573504818,37.7,28.8,5,0,0,32,36,20.4,280.9,68,3.18,28,0.25,0,1,0,0,60.3,HIGH,14.2,432,HIGH_backlog
17.8,10,4,415.9273549595142,6.0,61.9,13,1,333,30,60,24.7,996.0,264,4.03,21,0.671,0,0,0,0,74.6,CRITICAL,22.7,690,CRITICAL_injunction
33.1,12,2,309.02814134712196,11.7,55.3,212,1,285,41,36,26.3,1342.8,408,4.76,16,0.785,1,0,0,1,71.9,CRITICAL,16.3,496,CRITICAL_injunction
61.3,5,0,148.09639828748374,58.5,15.2,0,1,0,9,24,12.8,316.7,50,1.87,9,0.206,0,1,1,1,31.5,MODERATE,7.0,213,MODERATE_standard
15.4,18,5,486.36178296311374,17.7,39.7,8,0,133,28,36,30.1,501.1,162,5.15,18,0.748,0,0,0,0,88.4,CRITICAL,16.3,496,CRITICAL_injunction
92.4,0,0,55.89175934910729,97.8,3.5,0,1,0,14,24,6.4,27.9,5,0.81,39,0.046,0,0,1,1,12.0,LOW,0.7,21,LOW_streamlined
84.4,1,0,29.439715663411093,94.1,5.3,0,1,0,13,30,7.1,20.4,2,0.49,40,0.011,0,0,0,1,12.0,LOW,2.2,67,LOW_streamlined
28.6,10,2,393.2991240297648,7.4,59.3,16,0,135,42,36,25.3,1121.4,320,4.48,19,0.474,0,1,0,0,93.1,CRITICAL,25.3,769,CRITICAL_injunction
18.2,14,3,290.4291321257471,16.4,44.2,106,0,284,41,36,25.0,1202.3,262,3.5,14,0.721,1,0,0,1,94.0,CRITICAL,25.4,772,CRITICAL_injunction
52.2,8,1,193.6238033319518,31.5,21.9,49,0,49,19,36,20.2,798.7,250,3.37,6,0.453,0,0,0,0,55.5,HIGH,10.4,316,HIGH_backlog
34.7,12,5,447.47651572822986,12.1,46.5,20,0,351,37,36,31.0,1470.4,407,5.15,13,0.695,0,1,0,1,90.7,CRITICAL,22.4,681,CRITICAL_injunction
13.1,18,3,393.5789240051136,22.0,35.4,170,0,234,34,60,30.2,1209.7,314,4.51,21,0.783,1,0,0,0,94.0,CRITICAL,19.9,605,CRITICAL_injunction
87.9,0,0,56.66708187028058,80.6,5.2,0,1,0,5,30,4.3,177.8,27,0.36,41,0.058,0,0,1,1,12.0,LOW,1.6,49,LOW_streamlined
64.6,3,0,87.66918694461346,61.1,12.7,0,1,0,23,36,11.7,110.3,24,1.88,33,0.086,0,0,0,0,25.0,MODERATE,4.3,131,MODERATE_standard
92.0,2,0,34.431997832170495,78.6,3.3,0,1,0,16,24,4.7,26.7,4,0.37,41,0.025,0,0,1,1,12.0,LOW,1.0,30,LOW_streamlined
58.5,3,1,177.61323317831778,56.9,14.8,0,1,0,14,24,9.8,443.0,59,1.29,8,0.191,0,0,0,0,26.6,MODERATE,5.9,179,MODERATE_standard
72.1,2,1,60.25501816917798,66.0,15.6,2,1,0,13,36,11.2,282.6,57,1.71,11,0.188,0,1,1,1,29.9,MODERATE,3.3,100,MODERATE_standard
60.5,3,0,96.44028073187789,63.3,13.5,1,1,0,22,24,14.8,304.7,40,1.24,16,0.151,0,1,1,1,27.9,MODERATE,6.9,210,MODERATE_standard
76.6,0,0,25.148127702181355,77.8,5.9,0,1,0,11,24,5.1,73.4,10,0.86,39,0.063,0,0,0,1,12.0,LOW,1.2,36,LOW_streamlined
17.6,18,3,339.32755260685025,7.2,59.9,93,0,214,33,60,34.3,791.5,167,4.79,15,0.584,1,0,0,1,94.0,CRITICAL,17.7,538,CRITICAL_injunction
93.3,1,0,54.535264479974614,81.0,6.4,0,1,0,4,18,8.1,98.5,5,0.33,22,0.03,0,0,1,1,12.0,LOW,2.1,64,LOW_streamlined
53.5,9,1,257.95688879669615,27.0,23.4,4,0,106,18,48,17.9,294.3,79,3.06,4,0.394,0,0,0,0,62.2,HIGH,8.6,261,HIGH_backlog
44.9,6,1,284.6355933060412,40.2,25.2,10,0,0,21,48,19.4,376.5,102,2.84,27,0.254,1,1,0,0,50.6,HIGH,13.1,398,HIGH_backlog
52.7,7,1,242.77493631981207,36.4,30.7,16,0,57,29,48,16.7,565.2,120,2.3,26,0.459,1,0,0,1,58.5,HIGH,8.1,246,HIGH_backlog
19.5,14,5,493.90713387893584,6.6,56.1,87,0,334,28,36,20.9,1114.8,230,4.56,18,0.61,1,0,0,0,94.0,CRITICAL,24.0,730,CRITICAL_injunction
84.4,0,0,51.45253399199528,79.1,2.4,0,1,0,7,30,5.1,134.5,19,0.64,27,0.045,0,0,1,1,12.0,LOW,1.5,46,LOW_streamlined
75.9,1,0,28.535753028056266,88.9,0.8,0,1,0,14,30,5.0,195.4,31,0.31,20,0.022,0,0,1,1,13.6,LOW,2.2,67,LOW_streamlined
63.9,4,0,75.77576789809928,62.0,14.2,0,1,0,21,36,12.4,83.3,10,1.21,33,0.103,0,0,1,1,24.4,MODERATE,3.5,106,MODERATE_standard
46.0,9,1,240.97203885843933,33.6,21.4,7,0,0,19,48,16.7,237.3,49,3.27,10,0.286,0,0,0,1,53.2,HIGH,11.5,350,HIGH_backlog
55.0,6,2,306.6132326312943,41.6,24.3,7,1,0,29,36,18.8,489.1,86,2.28,10,0.266,1,1,0,1,54.1,HIGH,8.2,249,HIGH_backlog
80.3,0,0,48.7298558423921,93.5,0.4,0,1,0,6,18,7.1,44.1,7,0.28,31,0.06,0,0,1,1,12.0,LOW,2.5,76,LOW_streamlined
54.9,7,2,229.81224138212735,34.8,25.2,22,1,0,29,48,16.2,436.0,125,2.96,14,0.282,1,0,0,0,52.3,HIGH,12.8,389,HIGH_backlog
67.0,2,1,131.8987160677767,57.7,13.1,1,1,0,20,24,10.0,344.0,48,1.77,9,0.153,0,0,0,1,34.2,MODERATE,5.3,161,MODERATE_standard
68.9,2,0,84.4231318417624,54.7,17.4,0,1,0,21,36,9.4,307.9,59,1.34,35,0.117,0,0,0,0,19.6,LOW,0.8,24,MODERATE_standard
42.4,7,1,266.23848981581773,42.5,24.4,7,1,46,18,36,22.6,291.6,56,2.82,27,0.3,0,0,0,0,48.9,HIGH,10.0,304,HIGH_backlog
42.0,6,2,196.5925135922863,35.3,21.1,13,1,0,19,36,17.9,330.1,72,2.25,6,0.491,0,1,0,1,56.7,HIGH,13.5,410,HIGH_backlog
13.9,10,4,361.63656680611206,17.6,44.9,6,0,169,43,48,25.3,408.0,126,4.22,16,0.657,0,1,0,0,93.6,CRITICAL,17.3,526,CRITICAL_injunction
33.9,12,3,282.217603199112,16.3,58.3,106,0,294,48,60,29.8,951.5,231,3.52,14,0.453,1,0,0,1,87.7,CRITICAL,31.9,970,CRITICAL_injunction
19.3,10,2,492.25047851091824,22.4,60.9,15,0,344,51,36,27.2,1100.8,303,5.25,6,0.715,0,1,0,0,90.6,CRITICAL,20.0,608,CRITICAL_injunction
45.6,7,1,298.3031882765465,40.5,29.0,3,0,109,28,36,17.3,226.7,53,3.32,27,0.36,1,0,0,0,67.2,HIGH,10.6,322,HIGH_backlog
79.9,0,0,35.42493893481177,89.1,3.2,0,1,0,14,24,8.3,146.1,11,0.32,15,0.045,0,0,0,0,12.0,LOW,0.4,12,LOW_streamlined
84.9,0,0,30.454475468915913,83.5,3.1,0,1,0,12,18,5.3,147.1,15,0.4,12,0.013,0,0,0,1,12.0,LOW,0.5,15,LOW_streamlined
52.0,6,3,259.673003233375,28.8,21.1,22,1,40,29,48,21.5,643.6,159,2.57,10,0.311,0,0,0,1,52.5,HIGH,12.2,371,HIGH_backlog
43.1,7,2,210.83925643087676,39.2,35.8,35,0,0,27,36,20.1,585.7,149,2.52,4,0.498,0,0,0,0,61.9,HIGH,13.5,410,HIGH_backlog
24.5,14,4,282.60429816766305,5.3,45.7,18,0,197,39,36,28.0,1180.3,369,5.45,14,0.74,0,1,0,0,93.9,CRITICAL,23.0,699,CRITICAL_injunction
80.6,1,0,41.0242685305973,96.1,0.2,0,1,0,5,30,6.0,102.5,15,0.61,27,0.07,0,0,1,1,12.0,LOW,1.9,58,LOW_streamlined
61.8,3,0,81.50415019557114,59.1,16.9,1,1,0,22,24,13.8,271.5,44,1.58,33,0.208,0,1,0,1,30.7,MODERATE,6.1,185,MODERATE_standard
48.4,7,1,298.4680369613603,36.8,29.0,12,1,46,21,36,17.2,280.7,63,3.28,21,0.426,1,1,0,1,59.9,HIGH,10.7,325,HIGH_backlog
95.1,1,0,39.54875194893664,97.6,7.9,0,1,0,15,24,5.2,58.4,4,0.21,24,0.068,0,0,0,1,12.0,LOW,1.7,52,LOW_streamlined
59.2,4,0,133.14165212277544,52.1,17.9,0,1,0,14,24,11.1,336.2,72,1.44,15,0.109,0,0,0,1,27.5,MODERATE,6.9,210,MODERATE_standard
79.1,0,0,34.721396669689184,90.7,2.6,0,1,0,4,30,4.2,157.3,11,0.23,38,0.017,0,0,0,1,12.0,LOW,1.4,43,LOW_streamlined
76.5,2,0,44.762796149986805,81.0,4.3,0,1,0,4,18,8.9,242.9,25,0.76,23,0.062,0,0,0,1,12.4,LOW,1.3,40,LOW_streamlined
64.0,3,0,119.28004365250871,57.7,17.3,1,1,0,17,36,9.1,247.7,36,1.36,30,0.137,0,0,0,1,29.7,MODERATE,3.4,103,MODERATE_standard
73.9,2,0,105.99163219369296,54.7,11.8,0,1,0,21,24,14.1,387.8,43,1.74,23,0.135,0,0,1,1,22.4,LOW,1.4,43,MODERATE_standard
68.9,4,1,173.95352189581922,56.9,8.2,0,1,0,11,36,13.1,228.9,28,1.53,28,0.198,0,0,0,1,23.4,LOW,0.8,24,MODERATE_standard
48.8,7,2,227.97907159796694,39.1,25.4,13,1,0,27,48,17.2,208.6,58,2.42,20,0.47,0,0,0,0,52.5,HIGH,13.1,398,HIGH_backlog
80.7,2,0,12.304851843886501,86.2,1.5,0,1,0,7,24,4.8,243.4,39,0.46,33,0.019,0,0,0,1,12.0,LOW,0.0,0,LOW_streamlined
39.8,8,3,188.30995758026646,41.9,26.3,6,0,0,25,48,19.4,459.3,104,2.8,22,0.362,0,0,0,0,58.2,HIGH,12.8,389,HIGH_backlog
32.9,18,3,386.1254047130989,21.0,52.9,9,0,149,36,36,22.2,697.1,183,5.14,2,0.463,0,0,0,0,90.3,CRITICAL,27.1,824,CRITICAL_injunction
30.3,10,2,412.5133235875743,8.7,48.1,4,0,182,45,48,32.9,361.1,91,4.97,18,0.554,0,1,0,0,91.0,CRITICAL,26.1,793,CRITICAL_injunction
79.2,1,0,58.86991184470865,94.2,0.9,0,1,0,5,18,4.8,116.8,15,0.8,32,0.073,0,0,0,1,12.0,LOW,0.6,18,LOW_streamlined
51.3,6,1,208.18206636009378,37.2,30.3,6,0,0,19,48,19.0,228.9,71,2.7,7,0.463,0,0,0,0,51.0,HIGH,15.0,456,HIGH_backlog
41.1,9,1,202.65099424297225,38.1,27.9,11,0,0,30,36,19.1,292.0,76,2.22,10,0.29,0,0,0,1,55.5,HIGH,14.2,432,HIGH_backlog
47.7,8,1,248.77718300403978,41.6,20.6,36,1,101,19,48,16.5,753.0,158,2.52,20,0.262,0,1,0,0,53.6,HIGH,10.3,313,HIGH_backlog
93.9,0,0,30.099624714691977,94.2,1.1,0,1,0,5,24,5.0,225.3,22,0.31,36,0.072,0,0,1,1,12.0,LOW,0.7,21,LOW_streamlined
48.2,6,2,303.498524703685,37.3,25.6,10,0,0,23,36,19.8,269.8,52,2.77,10,0.345,0,0,0,1,51.2,HIGH,12.8,389,HIGH_backlog
48.1,6,1,213.98225932562565,36.9,24.9,9,0,0,18,36,21.8,552.5,141,3.25,4,0.485,0,0,0,1,54.1,HIGH,9.1,277,HIGH_backlog
45.7,8,2,263.7789294260146,42.5,24.6,29,1,56,30,48,18.0,785.4,175,3.54,18,0.429,0,1,0,1,57.4,HIGH,8.0,243,HIGH_backlog
55.6,9,1,285.9566148855654,31.3,27.2,5,1,51,26,48,16.4,294.7,67,3.15,13,0.497,0,0,0,0,51.8,HIGH,13.0,395,HIGH_backlog
42.3,9,3,262.0526426188545,42.1,25.6,14,0,55,20,48,22.6,780.0,187,3.23,5,0.26,0,0,0,1,61.0,HIGH,12.6,383,HIGH_backlog
92.3,0,0,19.691833639738256,97.9,2.1,0,1,0,16,18,5.4,77.0,8,0.42,17,0.047,0,0,0,1,12.0,LOW,0.1,3,LOW_streamlined
60.2,4,0,178.34948846186802,64.0,15.1,0,1,0,21,36,13.5,70.2,15,1.45,31,0.082,0,0,1,1,27.5,MODERATE,5.2,158,MODERATE_standard
42.3,8,2,288.67433771374436,45.0,21.3,29,0,93,33,36,23.7,624.0,173,2.22,19,0.266,0,0,0,0,59.3,HIGH,9.2,280,HIGH_backlog
48.1,7,1,299.71300332140595,44.5,25.3,30,0,0,20,36,17.2,611.9,121,3.37,22,0.401,1,1,0,0,56.2,HIGH,13.4,407,HIGH_backlog
74.0,2,1,94.70462952009257,56.0,14.4,0,1,0,10,24,11.9,441.7,69,1.87,16,0.209,0,0,1,0,22.5,LOW,0.9,27,MODERATE_standard
31.6,10,3,374.6124699341872,23.1,64.7,6,0,152,34,48,22.8,469.8,125,4.57,7,0.537,0,1,0,0,88.1,CRITICAL,18.6,565,CRITICAL_injunction
81.8,0,0,36.19230339723201,79.4,3.9,0,1,0,10,24,7.6,100.0,8,0.75,46,0.032,0,0,1,1,12.0,LOW,2.2,67,LOW_streamlined
72.5,3,0,142.41874716161462,53.1,10.7,0,1,0,16,24,13.1,55.2,12,1.64,25,0.216,0,0,0,1,24.8,MODERATE,5.4,164,MODERATE_standard
13.5,14,2,450.4416751592598,19.7,60.9,136,1,308,29,60,30.0,956.2,223,4.94,11,0.583,1,0,0,1,80.4,CRITICAL,25.7,781,CRITICAL_injunction
47.4,6,3,275.6275504012742,25.8,21.4,22,1,0,19,48,22.1,428.9,98,2.68,28,0.497,0,0,0,1,51.5,HIGH,11.2,340,HIGH_backlog
13.4,18,4,414.0677288894493,16.7,63.4,249,1,261,35,36,27.0,1062.1,382,3.52,16,0.746,1,0,0,0,73.9,CRITICAL,22.6,687,CRITICAL_injunction
68.5,3,0,142.25363682761474,60.5,13.1,2,1,0,11,36,15.6,312.5,60,1.37,6,0.155,0,0,1,1,30.2,MODERATE,5.4,164,MODERATE_standard
23.7,14,2,291.66267349221425,11.2,61.1,11,0,355,30,60,24.4,889.4,228,5.15,21,0.582,0,1,0,1,94.0,CRITICAL,29.9,909,CRITICAL_injunction
85.4,1,0,49.081659535996124,94.6,3.6,0,1,0,5,30,8.7,72.7,6,0.46,33,0.057,0,0,1,1,12.0,LOW,0.6,18,LOW_streamlined
70.6,5,0,105.83061608371867,54.9,13.3,1,1,0,9,24,11.8,360.5,52,1.46,27,0.12,0,0,0,0,31.2,MODERATE,7.1,216,MODERATE_standard
69.3,4,0,151.65999849285214,53.5,16.3,1,1,0,14,36,13.0,304.2,54,1.56,24,0.136,0,0,1,1,30.3,MODERATE,5.5,167,MODERATE_standard
30.0,10,3,467.53632891915527,10.4,46.7,56,1,327,36,48,21.7,296.8,104,4.25,18,0.789,1,0,0,1,74.1,CRITICAL,31.0,942,CRITICAL_injunction
46.9,9,1,225.91058765731697,36.9,21.8,5,1,0,21,48,22.9,111.9,24,2.75,8,0.472,0,0,0,0,53.5,HIGH,14.7,447,HIGH_backlog
42.6,9,1,187.2284066741436,25.2,24.8,24,0,0,18,36,19.6,483.5,109,2.71,6,0.258,0,0,0,1,60.5,HIGH,13.1,398,HIGH_backlog
86.3,1,0,49.658022791496336,92.5,2.2,0,1,0,13,30,7.7,58.0,10,0.63,17,0.024,0,0,1,1,12.0,LOW,2.1,64,LOW_streamlined
87.1,2,0,21.68789490529047,95.4,1.9,0,1,0,11,24,7.3,110.2,7,0.48,18,0.039,0,0,0,1,12.0,LOW,1.0,30,LOW_streamlined
28.8,14,2,469.69993129386745,10.9,57.8,8,0,174,48,36,29.2,906.4,176,4.29,14,0.546,0,1,0,0,92.2,CRITICAL,29.3,891,CRITICAL_injunction
52.3,9,1,203.2894301510996,33.9,24.6,7,1,0,26,48,16.3,248.5,61,2.8,18,0.424,0,0,0,1,53.8,HIGH,12.0,365,HIGH_backlog
58.0,5,0,123.83930959237321,68.6,17.0,0,1,0,14,36,10.1,288.6,47,1.52,20,0.115,0,0,1,0,29.2,MODERATE,6.0,182,MODERATE_standard
50.2,6,1,245.54998678599964,37.1,34.2,29,1,41,32,48,19.9,671.4,144,3.01,20,0.433,1,0,0,0,56.2,HIGH,8.6,261,HIGH_backlog
40.7,8,1,306.65233386253425,39.9,25.3,5,1,53,21,48,20.2,113.1,26,3.05,28,0.322,0,0,0,0,54.7,HIGH,14.8,450,HIGH_backlog
16.6,10,3,525.4450894648398,13.8,50.5,254,0,253,44,60,30.9,1189.6,441,5.08,17,0.751,1,0,0,0,94.0,CRITICAL,24.0,730,CRITICAL_injunction
32.4,12,3,455.17997487214285,19.4,54.8,177,1,320,50,36,32.2,1380.7,387,4.47,7,0.567,1,0,0,0,73.9,CRITICAL,18.5,562,CRITICAL_injunction
22.5,12,4,343.9130969750065,23.3,64.0,7,0,197,24,48,25.9,504.7,150,4.33,17,0.477,0,1,0,1,94.0,CRITICAL,22.2,675,CRITICAL_injunction
35.9,10,4,424.41092055887117,20.1,55.8,74,1,263,41,60,30.7,532.3,155,5.38,6,0.691,1,0,0,0,73.8,CRITICAL,25.5,775,CRITICAL_injunction
16.9,10,2,490.1228506318595,13.2,52.7,18,0,192,43,48,22.0,1387.3,364,4.78,9,0.463,0,1,0,0,93.0,CRITICAL,16.8,511,CRITICAL_injunction
20.7,10,5,309.4210176615697,5.2,46.8,171,1,153,24,36,27.7,1116.0,319,4.97,3,0.655,1,0,0,1,78.4,CRITICAL,23.8,724,CRITICAL_injunction
29.3,18,4,459.9411545433473,8.1,53.1,13,0,319,37,48,33.9,806.2,275,4.66,14,0.458,0,1,0,0,88.6,CRITICAL,21.8,663,CRITICAL_injunction
60.8,3,1,127.73469582853953,58.0,14.7,0,1,0,21,36,14.1,110.9,16,1.13,19,0.214,0,0,1,0,26.9,MODERATE,5.2,158,MODERATE_standard
77.8,1,0,19.732313470024096,94.4,5.0,0,1,0,16,30,6.0,116.4,9,0.59,16,0.028,0,0,0,1,12.0,LOW,1.6,49,LOW_streamlined
78.5,1,0,11.48486526716694,81.4,5.7,0,1,0,4,24,5.6,121.5,11,0.24,39,0.039,0,0,1,1,12.0,LOW,1.4,43,LOW_streamlined
14.0,12,3,515.2616213059503,18.7,38.2,8,0,155,42,60,22.8,687.9,170,4.28,10,0.646,0,1,0,0,91.9,CRITICAL,18.4,559,CRITICAL_injunction
64.7,3,0,97.55732372920917,59.6,17.2,0,1,0,16,24,10.5,75.2,14,1.26,20,0.088,0,1,0,1,26.3,MODERATE,5.1,155,MODERATE_standard
93.7,0,0,20.998308808094045,96.5,7.6,0,1,0,11,18,8.5,238.5,45,0.38,23,0.018,0,0,1,0,12.0,LOW,0.3,9,LOW_streamlined
27.9,10,4,367.8705654138863,22.8,38.8,71,0,315,41,60,21.2,645.2,182,5.09,4,0.632,1,0,0,1,90.5,CRITICAL,20.9,635,CRITICAL_injunction
50.9,6,1,239.71951139346382,26.0,22.3,11,1,95,28,48,17.1,480.9,76,3.32,12,0.344,0,0,0,1,47.5,HIGH,12.8,389,HIGH_backlog
53.9,8,2,301.72901058630964,28.8,35.4,6,1,0,29,36,16.4,127.3,29,3.27,10,0.482,0,0,0,0,56.5,HIGH,10.3,313,HIGH_backlog
67.2,5,1,140.22055865702302,59.1,17.6,1,1,0,10,36,9.5,383.5,40,1.69,26,0.161,0,0,0,1,34.8,MODERATE,6.0,182,MODERATE_standard
65.6,3,0,145.49709630867613,58.0,10.1,4,1,0,16,24,15.3,441.1,88,1.81,22,0.081,0,1,0,1,31.2,MODERATE,3.6,109,MODERATE_standard
42.2,6,1,239.03551113704907,29.7,34.4,4,1,77,36,36,20.3,103.9,22,3.13,16,0.274,0,0,0,1,51.9,HIGH,11.4,347,HIGH_backlog
48.0,8,3,228.29886732380723,34.4,32.4,6,1,0,31,36,16.9,627.0,125,3.25,19,0.429,0,0,0,1,57.0,HIGH,13.3,404,HIGH_backlog
35.6,12,3,461.47346819692814,12.3,53.6,11,0,176,26,48,28.3,907.5,239,5.21,19,0.515,0,1,0,1,89.6,CRITICAL,28.3,860,CRITICAL_injunction
18.0,14,2,288.6289534253317,18.5,56.7,6,0,203,37,60,21.5,401.4,121,5.36,22,0.675,0,0,0,1,94.0,CRITICAL,31.8,967,CRITICAL_injunction
43.7,9,1,190.06368846845166,29.9,20.2,31,1,42,25,48,20.3,678.3,204,2.66,26,0.34,1,0,0,0,55.5,HIGH,12.5,380,HIGH_backlog
91.2,0,0,44.09516491534063,80.1,7.3,0,1,0,10,24,7.2,208.2,28,0.78,31,0.061,0,0,0,1,12.0,LOW,1.4,43,LOW_streamlined
84.3,2,0,27.431131736453626,78.2,2.3,0,1,0,10,24,6.0,133.3,18,0.49,16,0.024,0,0,0,1,16.0,LOW,0.5,15,LOW_streamlined
13.7,10,2,414.6134729190886,18.3,50.8,127,0,221,48,36,30.4,1094.8,230,4.25,2,0.483,1,0,0,0,93.8,CRITICAL,31.0,942,CRITICAL_injunction
53.4,6,1,272.2258142169204,26.2,29.7,19,0,107,37,36,22.1,495.0,141,2.57,19,0.427,0,0,0,1,57.8,HIGH,13.6,413,HIGH_backlog
35.9,10,5,313.1815244230544,19.9,36.9,3,0,357,32,60,27.1,330.0,78,4.26,4,0.571,0,1,0,1,84.2,CRITICAL,31.1,945,CRITICAL_injunction
35.9,10,4,449.1355791281339,6.6,48.6,3,0,199,39,48,33.3,276.6,74,4.02,8,0.63,0,1,0,0,92.5,CRITICAL,31.2,948,CRITICAL_injunction
53.3,6,1,240.85838879889434,40.6,24.7,40,0,71,26,36,21.3,609.7,164,2.27,8,0.45,1,0,0,0,54.8,HIGH,12.4,377,HIGH_backlog
84.8,0,0,36.91512218285177,82.2,6.9,0,1,0,9,18,6.8,208.5,30,0.28,23,0.024,0,0,1,0,12.0,LOW,1.6,49,LOW_streamlined
24.9,10,2,470.1083907136532,12.2,40.1,20,0,331,41,36,25.7,1406.8,404,3.71,6,0.75,0,1,0,1,85.2,CRITICAL,19.0,578,CRITICAL_injunction
42.9,8,2,309.68505439827595,30.3,24.6,7,0,0,24,36,21.3,414.7,60,2.55,26,0.404,1,0,0,1,61.7,HIGH,11.0,334,HIGH_backlog
63.8,3,0,98.84408809798187,58.1,14.9,0,1,0,17,36,9.9,175.6,27,1.52,8,0.13,0,0,0,1,23.6,LOW,1.4,43,MODERATE_standard
86.7,1,0,48.36301364233953,81.6,5.1,0,1,0,11,24,4.8,53.1,5,0.6,27,0.018,0,0,0,0,12.0,LOW,0.9,27,LOW_streamlined
62.2,3,0,124.14095932149162,63.6,17.5,1,1,0,12,24,9.1,435.6,52,1.6,22,0.164,0,0,1,0,26.1,MODERATE,3.8,116,MODERATE_standard
60.8,3,0,143.27271011851008,68.4,10.2,0,1,0,13,36,12.2,376.4,64,2.0,20,0.132,0,1,0,0,27.8,MODERATE,4.6,140,MODERATE_standard
64.4,2,0,127.7939929851201,50.5,17.7,1,1,0,14,24,10.3,322.7,57,1.5,6,0.191,0,1,0,1,31.8,MODERATE,3.7,112,MODERATE_standard
48.2,6,3,248.10368937131977,43.8,32.6,20,1,109,24,48,17.6,538.8,114,3.43,18,0.295,1,0,0,0,61.9,HIGH,12.1,368,HIGH_backlog
76.5,1,0,38.31284938567837,97.8,1.6,0,1,0,7,18,5.7,34.3,3,0.44,24,0.079,0,0,1,1,12.0,LOW,0.9,27,LOW_streamlined
45.8,9,1,236.05353394287005,47.6,30.1,13,1,0,34,36,17.8,451.0,127,3.07,18,0.455,0,1,0,1,61.0,HIGH,12.8,389,HIGH_backlog
91.5,0,0,30.860812289020302,87.4,3.3,0,1,0,13,18,4.7,88.2,8,0.2,14,0.012,0,0,1,1,12.0,LOW,1.0,30,LOW_streamlined
50.5,6,1,209.52414148647944,42.8,30.0,29,0,46,23,48,18.9,782.3,214,2.25,29,0.456,0,1,0,1,49.8,HIGH,12.6,383,HIGH_backlog
90.3,0,0,40.783231971134555,95.3,5.5,0,1,0,4,30,7.6,69.2,14,0.63,24,0.033,0,0,0,1,12.0,LOW,2.4,73,LOW_streamlined
89.1,0,0,47.688300296226835,93.9,3.7,0,1,0,10,24,8.8,240.4,22,0.71,39,0.06,0,0,0,1,12.0,LOW,0.2,6,LOW_streamlined
49.7,9,2,226.97060915535755,30.1,28.0,12,0,48,36,48,23.4,274.6,74,2.21,25,0.378,0,0,0,0,59.2,HIGH,11.9,362,HIGH_backlog
91.5,1,0,22.130385689584372,79.5,5.7,0,1,0,6,18,6.3,202.4,35,0.39,28,0.031,0,0,0,1,12.0,LOW,0.0,0,LOW_streamlined
78.7,0,0,21.52498217792367,78.2,8.0,0,1,0,13,24,4.4,92.4,16,0.52,47,0.077,0,0,0,1,12.0,LOW,1.3,40,LOW_streamlined
83.6,0,0,48.325881933336696,75.3,4.7,0,1,0,12,30,4.1,109.7,14,0.77,47,0.044,0,0,1,1,12.0,LOW,2.4,73,LOW_streamlined
58.8,4,0,100.65582144042683,51.6,11.9,0,1,0,14,24,9.9,250.0,26,1.74,10,0.171,0,1,1,1,31.4,MODERATE,5.6,170,MODERATE_standard
30.9,12,3,286.2974640172732,9.3,38.2,114,0,162,33,48,33.4,766.4,195,4.11,7,0.493,1,0,0,0,88.8,CRITICAL,21.5,654,CRITICAL_injunction
31.6,14,4,490.9320853663129,18.3,35.2,77,1,170,47,48,28.2,348.8,126,4.14,15,0.613,1,0,0,1,72.6,CRITICAL,26.9,818,CRITICAL_injunction
20.4,10,2,393.66952628776585,9.1,64.6,21,0,356,43,48,29.3,1196.4,421,4.74,13,0.766,0,0,0,1,93.2,CRITICAL,29.8,906,CRITICAL_injunction
90.5,0,0,14.31174993300067,77.7,4.5,0,1,0,12,18,8.6,134.3,22,0.6,25,0.023,0,0,1,1,12.0,LOW,1.9,58,LOW_streamlined
91.9,1,0,48.86104733274352,94.4,1.8,0,1,0,9,30,6.6,101.3,12,0.25,38,0.032,0,0,0,1,12.0,LOW,0.4,12,LOW_streamlined
94.3,1,0,37.028194937662306,88.2,3.3,0,1,0,13,30,7.3,163.7,24,0.71,44,0.03,0,0,1,1,12.0,LOW,2.4,73,LOW_streamlined
53.5,6,2,315.8335073194616,27.7,28.9,34,1,101,32,48,22.9,723.3,140,3.53,6,0.294,1,1,0,1,62.7,HIGH,9.6,292,HIGH_backlog
69.2,3,0,165.54973569258857,52.4,15.1,1,1,0,13,36,11.8,108.3,26,1.2,35,0.205,0,1,1,0,27.5,MODERATE,5.6,170,MODERATE_standard
77.5,0,0,53.306175144078566,78.6,6.3,0,1,0,14,18,7.7,235.5,22,0.8,35,0.037,0,0,0,1,12.0,LOW,2.3,70,LOW_streamlined
67.3,2,0,174.9607211065389,54.8,15.0,0,1,0,12,24,14.9,271.9,37,1.2,35,0.173,0,0,0,1,20.4,LOW,1.3,40,MODERATE_standard
48.3,8,1,221.3164587189163,36.4,35.1,35,1,0,27,48,23.4,681.6,162,2.28,23,0.461,0,0,0,0,53.6,HIGH,12.4,377,HIGH_backlog
66.1,3,0,79.55875671660979,59.4,11.3,0,1,0,19,24,10.7,92.5,14,1.9,26,0.124,0,0,0,1,24.2,MODERATE,6.8,207,MODERATE_standard
70.7,2,1,159.4876020417195,60.5,10.3,0,1,0,9,24,15.9,56.1,14,1.67,32,0.097,0,1,1,1,23.8,LOW,0.8,24,MODERATE_standard
30.9,12,3,460.87190259560316,9.7,47.5,181,0,138,49,48,25.7,1464.7,381,4.67,16,0.578,1,0,0,1,86.4,CRITICAL,23.5,714,CRITICAL_injunction
13.3,14,5,534.7407477279418,12.9,52.4,24,0,346,43,36,21.8,1485.3,483,3.7,8,0.742,0,0,0,1,94.0,CRITICAL,25.0,760,CRITICAL_injunction
79.8,1,0,23.775998649471887,75.6,0.7,0,1,0,8,24,4.2,235.8,30,0.6,19,0.017,0,0,1,1,12.0,LOW,0.3,9,LOW_streamlined
39.3,8,1,222.91393988043262,31.7,34.1,14,1,0,35,36,16.6,331.9,85,2.25,25,0.386,0,0,0,1,54.3,HIGH,9.1,277,HIGH_backlog
19.7,12,5,528.0912356776315,13.7,42.9,23,1,134,43,60,30.1,257.8,44,3.56,12,0.667,1,0,0,1,72.8,CRITICAL,20.7,629,CRITICAL_injunction
54.7,7,1,294.7161906320949,33.3,20.8,16,1,0,33,36,19.9,294.9,74,2.93,21,0.41,1,0,0,0,50.7,HIGH,14.5,441,HIGH_backlog
53.3,9,3,234.52201737137568,39.9,24.4,10,1,54,18,48,20.6,269.4,67,3.59,18,0.404,1,0,0,1,57.9,HIGH,10.6,322,HIGH_backlog
93.2,0,0,34.16216715657467,85.3,2.9,0,1,0,4,18,6.5,238.3,30,0.64,25,0.026,0,0,1,1,12.0,LOW,1.8,55,LOW_streamlined
44.7,6,2,277.42082116126625,37.0,28.1,19,1,94,19,36,21.0,646.5,133,2.49,29,0.366,0,0,0,1,48.0,HIGH,8.5,258,HIGH_backlog
82.2,0,0,23.742092207871934,85.3,7.6,0,1,0,8,30,5.6,198.1,26,0.73,41,0.027,0,0,0,0,12.0,LOW,1.5,46,LOW_streamlined
30.2,10,2,497.878976736122,13.0,44.2,4,0,207,26,60,30.9,263.2,82,4.25,21,0.622,0,1,0,1,86.2,CRITICAL,28.6,869,CRITICAL_injunction
83.4,0,0,16.44219749958475,89.0,1.6,0,1,0,4,30,6.7,104.2,18,0.49,26,0.048,0,0,0,1,12.0,LOW,0.9,27,LOW_streamlined
92.0,0,0,35.90007922938506,94.8,3.8,0,1,0,7,18,5.6,242.8,23,0.28,22,0.024,0,0,1,1,12.0,LOW,1.7,52,LOW_streamlined
91.3,1,0,12.22116984739627,95.5,7.5,0,1,0,4,30,5.6,140.7,17,0.58,46,0.034,0,0,1,0,12.0,LOW,0.2,6,LOW_streamlined
85.8,0,0,54.805883511029585,86.7,4.3,0,1,0,12,18,5.2,231.9,25,0.88,39,0.049,0,0,0,1,12.0,LOW,0.5,15,LOW_streamlined
53.7,6,1,264.0103467249236,25.5,20.9,10,0,0,19,48,21.4,499.8,98,2.79,19,0.465,0,1,0,0,52.1,HIGH,8.0,243,HIGH_backlog
40.4,8,2,182.33515167231022,38.9,20.1,12,1,95,29,36,22.3,601.9,151,2.23,15,0.482,0,1,0,1,56.2,HIGH,13.8,420,HIGH_backlog
17.1,10,4,347.1406951500035,12.8,40.3,231,1,328,40,48,33.6,1261.3,343,4.76,4,0.7,1,0,0,1,75.4,CRITICAL,28.4,863,CRITICAL_injunction
51.4,7,2,197.50011877403014,43.8,34.7,23,1,0,25,36,18.5,403.9,93,2.87,17,0.352,0,0,0,1,51.3,HIGH,11.7,356,HIGH_backlog
86.8,1,0,13.110835996297173,78.4,0.0,0,1,0,16,18,8.5,205.2,19,0.34,47,0.054,0,0,0,0,12.0,LOW,0.7,21,LOW_streamlined
28.0,10,2,484.0610610235698,5.5,40.3,129,0,336,44,36,26.5,707.1,193,5.14,17,0.475,1,0,0,0,93.7,CRITICAL,24.7,751,CRITICAL_injunction
44.4,7,3,228.40690792494115,28.4,21.7,3,0,0,36,36,19.6,105.3,24,2.54,23,0.447,0,0,0,1,55.0,HIGH,11.2,340,HIGH_backlog
28.5,12,3,336.6865779020914,17.1,57.3,130,0,172,33,48,25.8,727.7,176,4.63,15,0.776,1,0,0,1,92.6,CRITICAL,23.6,717,CRITICAL_injunction
54.7,9,1,319.93118155502634,32.7,30.8,19,0,86,33,36,17.1,431.2,82,3.18,16,0.328,1,0,0,0,64.1,HIGH,10.4,316,HIGH_backlog
51.9,7,2,250.1570579223255,37.8,34.8,12,1,44,34,36,23.3,153.7,50,2.46,27,0.484,1,1,0,0,57.4,HIGH,14.6,444,HIGH_backlog
92.2,0,0,22.646498886259206,93.2,3.8,0,1,0,13,24,7.7,186.2,33,0.35,21,0.016,0,0,0,1,12.0,LOW,0.0,0,LOW_streamlined
12.8,14,3,543.3095573141164,22.6,56.0,266,1,163,25,48,32.5,1386.4,447,3.82,5,0.642,1,0,0,0,74.3,CRITICAL,22.2,675,CRITICAL_injunction
80.8,1,0,32.02919879465718,79.8,7.5,0,1,0,7,18,5.3,125.6,13,0.38,19,0.04,0,0,0,1,15.4,LOW,0.0,0,LOW_streamlined
69.5,3,0,178.8684924978744,59.5,17.1,2,1,0,23,24,14.3,383.1,56,1.39,23,0.121,0,0,1,1,23.4,LOW,1.5,46,MODERATE_standard
42.6,7,2,196.55793769872668,45.5,34.4,3,0,60,32,36,23.2,238.1,45,3.43,25,0.468,0,1,0,0,65.7,HIGH,14.6,444,HIGH_backlog
79.8,1,0,24.19892491142115,79.0,2.1,0,1,0,13,18,8.8,53.7,4,0.52,43,0.041,0,0,1,0,15.4,LOW,2.0,61,LOW_streamlined
47.5,9,2,284.02858767757886,37.6,24.5,9,0,0,28,48,22.4,567.8,153,2.65,25,0.491,0,1,0,1,58.3,HIGH,11.7,356,HIGH_backlog
73.9,3,1,150.8894662713671,60.1,12.4,0,1,0,8,24,12.9,94.6,12,1.83,13,0.199,0,0,0,1,24.7,MODERATE,6.0,182,MODERATE_standard
39.9,7,1,299.5093450520146,37.9,24.2,12,1,0,33,36,19.7,456.6,110,2.51,4,0.429,0,0,0,1,49.4,HIGH,10.1,307,HIGH_backlog
66.9,3,0,123.39815921461351,53.7,12.6,1,1,0,21,36,11.2,362.7,56,1.62,29,0.213,0,0,0,1,29.4,MODERATE,4.5,137,MODERATE_standard
46.5,8,2,216.90398726164426,36.0,30.4,2,0,0,33,36,18.2,227.5,39,3.42,13,0.329,0,0,0,1,59.5,HIGH,12.0,365,HIGH_backlog
12.8,12,2,300.027786512077,5.2,43.6,44,0,275,47,48,26.4,285.1,76,3.83,14,0.529,1,0,0,1,92.6,CRITICAL,23.5,714,CRITICAL_injunction
45.1,9,1,316.82799159382273,42.8,34.5,13,0,0,21,48,16.6,514.5,120,3.18,28,0.436,1,1,0,0,66.0,HIGH,12.0,365,HIGH_backlog
82.3,0,0,19.80087791339913,78.2,6.0,0,1,0,5,30,5.1,77.6,11,0.23,30,0.022,0,0,0,1,12.0,LOW,0.9,27,LOW_streamlined
68.8,3,1,162.38617861179813,65.6,12.5,1,1,0,13,36,10.9,394.0,44,1.11,7,0.111,0,1,0,1,31.5,MODERATE,6.4,195,MODERATE_standard
60.6,3,0,109.82810254235866,57.9,11.2,1,1,0,16,24,14.9,338.7,50,1.85,20,0.082,0,1,1,1,29.0,MODERATE,5.7,173,MODERATE_standard
54.3,6,1,285.26944275470623,46.1,21.1,4,1,0,35,48,17.9,162.1,30,3.19,26,0.442,0,1,0,0,48.7,HIGH,11.5,350,HIGH_backlog
52.2,9,1,189.04516814713224,44.3,27.7,9,0,114,35,36,16.3,450.0,153,2.77,21,0.364,1,0,0,1,65.2,HIGH,12.2,371,HIGH_backlog
90.4,0,0,22.605078458226203,95.4,6.8,0,1,0,12,30,5.9,31.5,9,0.41,29,0.038,0,0,1,1,12.0,LOW,2.2,67,LOW_streamlined
14.6,18,5,460.9203668005882,14.4,36.9,119,0,319,42,36,31.8,614.2,170,5.49,12,0.751,1,0,0,0,94.0,CRITICAL,29.1,885,CRITICAL_injunction
61.6,4,1,114.38479562349752,59.7,12.2,0,1,0,15,24,16.0,105.0,17,1.23,31,0.116,0,0,0,1,25.4,MODERATE,6.7,204,MODERATE_standard
54.2,6,2,257.41585818674196,41.6,29.3,31,0,40,21,36,16.2,765.7,217,2.52,24,0.299,0,0,0,1,57.2,HIGH,10.8,328,HIGH_backlog
58.5,2,0,125.46710148263122,51.2,12.2,0,1,0,14,24,15.2,145.7,20,1.79,32,0.205,0,0,0,1,24.7,MODERATE,3.9,119,MODERATE_standard
67.0,2,1,73.28288161908026,64.2,12.6,0,1,0,19,36,13.2,189.0,20,1.12,36,0.181,0,0,0,1,21.5,LOW,1.5,46,MODERATE_standard
51.4,8,1,230.83274554315608,25.7,35.0,3,0,0,21,48,23.8,162.3,31,3.25,16,0.39,0,0,0,1,60.7,HIGH,14.7,447,HIGH_backlog
30.0,12,5,488.1295165807727,23.8,38.1,120,1,322,38,60,24.2,886.1,213,5.35,3,0.676,1,0,0,1,76.9,CRITICAL,23.8,724,CRITICAL_injunction
67.2,4,0,75.02080145448913,64.4,11.8,0,1,0,14,24,13.1,89.4,15,1.51,37,0.162,0,0,1,0,24.5,MODERATE,5.1,155,MODERATE_standard
61.1,3,1,158.83912592854506,62.7,9.2,0,1,0,13,24,15.3,239.1,28,1.11,33,0.167,0,0,1,1,25.8,MODERATE,4.5,137,MODERATE_standard
92.3,2,0,35.46676908028485,95.1,1.1,0,1,0,17,30,5.4,27.5,4,0.59,36,0.028,0,0,1,1,12.0,LOW,0.9,27,LOW_streamlined
49.5,8,1,272.0066476586678,34.8,31.3,36,0,0,37,36,20.2,595.3,157,2.52,6,0.271,0,0,0,1,58.1,HIGH,10.4,316,HIGH_backlog
62.5,5,0,113.19954974638529,71.0,9.0,3,1,0,22,24,13.4,404.3,84,1.81,39,0.186,0,1,0,1,31.5,MODERATE,3.5,106,MODERATE_standard
38.1,7,1,312.3270373846078,25.1,31.2,35,1,69,27,36,21.8,649.6,173,2.67,6,0.26,1,0,0,0,61.3,HIGH,14.7,447,HIGH_backlog
88.1,2,0,43.72452685458238,87.2,5.7,0,1,0,14,30,7.5,59.4,7,0.82,33,0.026,0,0,1,1,12.0,LOW,1.2,36,LOW_streamlined
88.5,0,0,10.628213672066275,95.6,5.4,0,1,0,10,18,5.3,36.5,5,0.27,42,0.02,0,0,0,1,12.0,LOW,0.4,12,LOW_streamlined
21.1,18,3,280.7182324536081,11.5,52.8,8,0,239,32,60,31.7,708.9,175,4.98,16,0.742,0,0,0,1,94.0,CRITICAL,31.6,961,CRITICAL_injunction
68.7,3,0,61.474824668004615,67.1,15.0,0,1,0,13,24,13.2,131.0,23,1.61,27,0.21,0,1,1,1,21.1,LOW,1.8,55,MODERATE_standard
43.8,6,1,256.8702603411903,44.6,31.5,3,0,0,22,48,20.6,309.7,67,3.34,6,0.34,1,0,0,1,58.9,HIGH,12.7,386,HIGH_backlog
29.2,18,4,319.79316887079545,22.5,46.1,13,0,344,38,60,32.1,766.8,268,3.75,23,0.489,0,0,0,1,85.8,CRITICAL,23.5,714,CRITICAL_injunction
39.9,9,2,185.0385419985406,47.9,21.2,24,0,0,23,48,21.8,516.8,141,3.24,26,0.5,1,1,0,0,59.8,HIGH,14.3,435,HIGH_backlog
47.8,6,2,190.1450452804387,27.7,25.3,16,0,0,29,48,18.6,733.7,160,2.93,14,0.457,0,1,0,0,58.2,HIGH,13.6,413,HIGH_backlog
53.3,6,1,277.6793624574441,32.0,22.6,20,0,0,28,48,19.5,380.7,102,2.52,20,0.291,0,0,0,1,47.8,HIGH,13.2,401,HIGH_backlog
81.6,0,0,10.139600947229074,81.5,3.6,0,1,0,12,18,6.5,100.3,8,0.56,30,0.044,0,0,1,1,12.0,LOW,1.7,52,LOW_streamlined
35.8,12,4,547.4012813233558,20.4,51.3,9,0,277,24,48,22.4,594.7,194,5.07,22,0.563,0,1,0,1,88.2,CRITICAL,19.4,590,CRITICAL_injunction
30.4,10,2,496.29096427962645,13.0,55.9,261,0,348,45,60,25.6,1408.1,477,4.8,8,0.749,1,0,0,0,90.3,CRITICAL,29.8,906,CRITICAL_injunction
16.1,12,2,353.9831886450595,5.3,37.5,270,0,156,34,36,26.8,1477.1,441,3.79,9,0.753,1,0,0,0,90.9,CRITICAL,30.6,930,CRITICAL_injunction
22.5,18,2,464.14767044711414,13.5,39.8,20,0,313,35,48,29.0,1169.3,409,4.29,19,0.576,0,0,0,1,92.4,CRITICAL,24.7,751,CRITICAL_injunction
32.5,12,5,398.2256660625312,17.9,49.6,121,0,271,32,48,21.8,1046.3,282,4.92,3,0.775,1,0,0,0,88.5,CRITICAL,27.7,842,CRITICAL_injunction
78.9,1,0,42.10338263595414,86.5,4.4,0,1,0,4,24,7.6,85.3,11,0.37,30,0.074,0,0,1,1,12.0,LOW,0.5,15,LOW_streamlined
39.1,9,1,261.8985880142695,27.2,26.0,6,0,117,34,36,18.3,263.3,63,2.84,18,0.307,0,1,0,1,72.5,CRITICAL,16.4,499,HIGH_backlog
62.3,3,0,137.26535053421577,68.6,17.5,0,1,0,14,24,14.9,182.1,25,1.2,26,0.127,0,0,0,1,26.4,MODERATE,5.6,170,MODERATE_standard
25.5,10,2,424.2523577906677,20.1,56.4,64,0,255,47,60,32.1,453.0,93,4.31,17,0.598,1,0,0,0,90.7,CRITICAL,22.8,693,CRITICAL_injunction
86.8,0,0,54.59890141992884,92.1,6.2,0,1,0,11,18,6.9,92.8,7,0.79,38,0.012,0,0,0,1,12.0,LOW,0.5,15,LOW_streamlined
87.4,1,0,51.049958618492916,92.1,0.2,0,1,0,6,24,5.3,188.5,17,0.75,22,0.035,0,0,1,0,12.0,LOW,2.3,70,LOW_streamlined
27.8,14,2,463.34278797473735,10.5,39.5,42,0,328,48,60,20.9,295.4,94,5.12,13,0.625,1,0,0,0,87.6,CRITICAL,22.5,684,CRITICAL_injunction
69.6,3,0,91.14901856237186,69.5,11.5,2,1,0,14,24,10.1,294.1,59,1.69,20,0.166,0,0,0,1,21.5,LOW,0.5,15,MODERATE_standard
34.8,18,2,441.30165640215546,5.6,46.3,4,0,298,37,36,32.5,355.9,87,4.35,12,0.471,0,0,0,0,88.3,CRITICAL,27.9,848,CRITICAL_injunction
50.6,6,1,184.8816398240445,42.6,22.6,15,1,71,33,48,19.0,318.2,76,3.31,20,0.471,0,1,0,1,50.3,HIGH,14.7,447,HIGH_backlog
41.2,7,1,220.68429524791688,26.6,28.4,23,1,88,22,48,21.9,493.2,141,2.94,17,0.311,0,0,0,1,53.4,HIGH,11.8,359,HIGH_backlog
38.7,7,2,215.94008731650106,39.7,21.3,8,1,102,33,36,19.7,368.7,72,3.43,9,0.342,1,1,0,1,59.4,HIGH,12.1,368,HIGH_backlog
52.4,8,1,281.83859473010193,41.2,21.2,6,1,0,30,36,21.2,212.0,52,2.54,29,0.495,1,1,0,1,51.2,HIGH,8.9,271,HIGH_backlog
70.6,3,0,132.00147914970267,57.3,14.8,3,1,0,20,36,9.3,444.5,91,1.3,17,0.17,0,0,0,1,26.6,MODERATE,6.4,195,MODERATE_standard
66.4,3,1,162.24514656821708,54.9,13.6,1,1,0,16,36,12.2,332.8,51,1.48,32,0.136,0,0,1,1,28.0,MODERATE,6.9,210,MODERATE_standard
54.0,7,1,297.39197555361966,46.6,28.4,7,1,71,28,36,19.4,235.7,46,2.44,20,0.329,1,0,0,1,49.3,HIGH,13.7,416,HIGH_backlog
33.4,18,3,378.8863637830032,15.0,44.2,21,0,341,30,48,21.6,1421.8,427,4.92,11,0.725,0,1,0,0,86.5,CRITICAL,29.3,891,CRITICAL_injunction
68.1,3,0,108.7754381524171,55.3,16.0,1,1,0,19,24,11.7,356.2,65,1.41,22,0.137,0,0,0,1,28.0,MODERATE,6.5,198,MODERATE_standard
21.1,12,2,377.0742068586612,6.9,62.1,147,1,300,46,36,24.1,774.7,207,4.6,15,0.558,1,0,0,1,76.7,CRITICAL,24.8,754,CRITICAL_injunction
49.1,7,1,312.54961904661087,25.2,27.4,8,1,71,26,48,23.0,433.6,102,3.12,14,0.41,1,0,0,1,57.1,HIGH,12.9,392,HIGH_backlog
13.6,14,4,417.85403751253034,17.0,45.6,60,1,262,32,36,20.8,661.4,157,4.35,16,0.493,1,0,0,0,77.9,CRITICAL,26.8,815,CRITICAL_injunction
64.7,3,0,147.7308717304252,60.8,8.4,0,1,0,19,36,12.8,158.4,23,1.7,29,0.189,0,0,0,1,22.3,LOW,2.1,64,MODERATE_standard
43.3,9,2,254.91826586986366,30.1,21.2,7,0,94,23,36,17.5,308.4,55,2.9,22,0.363,0,0,0,0,65.0,HIGH,8.6,261,HIGH_backlog
32.1,10,4,449.0026878193604,19.4,64.3,12,1,236,24,60,20.2,895.3,254,4.44,7,0.526,0,0,0,0,72.8,CRITICAL,18.3,556,CRITICAL_injunction
34.0,14,2,503.93451738878906,18.3,52.3,53,0,196,39,48,26.9,527.4,124,4.46,19,0.783,1,0,0,0,89.6,CRITICAL,23.7,720,CRITICAL_injunction
41.8,6,3,318.74491908872767,42.3,28.0,8,1,73,24,36,16.8,294.4,65,2.9,8,0.298,0,0,0,0,54.5,HIGH,10.5,319,HIGH_backlog
17.4,12,2,493.99326588573933,18.1,38.6,7,0,163,29,36,20.3,665.5,147,3.68,9,0.477,0,0,0,1,85.2,CRITICAL,17.2,523,CRITICAL_injunction
28.0,14,2,309.2864198963406,22.3,61.8,101,0,318,43,60,29.2,546.4,160,4.23,6,0.687,1,0,0,0,88.6,CRITICAL,29.4,894,CRITICAL_injunction
53.7,8,1,194.9347677664686,26.7,33.3,5,0,0,33,48,23.0,279.3,67,3.04,12,0.394,0,0,0,0,52.4,HIGH,12.4,377,HIGH_backlog
49.2,7,1,184.55831128059805,44.0,30.1,25,0,0,30,48,17.8,473.1,120,2.87,26,0.4,1,1,0,0,55.9,HIGH,14.6,444,HIGH_backlog
16.4,14,2,317.70204357352077,14.2,46.7,5,0,251,48,60,27.6,451.3,112,3.63,14,0.527,0,0,0,0,93.2,CRITICAL,21.6,657,CRITICAL_injunction
94.4,0,0,36.871399472416506,96.0,5.4,0,1,0,15,24,5.3,91.1,8,0.34,22,0.067,0,0,1,1,12.0,LOW,0.7,21,LOW_streamlined
68.5,2,1,165.90999451929437,54.9,8.3,0,1,0,9,36,11.3,80.2,17,1.38,9,0.086,0,1,1,1,28.2,MODERATE,6.9,210,MODERATE_standard
40.5,6,1,227.62601880672287,33.6,21.5,11,1,0,31,36,23.8,553.2,103,3.27,23,0.47,0,1,0,0,52.0,HIGH,9.4,286,HIGH_backlog
34.2,18,5,520.0220905176081,19.1,39.4,184,0,357,51,48,24.1,1126.8,268,3.82,3,0.738,1,0,0,0,81.7,CRITICAL,20.1,611,CRITICAL_injunction
78.5,0,0,32.81346647684572,92.7,6.9,0,1,0,16,24,7.3,110.6,15,0.73,40,0.059,0,0,0,1,12.0,LOW,0.4,12,LOW_streamlined
68.9,3,0,68.95820840107113,65.3,9.6,1,1,0,22,24,13.7,234.5,40,1.41,25,0.205,0,0,1,1,23.6,LOW,0.5,15,MODERATE_standard
52.0,6,1,267.7518600008155,41.2,33.9,21,0,110,19,48,21.1,717.8,188,3.01,15,0.471,0,0,0,1,63.0,HIGH,10.7,325,HIGH_backlog
50.7,7,3,248.9696676908526,41.3,27.8,9,1,0,35,48,20.9,400.5,110,2.77,28,0.489,1,1,0,0,57.3,HIGH,8.1,246,HIGH_backlog
33.2,12,2,548.8439930031559,15.6,61.0,12,0,177,30,48,26.1,910.7,257,4.73,11,0.736,0,1,0,1,88.6,CRITICAL,26.7,812,CRITICAL_injunction
68.3,3,0,96.55581484879562,64.7,17.2,1,1,0,15,36,13.4,370.9,52,1.71,37,0.096,0,0,0,0,29.5,MODERATE,5.3,161,MODERATE_standard
40.9,6,1,205.58279068570212,40.6,23.3,11,1,0,31,48,21.6,169.9,52,2.21,4,0.448,0,0,0,1,47.7,HIGH,10.8,328,HIGH_backlog
26.8,18,3,317.17494175278387,6.6,47.3,11,0,233,33,60,21.9,724.5,225,4.66,18,0.565,0,0,0,0,89.3,CRITICAL,30.1,915,CRITICAL_injunction
43.7,7,3,255.91760381486512,31.3,27.6,17,1,0,27,36,22.0,556.5,130,3.39,10,0.499,0,1,0,0,59.8,HIGH,13.0,395,HIGH_backlog
34.5,14,3,477.27915232475686,11.0,57.0,48,1,251,46,60,24.2,388.9,126,4.95,19,0.512,1,0,0,0,74.8,CRITICAL,24.8,754,CRITICAL_injunction
64.6,3,0,147.4283402812071,51.4,13.0,1,1,0,13,24,10.6,294.6,68,1.8,8,0.123,0,0,1,1,28.9,MODERATE,3.7,112,MODERATE_standard
46.0,7,2,248.49839048574654,44.8,34.4,5,0,0,26,48,23.7,353.2,86,2.55,11,0.25,0,1,0,1,57.3,HIGH,13.4,407,HIGH_backlog
62.9,4,0,163.1185470223334,53.4,8.1,1,1,0,8,36,9.4,253.4,50,1.3,33,0.201,0,1,0,1,31.6,MODERATE,6.9,210,MODERATE_standard
67.8,3,0,139.23307156772782,54.0,11.7,0,1,0,22,24,11.3,409.0,49,1.69,19,0.155,0,0,0,0,22.6,LOW,1.3,40,MODERATE_standard
73.9,3,0,62.49319080317907,52.6,16.0,1,1,0,21,36,13.0,250.5,53,1.55,34,0.124,0,1,0,0,26.7,MODERATE,6.3,192,MODERATE_standard
82.6,2,0,20.40090625892968,95.7,7.9,0,1,0,4,18,8.3,93.9,14,0.55,44,0.026,0,0,1,1,12.0,LOW,0.7,21,LOW_streamlined
60.8,3,0,89.22811902570058,66.6,16.5,0,1,0,23,36,9.8,213.5,29,1.53,31,0.206,0,0,1,1,22.1,LOW,2.1,64,MODERATE_standard
34.1,12,3,339.5638266685439,5.7,42.7,20,0,318,51,36,27.2,1345.8,403,5.15,15,0.635,0,1,0,1,89.0,CRITICAL,21.9,666,CRITICAL_injunction
29.9,14,4,498.44442427815284,9.3,57.5,3,0,287,36,36,30.1,246.2,76,5.39,15,0.654,0,1,0,1,94.0,CRITICAL,29.6,900,CRITICAL_injunction
75.4,0,0,39.18840738635188,79.6,0.0,0,1,0,8,18,8.3,118.8,15,0.43,41,0.026,0,0,0,1,12.0,LOW,0.2,6,LOW_streamlined
28.3,18,2,453.05261536154967,7.8,54.3,15,0,251,32,36,28.8,1466.3,301,4.41,13,0.716,0,1,0,1,90.6,CRITICAL,25.3,769,CRITICAL_injunction
67.3,2,1,96.57002580700757,50.6,17.9,1,1,0,11,36,9.0,364.0,41,1.99,31,0.102,0,0,0,1,31.9,MODERATE,5.4,164,MODERATE_standard
29.3,10,2,417.8300443320129,18.3,40.6,149,0,208,50,60,29.6,1170.6,303,5.0,20,0.465,1,0,0,0,91.0,CRITICAL,17.2,523,CRITICAL_injunction
84.3,1,0,38.197463204563064,96.1,5.8,0,1,0,15,18,8.4,240.3,21,0.79,16,0.03,0,0,0,1,12.0,LOW,1.9,58,LOW_streamlined
12.2,12,4,321.17355354822337,5.8,35.3,253,0,270,42,48,29.9,1210.9,344,5.18,12,0.79,1,0,0,0,94.0,CRITICAL,22.8,693,CRITICAL_injunction
50.5,8,1,247.73134937541522,41.0,27.5,19,1,0,25,48,18.2,400.4,88,2.83,9,0.305,0,0,0,0,55.5,HIGH,8.6,261,HIGH_backlog
61.6,3,0,123.9442793788451,52.7,17.9,0,1,0,18,36,11.6,133.5,18,1.87,17,0.128,0,0,0,1,25.4,MODERATE,5.4,164,MODERATE_standard
30.7,18,4,291.3829999176836,19.6,60.0,198,0,166,29,36,28.9,1103.7,272,4.9,23,0.682,1,0,0,0,88.6,CRITICAL,30.1,915,CRITICAL_injunction
61.4,3,1,86.17562854668894,59.9,15.6,1,1,0,18,36,12.0,139.0,30,1.14,30,0.096,0,0,1,0,26.6,MODERATE,3.6,109,MODERATE_standard
72.5,3,0,123.62952814976269,50.3,11.9,0,1,0,16,24,12.3,55.8,9,1.87,31,0.177,0,0,1,1,24.2,MODERATE,4.7,143,MODERATE_standard
38.4,6,2,242.6080324771544,33.6,32.4,26,1,62,31,36,16.2,309.5,113,3.14,4,0.386,1,1,0,0,62.7,HIGH,13.8,420,HIGH_backlog
61.5,3,1,124.92082391079441,71.5,15.2,0,1,0,22,24,13.3,195.1,33,1.46,14,0.188,0,0,0,1,27.2,MODERATE,6.8,207,MODERATE_standard
54.4,6,1,231.50834607405508,36.3,25.8,11,1,107,21,48,20.8,779.1,219,3.53,20,0.325,0,0,0,1,45.3,HIGH,13.1,398,HIGH_backlog
65.0,3,0,96.52321333258968,59.7,9.2,0,1,0,20,36,12.2,80.4,18,1.42,19,0.112,0,0,0,1,19.2,LOW,0.3,9,MODERATE_standard
90.6,0,0,12.582334788153995,90.6,1.1,0,1,0,8,18,4.6,45.4,3,0.67,31,0.036,0,0,0,1,12.0,LOW,2.4,73,LOW_streamlined
70.5,2,1,134.9152607975488,55.3,12.1,0,1,0,15,24,11.2,143.1,25,1.47,14,0.157,0,0,1,1,23.3,LOW,2.3,70,MODERATE_standard
28.7,12,2,458.6468167682179,19.7,42.8,5,0,177,26,60,34.9,350.0,102,5.02,12,0.501,0,1,0,0,94.0,CRITICAL,24.4,742,CRITICAL_injunction
47.9,7,3,293.56399577475537,43.1,36.0,12,1,76,27,36,23.6,555.9,109,2.71,27,0.254,0,1,0,1,60.3,HIGH,11.8,359,HIGH_backlog
87.3,0,0,47.57421911102983,86.6,2.0,0,1,0,7,18,6.0,21.7,4,0.35,40,0.027,0,0,0,1,12.0,LOW,2.5,76,LOW_streamlined
88.5,1,0,50.06726675525644,84.1,0.4,0,1,0,8,18,5.2,140.6,16,0.21,34,0.018,0,0,1,1,12.0,LOW,1.2,36,LOW_streamlined
39.5,7,1,313.5556802348041,41.9,21.2,18,1,106,28,48,20.2,688.0,129,2.83,7,0.343,0,1,0,0,54.9,HIGH,8.3,252,HIGH_backlog
68.3,3,0,113.05395180572337,51.5,10.9,0,1,0,23,36,15.6,136.5,26,1.39,25,0.09,0,1,1,1,25.0,MODERATE,6.5,198,MODERATE_standard
79.8,2,0,51.137244663087614,88.9,7.5,0,1,0,14,18,6.7,166.3,13,0.62,27,0.038,0,0,1,1,15.2,LOW,0.7,21,LOW_streamlined
32.8,12,5,296.7782440107009,20.4,52.0,18,0,210,39,48,22.7,1371.7,375,4.09,4,0.625,0,1,0,1,91.1,CRITICAL,25.4,772,CRITICAL_injunction
73.7,5,1,113.70803747063611,62.2,16.0,0,1,0,16,36,12.3,425.7,105,1.93,7,0.126,0,0,1,1,26.5,MODERATE,5.3,161,MODERATE_standard
89.8,0,0,32.826526986323465,75.7,4.8,0,1,0,17,30,5.9,68.8,5,0.4,16,0.029,0,0,0,1,12.0,LOW,1.0,30,LOW_streamlined
88.9,0,0,33.1629596800815,76.2,6.5,0,1,0,12,18,8.8,169.8,23,0.24,26,0.065,0,0,1,0,12.0,LOW,2.2,67,LOW_streamlined
77.7,0,0,10.598874137381067,89.9,0.3,0,1,0,6,30,4.4,240.0,24,0.8,16,0.045,0,0,1,1,12.0,LOW,0.5,15,LOW_streamlined
20.8,12,2,354.2568669243701,12.0,50.3,16,0,301,34,36,30.1,1279.0,333,4.18,11,0.514,0,0,0,0,90.2,CRITICAL,29.9,909,CRITICAL_injunction
72.9,2,0,66.56381690908891,63.5,8.6,0,1,0,17,24,14.8,281.5,47,1.46,29,0.211,0,1,1,0,25.7,MODERATE,4.1,125,MODERATE_standard
43.1,9,3,200.54963763708588,41.8,21.7,1,1,0,22,36,17.6,118.1,18,3.16,23,0.439,1,0,0,0,54.9,HIGH,11.4,347,HIGH_backlog
39.1,7,2,285.27330138918336,36.0,28.5,23,0,59,33,36,21.1,665.1,116,3.06,12,0.376,1,0,0,0,64.5,HIGH,12.9,392,HIGH_backlog
35.5,10,5,320.91989027619474,6.3,44.7,14,0,129,50,36,27.6,1257.1,282,4.31,17,0.629,0,0,0,0,85.5,CRITICAL,26.4,803,CRITICAL_injunction
90.1,1,0,30.599933567025076,95.0,8.0,0,1,0,8,24,6.2,149.5,13,0.34,25,0.054,0,0,1,1,12.0,LOW,0.1,3,LOW_streamlined
94.2,1,0,26.82784174633442,80.3,3.2,0,1,0,15,18,5.9,53.5,4,0.3,41,0.065,0,0,0,1,12.0,LOW,0.9,27,LOW_streamlined
58.9,3,0,143.1449078753102,58.3,11.7,1,1,0,19,36,12.8,219.7,35,1.4,32,0.164,0,1,0,0,31.7,MODERATE,5.3,161,MODERATE_standard
95.8,0,0,46.79032555227322,96.9,0.2,0,1,0,17,30,5.4,170.7,15,0.52,21,0.06,0,0,1,1,12.0,LOW,2.4,73,LOW_streamlined
85.7,1,0,19.560416476306255,80.1,7.4,0,1,0,6,24,6.2,112.5,11,0.9,31,0.059,0,0,1,1,12.0,LOW,2.2,67,LOW_streamlined
30.0,18,5,473.96196806155535,6.6,43.2,3,0,141,41,60,24.7,242.4,71,4.38,5,0.578,0,1,0,1,87.7,CRITICAL,26.1,793,CRITICAL_injunction
89.9,1,0,16.657989916955593,78.8,0.8,0,1,0,4,30,6.2,158.2,18,0.37,31,0.071,0,0,0,1,12.0,LOW,0.9,27,LOW_streamlined
28.8,12,3,535.4253993385323,5.8,51.2,18,0,339,45,60,20.9,1454.0,376,3.56,13,0.55,0,0,0,0,89.9,CRITICAL,27.0,821,CRITICAL_injunction
82.2,0,0,30.751658706196878,81.3,4.4,0,1,0,9,30,8.4,32.9,3,0.76,44,0.057,0,0,1,1,12.0,LOW,1.2,36,LOW_streamlined
61.5,2,1,134.40887168371984,65.4,8.9,1,1,0,10,24,11.7,389.3,73,1.97,12,0.187,0,0,0,1,27.9,MODERATE,7.2,219,MODERATE_standard
23.4,14,5,444.87226078726485,9.0,59.3,309,1,202,49,48,28.9,1229.2,423,3.73,10,0.608,1,0,0,0,72.4,CRITICAL,25.1,763,CRITICAL_injunction
63.2,3,0,159.92877848105212,50.4,13.3,1,1,0,17,36,14.1,201.8,32,1.24,16,0.185,0,0,0,0,25.3,MODERATE,5.4,164,MODERATE_standard
54.4,6,1,241.51267572324966,42.6,31.3,20,1,0,28,36,21.1,614.3,169,3.05,21,0.285,0,1,0,1,52.0,HIGH,12.9,392,HIGH_backlog
87.6,2,0,16.384856166591398,97.5,6.6,0,1,0,15,18,5.9,125.9,16,0.71,15,0.02,0,0,1,1,12.0,LOW,1.0,30,LOW_streamlined
60.2,3,0,74.73496407518377,68.9,15.6,1,1,0,12,24,12.8,433.8,79,1.23,11,0.158,0,1,1,1,30.5,MODERATE,7.1,216,MODERATE_standard
48.1,9,1,183.9578359720122,38.3,29.9,8,0,0,20,48,17.2,466.2,130,2.95,14,0.417,0,1,0,1,57.2,HIGH,11.0,334,HIGH_backlog
65.0,4,0,152.49511952357727,64.3,13.5,2,1,0,16,36,14.7,264.5,50,1.77,33,0.161,0,0,1,1,30.7,MODERATE,6.1,185,MODERATE_standard
78.9,0,0,38.63315882430821,94.4,5.4,0,1,0,9,18,7.3,209.9,20,0.47,14,0.068,0,0,0,1,12.0,LOW,1.8,55,LOW_streamlined
21.7,18,3,400.8647005093042,11.5,38.3,79,0,316,43,36,33.2,706.1,172,4.94,3,0.528,1,0,0,0,92.5,CRITICAL,27.6,839,CRITICAL_injunction
51.1,7,1,192.3688339243953,39.9,28.7,31,1,71,28,48,20.1,773.1,153,2.36,18,0.312,0,0,0,0,47.0,HIGH,9.5,289,HIGH_backlog
55.2,7,3,254.03109619543875,41.3,25.3,19,1,0,34,48,21.4,440.4,91,2.84,6,0.345,1,0,0,0,53.9,HIGH,10.3,313,HIGH_backlog
46.6,7,1,268.1428141218632,33.2,22.9,48,1,0,27,36,17.4,726.0,196,3.24,18,0.3,0,1,0,1,55.2,HIGH,14.9,453,HIGH_backlog
84.3,0,0,34.21809803879919,96.5,4.6,0,1,0,13,24,4.0,249.4,21,0.51,19,0.026,0,0,1,1,12.0,LOW,1.9,58,LOW_streamlined
77.5,0,0,22.05017792601742,75.3,5.0,0,1,0,14,18,8.9,234.9,32,0.6,12,0.019,0,0,1,1,12.0,LOW,1.2,36,LOW_streamlined
61.1,2,0,175.09978867078638,60.3,14.5,0,1,0,10,24,13.8,180.9,21,1.27,31,0.104,0,1,0,1,28.5,MODERATE,5.6,170,MODERATE_standard
88.0,0,0,48.84989949923852,97.8,0.3,0,1,0,9,18,7.7,30.9,9,0.53,41,0.033,0,0,0,1,12.0,LOW,0.1,3,LOW_streamlined
54.7,6,3,180.2354188762122,39.0,21.1,11,1,89,24,36,18.2,220.5,65,3.2,20,0.326,1,1,0,0,50.8,HIGH,14.2,432,HIGH_backlog
22.4,12,2,294.66093868481374,13.4,55.0,233,0,256,25,48,24.3,1227.2,407,4.93,11,0.601,1,0,0,1,92.3,CRITICAL,21.3,648,CRITICAL_injunction
93.8,1,0,12.195575077358718,95.8,7.0,0,1,0,17,18,8.5,238.1,17,0.31,20,0.069,0,0,0,1,12.0,LOW,1.0,30,LOW_streamlined
81.1,0,0,57.60570152466755,82.5,2.0,0,1,0,12,24,8.5,143.7,22,0.22,22,0.037,0,0,0,1,12.0,LOW,1.5,46,LOW_streamlined
16.2,10,3,302.3232734202844,18.7,49.7,5,0,226,36,48,28.0,405.9,103,4.1,10,0.504,0,0,0,1,94.0,CRITICAL,26.0,790,CRITICAL_injunction
46.9,9,1,290.36727430239796,26.1,29.5,25,1,0,21,36,16.5,500.4,105,2.72,10,0.446,1,0,0,1,55.0,HIGH,12.5,380,HIGH_backlog
58.8,4,0,124.74251139234345,52.3,16.3,2,1,0,16,24,10.1,430.1,74,1.16,35,0.1,0,1,0,1,38.4,MODERATE,3.1,94,MODERATE_standard
45.9,7,1,250.60125261905335,38.4,25.2,8,1,0,34,36,19.2,273.7,75,3.53,14,0.299,0,1,0,1,58.7,HIGH,11.6,353,HIGH_backlog
40.7,6,1,301.5966474444026,31.6,20.2,16,0,46,29,48,16.8,335.5,87,2.55,28,0.298,0,0,0,0,54.6,HIGH,9.6,292,HIGH_backlog
61.0,5,0,114.66190966980025,59.1,14.4,0,1,0,10,24,9.5,426.0,57,1.21,23,0.15,0,0,0,0,28.8,MODERATE,6.1,185,MODERATE_standard
69.0,3,0,141.71271399080226,67.2,11.4,0,1,0,21,24,13.1,109.3,16,1.61,24,0.141,0,0,0,0,19.6,LOW,2.5,76,MODERATE_standard
81.9,0,0,33.38482856369528,82.4,5.7,0,1,0,8,24,5.5,28.5,9,0.74,30,0.032,0,0,1,1,12.0,LOW,0.9,27,LOW_streamlined
92.8,0,0,54.91824445800041,92.9,7.9,0,1,0,11,24,7.5,28.2,4,0.26,24,0.066,0,0,1,0,12.0,LOW,1.9,58,LOW_streamlined
25.4,10,4,427.3353271296103,17.4,44.4,8,0,300,31,36,27.3,533.0,171,4.26,7,0.76,0,1,0,0,94.0,CRITICAL,24.3,739,CRITICAL_injunction
12.3,12,5,509.36288628535124,20.4,37.6,210,0,196,46,36,33.2,1484.0,336,4.37,11,0.637,1,0,0,0,90.3,CRITICAL,21.8,663,CRITICAL_injunction
67.7,4,0,106.67030707581495,57.0,9.8,0,1,0,14,24,15.3,249.0,35,1.41,28,0.212,0,0,0,0,27.9,MODERATE,5.0,152,MODERATE_standard
63.3,2,0,118.48477368962446,57.9,13.0,0,1,0,17,24,11.4,211.5,33,1.12,9,0.097,0,0,0,1,23.8,LOW,0.1,3,MODERATE_standard
46.2,9,1,206.21780269792453,27.0,25.2,22,0,0,29,48,21.6,709.4,158,2.22,26,0.48,0,0,0,0,58.1,HIGH,8.5,258,HIGH_backlog
31.4,18,4,477.07188314418005,17.3,56.1,2,1,303,30,36,28.2,231.4,53,4.63,5,0.707,0,0,0,0,75.7,CRITICAL,18.4,559,CRITICAL_injunction
53.3,6,2,308.5789420748975,41.0,26.7,4,0,0,21,48,20.7,231.2,74,3.01,25,0.499,0,0,0,0,54.0,HIGH,14.5,441,HIGH_backlog
66.0,4,0,167.54341021622474,71.7,16.9,0,1,0,16,36,14.8,91.1,10,1.77,19,0.164,0,0,0,1,25.1,MODERATE,3.8,116,MODERATE_standard
93.3,0,0,49.447237956331,87.0,3.1,0,1,0,4,30,7.3,157.7,14,0.72,46,0.065,0,0,1,1,12.0,LOW,1.5,46,LOW_streamlined
44.1,6,1,247.1879744509273,26.4,29.0,18,0,77,26,36,19.9,730.9,159,3.18,17,0.283,0,0,0,1,58.6,HIGH,12.2,371,HIGH_backlog
40.5,6,1,221.46228119968862,28.2,26.8,37,0,0,22,36,23.9,608.7,158,2.37,17,0.43,0,1,0,1,55.9,HIGH,12.1,368,HIGH_backlog
72.4,2,0,167.4498608090077,65.2,15.7,0,1,0,15,24,10.3,365.0,70,1.31,32,0.189,0,0,1,0,18.6,LOW,0.4,12,MODERATE_standard
45.2,7,2,287.13473940687135,37.8,32.0,42,1,0,23,48,20.4,797.9,233,2.87,19,0.278,1,0,0,1,60.5,HIGH,14.6,444,HIGH_backlog
16.5,12,4,298.80273868851685,9.2,59.7,7,0,184,24,36,22.6,574.8,154,3.7,5,0.643,0,0,0,0,92.5,CRITICAL,26.9,818,CRITICAL_injunction
68.7,2,0,151.98972058303588,62.4,12.6,1,1,0,12,24,13.0,221.7,36,1.1,26,0.099,0,0,1,1,29.3,MODERATE,4.8,146,MODERATE_standard
60.1,3,1,139.23910140315618,53.2,16.4,2,1,0,13,24,13.7,426.0,87,1.31,23,0.086,0,0,0,1,34.0,MODERATE,6.3,192,MODERATE_standard
22.5,10,5,412.01404918805144,11.2,44.9,69,0,290,51,60,26.1,374.7,127,4.06,8,0.572,1,0,0,0,90.9,CRITICAL,25.3,769,CRITICAL_injunction
21.8,12,2,465.3755897245921,16.4,53.7,10,0,132,51,60,30.7,1027.0,214,4.64,14,0.772,0,1,0,0,92.8,CRITICAL,31.8,967,CRITICAL_injunction
67.1,3,0,154.99537060763674,57.8,8.1,0,1,0,23,24,14.9,157.2,20,1.72,18,0.142,0,0,1,0,24.6,MODERATE,7.3,222,MODERATE_standard
39.1,6,1,209.93534364093753,34.6,36.0,8,0,0,37,48,17.1,621.2,100,3.16,29,0.442,1,0,0,1,63.2,HIGH,9.6,292,HIGH_backlog
32.9,10,3,320.650100933089,10.6,56.7,11,0,235,36,36,29.3,767.3,220,3.8,13,0.666,0,0,0,1,86.8,CRITICAL,22.8,693,CRITICAL_injunction
76.5,0,0,55.27950728183639,78.4,5.9,0,1,0,7,18,4.4,194.5,27,0.64,13,0.064,0,0,0,1,12.7,LOW,1.1,33,LOW_streamlined
90.1,0,0,23.319369490938954,89.1,2.1,0,1,0,7,18,5.1,78.4,9,0.22,46,0.018,0,0,1,1,12.0,LOW,1.3,40,LOW_streamlined
20.2,10,3,452.37467556646686,11.1,45.4,222,0,169,38,36,27.2,1105.2,351,4.89,13,0.711,1,0,0,0,94.0,CRITICAL,23.5,714,CRITICAL_injunction
34.6,10,2,422.9004149545141,6.3,61.7,10,0,208,25,36,28.2,667.8,210,4.27,15,0.735,0,1,0,0,89.5,CRITICAL,31.7,964,CRITICAL_injunction
46.8,7,2,290.8876900126216,41.8,31.3,13,0,53,21,48,21.5,273.3,62,2.46,9,0.446,1,0,0,1,59.4,HIGH,10.7,325,HIGH_backlog
81.7,0,0,23.445066539133947,75.3,6.9,0,1,0,14,18,8.3,99.7,18,0.45,14,0.054,0,0,1,1,12.0,LOW,0.2,6,LOW_streamlined
81.6,1,0,49.63254704216348,91.0,5.9,0,1,0,17,18,4.9,212.7,34,0.65,32,0.026,0,0,1,1,12.0,LOW,0.6,18,LOW_streamlined
93.6,0,0,31.606343213053307,87.0,1.0,0,1,0,15,24,8.3,110.1,16,0.31,22,0.05,0,0,1,1,12.0,LOW,0.9,27,LOW_streamlined
91.3,1,0,47.237634059502604,85.9,5.6,0,1,0,14,24,6.2,96.1,17,0.84,29,0.015,0,0,1,1,12.0,LOW,1.8,55,LOW_streamlined
87.9,1,0,45.153170392538954,85.5,4.0,0,1,0,17,24,4.7,155.2,10,0.27,15,0.017,0,0,1,1,12.0,LOW,0.5,15,LOW_streamlined
63.3,3,1,125.35209377191275,61.6,12.4,0,1,0,15,36,15.5,218.7,34,1.21,17,0.163,0,0,1,0,26.0,MODERATE,6.2,188,MODERATE_standard
54.9,8,3,263.7388010969863,27.9,29.4,7,0,0,34,48,16.3,186.9,44,3.25,5,0.487,0,0,0,0,57.1,HIGH,9.6,292,HIGH_backlog
29.9,14,4,330.27570833744943,16.1,63.4,166,1,152,48,48,29.4,931.9,314,3.74,9,0.525,1,0,0,0,72.8,CRITICAL,25.6,778,CRITICAL_injunction
71.2,3,0,84.93315466956092,71.8,8.7,0,1,0,9,24,11.9,108.8,25,1.77,10,0.163,0,0,0,1,18.5,LOW,0.0,0,MODERATE_standard
81.8,0,0,37.83386083491051,91.2,1.1,0,1,0,4,30,4.6,170.0,26,0.61,33,0.05,0,0,1,0,12.0,LOW,0.0,0,LOW_streamlined
42.1,6,2,203.45307252642607,42.4,34.1,12,0,0,25,48,22.4,594.8,176,3.27,25,0.401,0,1,0,1,58.0,HIGH,10.9,331,HIGH_backlog
95.2,0,0,10.594109141894139,86.0,0.3,0,1,0,17,24,6.1,218.0,31,0.68,12,0.05,0,0,1,1,12.0,LOW,1.6,49,LOW_streamlined
82.8,0,0,46.80196681211019,87.0,7.4,0,1,0,16,24,8.8,169.8,20,0.69,43,0.02,0,0,0,1,12.0,LOW,0.6,18,LOW_streamlined
49.6,9,1,196.5592662196599,25.5,23.4,21,0,92,35,48,22.6,444.5,95,3.11,29,0.35,0,0,0,1,60.8,HIGH,13.8,420,HIGH_backlog
51.2,8,1,215.80557138894844,34.7,22.2,11,1,58,33,36,19.0,631.5,183,2.83,11,0.491,0,0,0,0,52.3,HIGH,9.3,283,HIGH_backlog
90.9,0,0,43.038112822376135,78.4,0.1,0,1,0,9,30,6.7,74.9,13,0.62,27,0.064,0,0,1,1,12.0,LOW,1.1,33,LOW_streamlined
52.3,6,3,233.79514085045605,45.5,32.1,14,1,101,20,48,21.0,271.3,77,2.87,11,0.484,0,1,0,0,51.1,HIGH,12.7,386,HIGH_backlog
49.6,7,3,199.43098796119108,26.6,32.9,6,0,40,35,36,18.5,720.4,135,2.83,26,0.39,0,0,0,1,58.0,HIGH,9.7,295,HIGH_backlog
61.6,5,1,106.45520354968718,51.6,10.0,0,1,0,14,36,12.7,355.7,88,1.53,16,0.13,0,0,0,0,34.0,MODERATE,3.7,112,MODERATE_standard
76.7,0,0,41.92256678604477,92.9,5.1,0,1,0,12,24,5.8,192.6,15,0.72,47,0.034,0,0,0,1,12.0,LOW,2.4,73,LOW_streamlined
96.0,1,0,54.581702156057865,79.2,8.0,0,1,0,10,24,6.6,22.8,5,0.72,26,0.052,0,0,1,1,12.0,LOW,0.7,21,LOW_streamlined
33.7,18,4,341.953737147937,17.9,53.3,11,0,133,50,36,28.8,719.1,233,5.04,17,0.655,0,1,0,0,88.2,CRITICAL,27.0,821,CRITICAL_injunction
62.0,2,0,114.74749507132569,50.3,10.3,2,1,0,22,24,14.5,209.0,44,1.24,12,0.141,0,0,1,0,27.1,MODERATE,5.3,161,MODERATE_standard
69.6,3,0,114.8246975444653,56.5,8.2,0,1,0,16,36,13.8,353.5,59,1.86,8,0.093,0,1,1,0,24.6,MODERATE,7.3,222,MODERATE_standard
95.5,0,0,40.74341920339975,89.8,7.1,0,1,0,13,30,8.9,116.4,21,0.42,15,0.079,0,0,0,1,12.0,LOW,0.8,24,LOW_streamlined
45.7,7,1,241.68564042664167,37.4,24.4,6,1,0,32,48,22.3,370.3,70,2.4,24,0.295,1,1,0,0,53.1,HIGH,9.0,274,HIGH_backlog
84.1,1,0,53.8011062769116,81.2,3.4,0,1,0,8,30,7.7,98.6,14,0.44,33,0.023,0,0,0,1,12.0,LOW,1.5,46,LOW_streamlined
52.1,7,1,239.55950505548512,46.1,27.5,4,0,0,33,48,18.2,183.2,50,2.72,7,0.288,1,1,0,1,54.9,HIGH,14.4,438,HIGH_backlog
31.9,14,2,420.2415917130801,18.4,55.8,19,0,213,24,60,29.9,1472.7,397,4.63,4,0.565,0,1,0,0,91.7,CRITICAL,16.5,502,CRITICAL_injunction
68.8,5,1,166.0298966998049,59.5,9.1,1,1,0,21,24,13.7,135.2,42,1.35,35,0.216,0,0,0,1,25.4,MODERATE,4.8,146,MODERATE_standard
42.0,9,1,186.81225910832683,41.5,27.5,22,0,98,34,48,19.9,421.4,111,2.53,14,0.288,0,1,0,0,68.8,CRITICAL,23.4,711,HIGH_backlog
23.5,10,3,475.0035331222506,20.3,48.3,88,0,359,24,36,22.7,765.0,243,3.64,12,0.462,1,0,0,0,92.0,CRITICAL,31.1,945,CRITICAL_injunction
71.2,3,0,87.66064783920754,62.3,11.8,0,1,0,22,24,12.5,217.9,36,1.48,19,0.197,0,0,0,1,21.8,LOW,0.7,21,MODERATE_standard
58.5,2,0,134.97082422905706,67.4,8.5,0,1,0,21,36,16.0,352.1,65,1.33,16,0.089,0,0,0,1,23.4,LOW,1.0,30,MODERATE_standard
91.3,0,0,32.1509994537463,91.6,4.6,0,1,0,12,18,8.3,151.5,22,0.42,44,0.079,0,0,1,1,12.0,LOW,1.4,43,LOW_streamlined
76.5,2,0,57.87362272521694,91.1,4.9,0,1,0,5,30,6.4,229.0,21,0.65,40,0.075,0,0,1,1,12.0,LOW,0.5,15,LOW_streamlined
62.6,3,0,95.09909906261512,52.0,11.0,1,1,0,13,36,14.4,185.8,43,1.52,20,0.19,0,0,0,1,26.9,MODERATE,5.3,161,MODERATE_standard
38.5,9,3,199.06000820092058,29.5,33.8,10,1,54,31,36,16.4,696.5,185,2.51,9,0.419,0,0,0,1,52.1,HIGH,13.4,407,HIGH_backlog
20.8,10,5,348.5785413053829,16.1,45.4,95,0,203,41,60,32.4,1078.9,261,3.62,12,0.731,1,0,0,0,87.6,CRITICAL,26.4,803,CRITICAL_injunction
73.6,3,1,160.31061500330367,67.7,9.5,2,1,0,13,36,12.2,402.8,82,1.85,6,0.087,0,0,1,1,29.0,MODERATE,6.0,182,MODERATE_standard
26.9,14,4,283.0591538380591,16.3,54.5,19,0,352,51,60,29.8,1449.1,399,5.28,10,0.489,0,0,0,1,93.9,CRITICAL,31.5,958,CRITICAL_injunction
14.3,12,5,442.37779081155736,9.4,37.6,19,0,279,41,48,24.8,1149.8,390,4.31,19,0.723,0,1,0,0,90.7,CRITICAL,16.1,489,CRITICAL_injunction
25.7,12,2,337.67072907284944,10.1,63.7,79,0,263,47,60,34.7,526.6,136,4.2,13,0.8,1,0,0,1,92.1,CRITICAL,20.5,623,CRITICAL_injunction
83.2,1,0,37.042027919454114,89.8,3.7,0,1,0,6,18,4.2,180.7,18,0.56,13,0.069,0,0,1,1,12.0,LOW,1.1,33,LOW_streamlined
80.9,1,0,25.348469496466155,75.8,4.6,0,1,0,5,30,5.0,186.3,38,0.59,29,0.039,0,0,0,1,12.0,LOW,2.4,73,LOW_streamlined
93.6,1,0,18.161713849172827,86.7,2.5,0,1,0,12,24,6.3,95.8,10,0.64,16,0.024,0,0,1,1,12.0,LOW,1.5,46,LOW_streamlined
61.1,3,0,138.61409794005502,71.2,12.2,1,1,0,13,24,13.2,261.4,38,1.51,26,0.175,0,0,1,0,26.5,MODERATE,7.3,222,MODERATE_standard
63.3,3,0,91.64461115670396,53.8,16.7,0,1,0,12,36,9.4,253.7,50,1.79,11,0.217,0,0,0,1,26.2,MODERATE,3.7,112,MODERATE_standard
78.8,0,0,29.788581512406147,95.7,4.5,0,1,0,15,30,4.6,210.1,32,0.76,17,0.069,0,0,0,1,12.0,LOW,1.8,55,LOW_streamlined
66.2,3,0,113.46761367948172,56.2,8.4,2,1,0,9,36,13.4,319.0,67,1.58,13,0.127,0,1,1,1,32.2,MODERATE,3.1,94,MODERATE_standard
92.2,0,0,27.420000569628318,97.1,5.7,0,1,0,6,30,5.7,242.0,25,0.51,16,0.062,0,0,0,1,12.0,LOW,2.1,64,LOW_streamlined
43.2,8,1,208.89317643265676,41.9,27.6,6,1,95,26,48,21.8,495.7,113,3.57,5,0.34,1,0,0,1,61.1,HIGH,8.2,249,HIGH_backlog
61.2,3,0,110.6814442088348,68.6,12.8,1,1,0,8,36,9.0,233.5,37,1.3,6,0.197,0,0,0,0,30.5,MODERATE,3.3,100,MODERATE_standard
13.8,18,2,375.8162721898966,18.2,41.3,204,0,260,47,60,33.4,1184.4,320,4.29,6,0.758,1,0,0,1,94.0,CRITICAL,29.0,882,CRITICAL_injunction
39.5,6,2,277.4774679098045,32.7,31.7,19,1,0,23,48,20.4,416.7,134,3.05,28,0.493,0,0,0,1,51.7,HIGH,13.9,423,HIGH_backlog
33.7,10,3,374.8491929526763,16.9,57.8,16,0,238,47,48,20.9,1085.0,329,4.54,21,0.757,0,0,0,1,91.9,CRITICAL,28.6,869,CRITICAL_injunction
12.8,18,3,418.8014013348507,6.8,61.9,193,0,237,30,36,25.7,1345.6,417,5.49,19,0.689,1,0,0,0,94.0,CRITICAL,19.1,581,CRITICAL_injunction
28.6,12,4,392.678069178451,12.9,64.4,32,0,208,36,60,34.9,395.5,92,3.94,18,0.482,1,0,0,1,88.8,CRITICAL,27.2,827,CRITICAL_injunction
18.6,12,2,334.1195682126824,18.7,41.9,114,0,255,38,36,29.9,1106.9,306,3.67,14,0.515,1,0,0,1,94.0,CRITICAL,21.8,663,CRITICAL_injunction
14.7,18,2,442.63313497760845,19.2,47.4,9,0,357,40,60,25.7,810.4,180,3.59,23,0.466,0,0,0,1,90.6,CRITICAL,24.8,754,CRITICAL_injunction
78.0,0,0,11.347360757243365,80.9,5.0,0,1,0,15,18,8.5,91.4,13,0.69,43,0.065,0,0,1,1,12.0,LOW,1.8,55,LOW_streamlined
13.3,14,2,289.2596767692824,23.4,44.8,244,0,341,37,36,28.8,1455.9,458,4.36,20,0.628,1,0,0,0,94.0,CRITICAL,26.6,809,CRITICAL_injunction
66.1,3,0,125.15236950404955,51.2,14.0,3,1,0,10,36,13.4,342.7,70,1.67,6,0.131,0,0,0,1,28.4,MODERATE,7.2,219,MODERATE_standard
85.8,0,0,49.355215915805516,92.8,7.2,0,1,0,17,24,6.2,236.7,26,0.45,26,0.015,0,0,1,0,12.0,LOW,0.9,27,LOW_streamlined
43.4,6,3,258.06938536589473,37.4,30.7,21,1,0,23,36,20.1,442.8,109,3.23,5,0.453,0,0,0,1,53.9,HIGH,13.8,420,HIGH_backlog
69.6,2,0,120.25505563329902,70.4,16.9,3,1,0,10,24,10.0,372.2,63,1.63,23,0.211,0,0,0,1,22.2,LOW,1.5,46,MODERATE_standard
63.4,3,0,148.3670364428727,69.4,8.9,1,1,0,9,36,9.2,231.1,38,1.75,37,0.203,0,0,0,1,25.2,MODERATE,5.3,161,MODERATE_standard
50.7,6,2,190.17017180057468,27.8,25.9,8,0,0,37,36,16.4,174.5,37,3.58,29,0.394,0,0,0,0,55.1,HIGH,14.8,450,HIGH_backlog
70.3,3,0,160.22872959505173,60.8,16.5,0,1,0,12,24,11.9,146.5,27,1.82,35,0.157,0,0,0,1,22.0,LOW,0.1,3,MODERATE_standard
92.2,0,0,42.10016378371564,92.7,6.7,0,1,0,10,30,4.1,70.4,6,0.4,26,0.014,0,0,1,1,12.0,LOW,0.7,21,LOW_streamlined
82.5,0,0,22.197711115141374,89.7,0.6,0,1,0,11,18,7.8,40.5,6,0.41,38,0.063,0,0,1,1,12.0,LOW,2.5,76,LOW_streamlined
86.0,0,0,55.149027495992655,93.5,0.7,0,1,0,7,24,8.9,163.4,19,0.71,34,0.051,0,0,1,1,12.0,LOW,2.2,67,LOW_streamlined
78.5,1,0,27.711319998370545,91.7,3.3,0,1,0,8,18,4.2,47.8,3,0.32,19,0.071,0,0,1,1,12.0,LOW,0.2,6,LOW_streamlined
15.3,18,4,495.21447343048993,9.1,56.4,66,0,175,29,48,23.0,526.6,129,3.95,13,0.497,1,0,0,0,92.1,CRITICAL,28.7,872,CRITICAL_injunction
46.5,6,3,200.67702089529817,47.2,21.9,11,1,91,21,48,18.1,521.2,112,2.41,5,0.43,1,0,0,1,53.2,HIGH,13.4,407,HIGH_backlog
70.9,2,1,130.61689253199873,71.7,10.4,1,1,0,19,36,9.5,309.3,41,1.44,17,0.082,0,1,0,1,27.2,MODERATE,3.9,119,MODERATE_standard
54.0,7,2,186.89519282193035,39.7,34.7,10,1,94,21,36,16.3,471.7,112,2.75,28,0.479,0,1,0,1,58.5,HIGH,8.2,249,HIGH_backlog
43.4,7,1,266.52503059335214,35.6,20.1,19,0,117,18,48,23.8,775.5,143,2.49,6,0.375,0,0,0,0,61.4,HIGH,14.8,450,HIGH_backlog
62.5,4,0,67.39172537173732,64.8,15.2,1,1,0,17,36,9.1,394.7,54,1.51,11,0.196,0,1,1,1,33.8,MODERATE,7.5,228,MODERATE_standard
51.3,8,1,318.6470047714132,40.8,20.0,13,0,0,36,36,18.8,594.9,150,3.13,16,0.439,0,1,0,1,51.3,HIGH,9.9,301,HIGH_backlog
73.6,4,0,137.12524915359882,67.4,9.5,0,1,0,13,24,11.7,147.0,26,1.46,8,0.084,0,0,0,1,25.3,MODERATE,5.2,158,MODERATE_standard
76.3,1,0,28.60769332354259,87.4,1.3,0,1,0,13,30,6.3,31.8,7,0.89,24,0.029,0,0,0,1,12.0,LOW,1.0,30,LOW_streamlined
29.1,12,3,414.88409792361585,23.8,56.0,152,0,183,32,36,25.8,972.9,227,5.4,4,0.518,1,0,0,0,94.0,CRITICAL,22.6,687,CRITICAL_injunction
51.0,9,1,307.4200301606677,25.8,34.4,13,0,0,24,48,22.7,569.4,113,3.17,29,0.333,0,0,0,1,55.3,HIGH,14.9,453,HIGH_backlog
46.5,7,3,190.43622984665018,39.4,35.3,21,0,110,32,36,18.3,529.1,122,3.41,7,0.443,1,1,0,1,76.8,CRITICAL,21.7,660,HIGH_backlog
78.9,0,0,11.49060094419915,93.9,6.7,0,1,0,12,18,6.9,123.0,16,0.84,14,0.056,0,0,0,0,12.7,LOW,1.9,58,LOW_streamlined
67.5,2,0,145.8885141993098,67.2,10.7,0,1,0,23,24,9.2,83.6,14,1.4,10,0.123,0,0,1,0,18.6,LOW,0.5,15,MODERATE_standard
23.3,12,5,288.2723282597141,20.8,36.5,150,0,284,39,60,32.1,886.1,256,4.04,2,0.616,1,0,0,1,90.7,CRITICAL,31.0,942,CRITICAL_injunction
38.3,7,1,212.23253425134766,32.5,23.4,4,0,0,24,36,22.4,300.6,87,2.99,15,0.334,0,1,0,1,57.0,HIGH,9.5,289,HIGH_backlog
42.3,8,1,244.81586038782166,45.6,33.3,12,1,0,32,48,17.8,562.2,137,3.48,13,0.456,0,0,0,0,58.8,HIGH,10.2,310,HIGH_backlog
95.6,1,0,44.05925293870794,80.1,5.6,0,1,0,10,30,6.6,169.1,22,0.87,29,0.049,0,0,1,1,12.0,LOW,1.9,58,LOW_streamlined
69.3,5,0,84.81259029154081,57.0,10.8,0,1,0,20,36,11.7,85.7,18,1.75,17,0.196,0,0,0,1,27.2,MODERATE,7.5,228,MODERATE_standard
66.5,4,0,131.5613465833019,50.5,15.5,0,1,0,18,24,15.5,73.8,13,1.81,37,0.159,0,0,1,1,29.0,MODERATE,4.3,131,MODERATE_standard
28.3,14,5,406.6350423633533,8.0,49.2,4,0,134,39,36,34.8,218.9,87,4.79,22,0.514,0,0,0,0,85.1,CRITICAL,31.6,961,CRITICAL_injunction
38.4,9,1,316.3887565028607,25.7,26.2,5,1,0,28,48,16.1,252.1,52,3.54,16,0.282,0,0,0,0,56.3,HIGH,14.7,447,HIGH_backlog
81.4,0,0,25.671989351768097,76.4,5.0,0,1,0,6,24,4.5,22.0,5,0.45,35,0.066,0,0,1,1,12.0,LOW,1.5,46,LOW_streamlined
82.1,0,0,42.88516697493388,87.5,5.9,0,1,0,12,24,8.2,35.4,4,0.39,47,0.036,0,0,0,1,12.0,LOW,0.4,12,LOW_streamlined
61.5,3,0,65.40709871216576,61.3,11.9,2,1,0,19,36,10.9,416.0,57,1.58,19,0.218,0,1,1,1,33.3,MODERATE,6.7,204,MODERATE_standard
35.4,14,2,511.6315989553144,15.6,64.5,125,0,253,44,36,33.5,736.6,235,3.76,20,0.505,1,0,0,1,89.6,CRITICAL,28.0,851,CRITICAL_injunction
47.4,6,3,281.1034090192355,27.4,28.6,11,1,0,36,48,23.3,264.8,45,3.3,7,0.392,0,0,0,0,57.7,HIGH,11.7,356,HIGH_backlog
38.3,9,2,225.2120428486854,40.0,22.4,9,1,45,22,36,23.4,217.5,49,2.7,15,0.265,0,0,0,1,52.6,HIGH,10.1,307,HIGH_backlog
58.1,5,0,73.20188030695681,61.9,12.9,0,1,0,18,36,11.6,213.4,24,1.48,25,0.213,0,0,0,1,26.0,MODERATE,6.8,207,MODERATE_standard
52.2,7,1,312.0410965599708,29.8,22.9,9,1,0,20,36,18.1,125.7,37,2.48,14,0.316,0,1,0,0,51.5,HIGH,14.4,438,HIGH_backlog
67.0,4,0,111.78300835875756,63.9,17.8,0,1,0,12,36,11.0,56.4,9,1.98,38,0.202,0,0,1,0,27.9,MODERATE,5.2,158,MODERATE_standard
63.4,3,0,140.33018720468226,56.1,17.7,0,1,0,21,36,9.3,148.3,30,1.67,38,0.13,0,0,0,0,27.5,MODERATE,3.8,116,MODERATE_standard
40.1,6,1,226.73305468568424,44.4,34.2,7,1,53,27,48,23.0,238.7,49,3.4,16,0.388,1,0,0,1,54.7,HIGH,12.9,392,HIGH_backlog
73.9,5,0,107.03438525034088,51.9,15.9,1,1,0,8,36,10.5,347.7,41,1.85,9,0.176,0,0,0,1,29.7,MODERATE,3.6,109,MODERATE_standard
68.0,2,1,117.05180389917783,53.9,11.4,0,1,0,23,24,9.0,163.9,26,1.93,39,0.214,0,0,0,1,26.7,MODERATE,4.2,128,MODERATE_standard
68.0,4,0,171.28736229474754,56.7,8.3,3,1,0,20,36,15.3,390.8,73,1.69,35,0.155,0,0,1,1,23.8,LOW,1.8,55,MODERATE_standard
20.9,12,2,503.7969004904839,20.6,54.3,4,0,208,51,60,33.4,458.9,97,5.37,7,0.72,0,1,0,1,94.0,CRITICAL,21.8,663,CRITICAL_injunction
55.0,6,3,301.93960559929263,33.9,28.9,22,0,109,37,36,22.7,403.0,121,3.19,10,0.304,0,1,0,1,66.5,HIGH,10.5,319,HIGH_backlog
59.7,3,0,156.07564921970814,60.2,12.7,0,1,0,17,36,12.8,341.7,38,1.73,12,0.155,0,1,0,1,26.1,MODERATE,6.9,210,MODERATE_standard
40.9,9,3,231.8256347089796,44.2,21.1,9,0,0,23,48,21.8,504.1,105,2.7,12,0.452,0,0,0,0,58.6,HIGH,11.8,359,HIGH_backlog
17.3,18,4,337.2093036890252,15.3,47.8,36,0,127,29,60,28.6,251.6,64,4.91,18,0.493,1,0,0,0,92.1,CRITICAL,30.1,915,CRITICAL_injunction
55.5,6,1,310.6058841720158,43.6,20.2,9,1,0,19,48,21.3,784.3,188,3.27,27,0.478,1,1,0,0,50.3,HIGH,10.1,307,HIGH_backlog
34.1,18,4,423.2554379191579,6.0,53.4,5,0,234,48,48,22.0,328.2,101,5.1,12,0.457,0,1,0,1,91.3,CRITICAL,20.6,626,CRITICAL_injunction
42.1,7,2,217.76099717397784,47.1,23.1,6,1,0,18,36,18.5,147.8,40,3.25,20,0.423,0,0,0,0,50.9,HIGH,12.4,377,HIGH_backlog
28.8,18,2,514.4725857245313,8.2,60.3,14,0,297,33,36,33.4,987.6,290,3.67,22,0.612,0,0,0,1,91.1,CRITICAL,16.1,489,CRITICAL_injunction
48.1,8,2,298.67074592724373,45.3,22.1,5,0,98,28,48,17.2,447.8,79,2.44,23,0.305,0,1,0,0,60.9,HIGH,11.2,340,HIGH_backlog
71.0,2,0,69.78847700983513,60.8,11.5,1,1,0,12,36,15.4,378.0,75,1.88,15,0.148,0,0,1,1,23.1,LOW,1.9,58,MODERATE_standard
19.7,10,5,389.323549728,15.9,60.0,291,0,338,31,48,26.3,1062.1,397,4.33,14,0.673,1,0,0,1,92.8,CRITICAL,22.9,696,CRITICAL_injunction
62.4,4,1,109.12925562027756,66.5,15.9,1,1,0,11,36,9.7,258.9,48,1.84,25,0.22,0,0,1,1,32.6,MODERATE,6.9,210,MODERATE_standard
72.7,4,0,92.72939995967643,69.1,15.6,0,1,0,14,36,13.9,337.8,37,1.18,12,0.084,0,0,0,1,23.2,LOW,1.9,58,MODERATE_standard
65.1,5,1,79.859015923588,56.2,12.0,0,1,0,21,36,11.4,65.2,13,1.42,13,0.098,0,0,0,0,27.2,MODERATE,5.3,161,MODERATE_standard
29.0,12,4,525.8775641297439,10.4,39.4,8,0,346,32,60,22.4,511.2,171,4.38,16,0.713,0,1,0,0,88.3,CRITICAL,22.7,690,CRITICAL_injunction
41.1,7,3,193.7341250927945,26.8,27.3,10,0,0,23,48,19.0,569.4,154,2.62,5,0.267,0,0,0,1,61.1,HIGH,13.9,423,HIGH_backlog
76.6,1,0,40.82245812502815,76.1,1.1,0,1,0,5,24,8.2,175.8,25,0.54,32,0.02,0,0,1,1,12.0,LOW,2.1,64,LOW_streamlined
19.1,14,2,400.65352855636047,19.4,41.7,1,0,248,31,60,32.3,200.1,39,5.29,6,0.661,0,0,0,0,88.6,CRITICAL,18.2,553,CRITICAL_injunction
66.8,3,1,105.64911419830085,58.5,12.8,0,1,0,11,24,15.4,293.5,58,1.91,39,0.089,0,0,1,1,27.7,MODERATE,4.3,131,MODERATE_standard
91.7,0,0,42.949992137585696,94.6,6.0,0,1,0,6,30,8.8,93.7,7,0.21,36,0.042,0,0,1,1,12.0,LOW,0.7,21,LOW_streamlined
54.3,9,2,230.90214222183687,36.9,28.7,20,1,48,24,48,18.4,713.0,207,3.29,22,0.461,0,1,0,0,56.4,HIGH,10.1,307,HIGH_backlog
65.0,2,1,139.93678000306227,58.4,8.6,0,1,0,21,36,10.8,202.7,19,1.82,23,0.203,0,0,0,0,28.8,MODERATE,6.0,182,MODERATE_standard
86.2,1,0,56.51288542970038,85.8,0.1,0,1,0,5,30,4.8,37.3,8,0.63,13,0.058,0,0,0,1,12.0,LOW,1.4,43,LOW_streamlined
45.1,7,1,298.0318350858918,41.1,29.9,12,1,0,33,36,20.7,259.8,74,3.29,5,0.4,0,0,0,0,50.6,HIGH,10.4,316,HIGH_backlog
69.2,5,0,171.21501040137835,54.5,12.5,1,1,0,21,24,10.6,226.2,34,1.9,24,0.212,0,1,1,1,33.8,MODERATE,6.1,185,MODERATE_standard
40.2,6,2,187.30984008867156,40.1,27.8,16,0,0,32,36,21.5,773.8,146,3.12,20,0.314,0,0,0,0,55.3,HIGH,10.9,331,HIGH_backlog
52.1,9,2,299.14575041119315,45.2,23.2,4,0,0,28,36,23.3,152.2,46,3.29,27,0.341,0,0,0,1,53.5,HIGH,9.8,298,HIGH_backlog
70.5,3,0,115.85588823691188,71.5,11.0,0,1,0,13,24,15.7,148.1,28,1.67,9,0.095,0,0,1,1,18.3,LOW,0.6,18,MODERATE_standard
33.4,12,2,339.48285465090316,23.9,54.8,78,1,336,41,36,27.0,477.3,134,4.53,5,0.525,1,0,0,0,68.5,CRITICAL,28.7,872,CRITICAL_injunction
27.1,10,5,522.859967296062,9.4,61.1,3,0,122,33,60,23.4,219.1,61,4.89,9,0.649,0,0,0,1,89.4,CRITICAL,24.8,754,CRITICAL_injunction
68.5,3,0,128.67461061582156,51.3,8.8,0,1,0,19,24,13.5,228.4,32,1.53,30,0.096,0,1,1,0,20.9,LOW,0.6,18,MODERATE_standard
44.2,7,2,256.77527110321137,35.8,28.4,7,1,0,23,48,17.2,237.3,51,2.25,15,0.294,0,1,0,0,54.5,HIGH,11.0,334,HIGH_backlog
62.7,5,1,139.97395787391457,51.4,16.2,0,1,0,15,24,9.4,173.7,19,1.98,31,0.143,0,0,0,0,30.1,MODERATE,6.0,182,MODERATE_standard
91.3,0,0,47.13319664118651,79.3,4.9,0,1,0,9,18,7.2,59.4,10,0.21,29,0.074,0,0,0,1,12.0,LOW,0.1,3,LOW_streamlined
62.4,3,0,150.78939634751214,59.1,9.3,0,1,0,10,36,9.7,246.2,50,1.88,29,0.095,0,1,1,1,30.2,MODERATE,3.7,112,MODERATE_standard
90.9,0,0,45.436941595468745,91.0,2.2,0,1,0,10,30,5.3,86.0,7,0.89,45,0.046,0,0,1,1,12.0,LOW,2.0,61,LOW_streamlined
47.8,7,1,181.13243817224907,41.2,22.5,3,0,95,19,36,23.9,222.8,55,2.99,20,0.398,0,0,0,0,61.6,HIGH,13.8,420,HIGH_backlog
75.9,1,0,30.430664934245858,97.5,6.7,0,1,0,11,24,4.8,103.8,16,0.41,44,0.078,0,0,1,1,13.9,LOW,0.3,9,LOW_streamlined
67.3,3,1,60.98060601045246,52.2,17.5,0,1,0,17,36,13.5,71.0,20,1.2,27,0.12,0,0,0,1,30.5,MODERATE,4.4,134,MODERATE_standard
54.4,7,2,238.99530699485837,43.5,28.5,12,0,0,27,48,22.8,205.4,57,3.49,16,0.316,1,0,0,1,56.9,HIGH,12.9,392,HIGH_backlog
70.8,5,1,105.57794777838646,71.4,12.1,1,1,0,22,36,12.7,260.3,53,1.69,33,0.107,0,0,0,1,31.7,MODERATE,5.1,155,MODERATE_standard
72.7,3,0,139.20014761069956,55.4,10.8,1,1,0,15,24,14.4,388.2,95,1.34,18,0.173,0,1,0,1,26.9,MODERATE,5.8,176,MODERATE_standard
40.9,9,3,202.99429820432778,39.7,27.5,29,0,105,25,36,19.8,775.2,178,2.48,6,0.317,0,0,0,1,68.6,CRITICAL,23.1,702,HIGH_backlog
40.3,7,2,286.509822939053,34.9,23.3,17,0,60,18,48,20.1,421.8,83,3.1,8,0.354,0,0,0,1,62.8,HIGH,12.5,380,HIGH_backlog
43.3,9,1,181.11001487099645,33.6,25.4,7,1,0,36,48,17.8,398.0,114,2.88,17,0.371,0,0,0,1,50.6,HIGH,10.3,313,HIGH_backlog
55.4,9,3,208.8085170417948,43.9,28.4,17,0,81,24,48,22.8,297.1,72,3.51,9,0.264,0,0,0,0,59.4,HIGH,11.6,353,HIGH_backlog
60.7,2,0,96.55674390510771,65.8,12.4,0,1,0,9,36,13.4,68.2,10,1.54,35,0.209,0,0,1,1,25.6,MODERATE,4.3,131,MODERATE_standard
32.8,14,4,404.4679830178843,14.9,62.1,204,0,204,41,60,29.4,1489.0,446,4.49,5,0.746,1,0,0,1,86.6,CRITICAL,17.7,538,CRITICAL_injunction
53.9,7,2,296.5240324552339,42.1,20.9,7,1,0,19,36,16.0,104.2,34,3.44,18,0.379,0,0,0,0,48.5,HIGH,9.2,280,HIGH_backlog
40.6,6,3,210.5578402181301,34.6,33.8,5,0,51,18,48,21.4,417.0,89,3.37,27,0.324,1,0,0,1,67.2,HIGH,8.3,252,HIGH_backlog
73.1,2,0,118.00354151285168,51.2,13.8,0,1,0,11,24,12.1,170.9,21,1.59,18,0.197,0,0,1,0,23.8,LOW,0.9,27,MODERATE_standard
81.6,0,0,56.15089659366376,89.3,3.1,0,1,0,4,18,5.6,182.9,10,0.55,37,0.036,0,0,1,1,12.0,LOW,1.2,36,LOW_streamlined
83.3,1,0,49.96493211075518,83.2,0.1,0,1,0,4,24,5.9,190.0,20,0.63,34,0.04,0,0,1,1,12.0,LOW,2.4,73,LOW_streamlined
40.5,6,3,277.08613829774004,30.2,28.2,20,0,97,36,48,22.1,484.0,96,2.72,14,0.299,0,0,0,0,69.9,CRITICAL,18.2,553,HIGH_backlog
15.8,10,2,340.6928987662408,7.3,52.9,11,0,235,45,60,22.5,1092.2,238,4.0,7,0.738,0,0,0,1,93.3,CRITICAL,30.1,915,CRITICAL_injunction
53.2,8,1,231.87029852435919,47.0,35.7,23,1,112,25,48,17.6,620.9,180,2.69,20,0.324,1,0,0,1,52.6,HIGH,11.2,340,HIGH_backlog
63.0,2,0,87.01891348055423,64.6,17.0,0,1,0,20,36,14.5,266.4,50,1.94,32,0.083,0,0,0,1,29.7,MODERATE,6.8,207,MODERATE_standard
31.8,18,3,306.0005658732628,14.4,45.0,14,0,152,27,36,31.3,1091.6,299,4.38,18,0.486,0,0,0,0,87.3,CRITICAL,25.7,781,CRITICAL_injunction
45.1,9,2,271.7559328009333,42.9,33.7,19,0,0,20,36,20.8,745.2,157,2.86,13,0.29,1,0,0,1,60.9,HIGH,13.2,401,HIGH_backlog
18.3,18,3,473.62270246903165,19.7,35.3,79,0,125,26,48,34.6,417.4,125,5.42,21,0.56,1,0,0,1,90.0,CRITICAL,21.0,638,CRITICAL_injunction
34.2,18,5,368.90437092924634,17.5,53.7,23,0,232,43,60,30.3,252.2,66,4.5,2,0.687,1,0,0,0,90.7,CRITICAL,28.1,854,CRITICAL_injunction
70.1,3,1,88.77792866896874,58.3,9.9,0,1,0,20,36,14.2,234.8,37,1.21,25,0.176,0,0,0,0,22.7,LOW,0.4,12,MODERATE_standard
21.6,18,3,399.15212215900374,20.0,55.5,117,0,202,31,48,34.3,1080.9,271,3.67,2,0.747,1,0,0,1,90.6,CRITICAL,16.3,496,CRITICAL_injunction
89.1,0,0,35.11328135078877,85.1,6.6,0,1,0,12,18,7.7,189.1,23,0.27,39,0.021,0,0,1,0,12.0,LOW,0.1,3,LOW_streamlined
71.5,5,1,161.73296221348212,62.6,17.7,1,1,0,9,36,15.3,295.1,40,1.64,15,0.085,0,0,1,1,30.1,MODERATE,3.2,97,MODERATE_standard
51.2,6,3,202.77067476845173,31.6,26.6,2,1,91,34,48,20.9,189.3,40,3.5,27,0.43,0,0,0,1,54.9,HIGH,8.5,258,HIGH_backlog
91.0,0,0,29.93402931497773,91.8,2.9,0,1,0,10,18,5.8,193.5,19,0.32,25,0.049,0,0,1,1,12.0,LOW,1.1,33,LOW_streamlined
75.4,2,0,16.174899090736314,87.5,7.4,0,1,0,13,24,5.8,231.3,24,0.28,25,0.016,0,0,1,1,13.9,LOW,0.3,9,LOW_streamlined
46.2,8,2,288.11608349251554,26.3,21.9,11,0,0,35,36,18.6,296.2,73,2.8,15,0.256,1,1,0,1,59.6,HIGH,9.5,289,HIGH_backlog
61.2,3,0,91.68327140856488,63.3,15.4,0,1,0,16,24,10.5,299.9,37,1.17,17,0.091,0,0,0,1,24.0,MODERATE,3.9,119,MODERATE_standard
48.2,9,1,207.16329530620388,32.4,26.1,6,0,0,28,36,21.7,121.1,29,3.51,22,0.451,0,0,0,0,55.8,HIGH,9.5,289,HIGH_backlog
50.3,7,3,222.74940725709,46.6,31.4,15,1,97,36,48,19.0,676.3,150,2.27,20,0.401,0,1,0,0,54.4,HIGH,10.1,307,HIGH_backlog
89.1,0,0,58.28408766923467,79.3,2.8,0,1,0,14,18,5.5,184.0,23,0.68,24,0.066,0,0,0,1,12.0,LOW,1.8,55,LOW_streamlined
43.0,7,2,289.8939129430721,43.9,35.4,13,1,0,31,36,19.0,311.2,85,2.93,7,0.367,0,0,0,1,56.4,HIGH,14.2,432,HIGH_backlog
41.6,8,1,181.892590778046,36.9,30.7,9,1,50,34,48,23.5,259.6,83,2.67,19,0.278,1,1,0,1,54.7,HIGH,15.0,456,HIGH_backlog
17.1,18,5,512.9251496640079,21.2,55.1,16,0,201,32,36,23.0,1084.5,323,4.05,17,0.677,0,1,0,0,94.0,CRITICAL,20.3,617,CRITICAL_injunction
34.7,18,2,469.2830832277357,6.1,60.0,5,0,286,25,36,34.5,488.5,111,4.41,18,0.648,0,1,0,0,91.3,CRITICAL,22.5,684,CRITICAL_injunction
85.9,1,0,19.984021820788605,89.2,0.5,0,1,0,5,24,8.7,176.1,13,0.6,47,0.013,0,0,1,1,12.0,LOW,0.6,18,LOW_streamlined
69.5,3,0,145.2807371605058,51.8,9.4,0,1,0,23,24,10.3,249.0,65,1.54,18,0.167,0,1,0,0,23.8,LOW,2.2,67,MODERATE_standard
23.0,18,4,488.13616616823083,14.8,64.8,13,0,135,36,48,20.2,1155.3,275,4.94,13,0.73,0,1,0,1,87.2,CRITICAL,29.1,885,CRITICAL_injunction
90.0,2,0,18.147627635297216,87.2,5.6,0,1,0,11,18,5.0,165.0,30,0.71,38,0.038,0,0,1,1,12.0,LOW,0.6,18,LOW_streamlined
17.2,10,3,387.33753038005614,18.1,54.6,44,0,237,49,60,30.1,283.4,63,3.68,8,0.468,1,0,0,0,90.8,CRITICAL,22.7,690,CRITICAL_injunction
28.1,18,2,481.5819564465306,19.1,56.6,16,1,294,34,60,20.4,1493.7,326,3.93,12,0.657,0,0,0,0,71.6,CRITICAL,23.9,727,CRITICAL_injunction
42.2,6,1,242.69901021030014,40.1,34.2,6,1,0,29,48,17.7,477.2,94,2.26,4,0.32,0,1,0,1,50.8,HIGH,13.9,423,HIGH_backlog
51.5,6,2,315.76362099404037,36.8,21.2,19,0,53,24,36,20.4,764.5,215,3.29,26,0.494,1,1,0,0,61.3,HIGH,9.8,298,HIGH_backlog
70.9,2,1,72.19292578270515,67.8,15.7,0,1,0,16,24,12.4,65.0,18,1.15,21,0.114,0,0,1,1,22.3,LOW,1.8,55,MODERATE_standard
54.8,8,2,205.22166631110943,43.1,31.7,11,0,85,37,36,17.3,309.6,49,3.29,27,0.368,0,0,0,1,60.8,HIGH,13.7,416,HIGH_backlog
50.2,6,2,193.28323420563257,25.5,22.8,27,1,84,31,48,20.3,595.4,131,3.49,15,0.291,0,1,0,1,53.6,HIGH,11.6,353,HIGH_backlog
27.7,18,2,311.57367076960173,9.4,53.4,127,0,335,42,60,32.3,1021.1,339,5.32,17,0.668,1,0,0,0,93.2,CRITICAL,30.9,939,CRITICAL_injunction
67.4,2,0,171.54356668993387,71.9,13.9,0,1,0,21,24,11.7,118.4,20,1.32,20,0.187,0,1,1,0,23.2,LOW,0.8,24,MODERATE_standard
83.5,0,0,12.7467858071477,77.2,1.2,0,1,0,15,18,8.3,236.7,18,0.69,35,0.059,0,0,1,1,12.0,LOW,1.0,30,LOW_streamlined
80.8,0,0,11.015861637308197,78.0,1.0,0,1,0,9,18,7.0,172.0,22,0.56,42,0.066,0,0,1,0,12.0,LOW,0.1,3,LOW_streamlined
48.4,7,3,248.229109736353,45.5,33.3,23,1,95,20,48,16.7,549.0,157,3.17,23,0.358,0,1,0,0,57.2,HIGH,12.4,377,HIGH_backlog
79.7,0,0,51.73443967911305,83.2,7.8,0,1,0,14,24,6.7,83.6,8,0.21,33,0.053,0,0,0,1,12.0,LOW,1.5,46,LOW_streamlined
50.2,8,1,301.5558659734603,43.2,30.1,4,1,0,24,48,22.5,162.9,36,2.32,5,0.311,0,0,0,0,55.1,HIGH,14.5,441,HIGH_backlog
41.0,9,3,231.17120213054113,44.6,20.7,17,0,0,33,48,23.9,625.4,111,2.22,13,0.436,1,1,0,0,56.1,HIGH,10.8,328,HIGH_backlog
70.4,2,1,116.59843202924111,69.3,8.2,1,1,0,10,36,9.4,372.2,55,1.59,30,0.155,0,0,1,0,23.6,LOW,0.1,3,MODERATE_standard
60.4,2,0,63.18032295986673,54.5,17.9,0,1,0,15,36,14.8,149.8,25,1.51,17,0.142,0,0,0,0,26.3,MODERATE,5.2,158,MODERATE_standard
30.8,12,5,522.5805830868105,20.4,58.8,11,1,130,46,48,33.8,1209.6,233,3.93,18,0.682,0,0,0,0,67.4,HIGH,12.2,371,CRITICAL_injunction
59.4,5,0,83.18647533739426,53.6,8.7,0,1,0,8,36,13.3,252.0,28,1.58,34,0.112,0,0,1,1,28.8,MODERATE,3.5,106,MODERATE_standard
81.1,0,0,32.94956844613314,78.3,4.8,0,1,0,10,30,8.4,213.1,16,0.71,26,0.043,0,0,0,0,12.0,LOW,0.5,15,LOW_streamlined
58.4,2,0,174.23252193513753,60.2,9.0,2,1,0,8,36,12.9,434.2,67,1.65,22,0.217,0,0,0,1,23.5,LOW,2.4,73,MODERATE_standard
63.7,3,0,72.14543796848642,68.0,8.7,1,1,0,10,36,9.0,407.0,89,1.98,10,0.196,0,0,1,1,27.7,MODERATE,4.8,146,MODERATE_standard
92.0,1,0,28.144741593801534,89.1,4.3,0,1,0,13,30,4.2,236.9,19,0.41,16,0.063,0,0,1,1,12.0,LOW,2.4,73,LOW_streamlined
52.8,7,1,302.9246611264642,34.2,34.2,4,1,89,24,36,18.0,408.7,70,2.8,6,0.399,1,0,0,0,53.3,HIGH,11.9,362,HIGH_backlog
47.1,7,3,211.9572835388233,42.5,27.1,17,0,0,32,36,19.8,703.0,149,2.32,16,0.382,0,0,0,1,56.9,HIGH,10.3,313,HIGH_backlog
64.6,4,0,75.91712366349482,66.5,11.6,0,1,0,18,36,15.1,419.8,89,1.46,36,0.188,0,0,0,1,23.7,LOW,0.2,6,MODERATE_standard
16.9,12,2,318.7734863828646,14.5,56.9,12,0,313,35,48,29.4,758.0,254,4.2,8,0.451,0,0,0,1,91.5,CRITICAL,23.7,720,CRITICAL_injunction
66.8,2,0,114.01243294272376,56.3,11.6,1,1,0,19,24,11.0,294.4,38,1.62,30,0.172,0,1,0,0,27.5,MODERATE,4.6,140,MODERATE_standard
95.9,0,0,53.423408629498965,96.6,3.9,0,1,0,5,24,7.0,210.6,21,0.65,46,0.063,0,0,0,1,12.0,LOW,1.6,49,LOW_streamlined
81.0,1,0,34.02774191911519,82.1,0.4,0,1,0,10,24,5.1,243.4,21,0.53,44,0.03,0,0,1,1,12.0,LOW,2.1,64,LOW_streamlined
48.8,7,1,316.1435677686328,44.2,28.9,8,0,44,19,36,22.4,663.3,145,3.47,11,0.322,0,1,0,1,57.7,HIGH,11.8,359,HIGH_backlog
67.6,3,0,154.56506996135545,71.9,17.7,0,1,0,21,36,10.2,61.1,14,1.8,21,0.189,0,1,1,1,29.5,MODERATE,4.5,137,MODERATE_standard
53.5,6,1,200.78918224698253,35.8,29.6,24,0,0,27,36,23.7,351.9,111,3.03,6,0.453,1,0,0,0,55.2,HIGH,10.6,322,HIGH_backlog
89.3,1,0,39.18030884519321,88.0,2.3,0,1,0,4,24,7.4,238.2,34,0.59,38,0.048,0,0,0,1,12.0,LOW,1.3,40,LOW_streamlined
84.7,0,0,14.024177225744975,77.1,2.1,0,1,0,8,24,6.7,37.3,7,0.68,37,0.065,0,0,1,1,12.0,LOW,1.9,58,LOW_streamlined
87.0,2,0,57.648565131732276,97.2,7.4,0,1,0,7,24,8.3,167.7,25,0.57,36,0.012,0,0,1,1,12.0,LOW,0.9,27,LOW_streamlined
48.8,7,1,259.5152249906358,32.4,29.0,17,0,0,25,36,21.4,353.9,73,3.35,29,0.451,0,0,0,1,58.0,HIGH,8.5,258,HIGH_backlog
60.9,4,0,115.68311867358759,50.4,9.9,1,1,0,15,24,14.2,438.6,86,1.38,30,0.2,0,0,1,1,33.9,MODERATE,3.5,106,MODERATE_standard
28.9,18,2,409.3542176061328,9.3,35.5,7,0,263,44,48,28.4,483.9,142,4.66,5,0.691,0,0,0,1,85.1,CRITICAL,21.2,644,CRITICAL_injunction
54.2,6,1,291.81179327870643,33.5,27.8,9,1,0,37,36,20.6,299.9,56,2.63,13,0.268,0,0,0,1,47.4,HIGH,13.4,407,HIGH_backlog
72.9,5,0,134.7226937126684,50.0,12.1,2,1,0,10,24,11.7,448.1,92,1.81,16,0.143,0,1,0,1,30.2,MODERATE,5.0,152,MODERATE_standard
46.6,8,1,303.85498319703595,40.8,24.3,26,0,77,21,36,18.7,653.7,152,2.95,14,0.33,1,0,0,1,66.3,HIGH,13.6,413,HIGH_backlog
73.3,3,0,83.77227903847294,66.0,10.1,1,1,0,13,24,13.1,315.5,35,1.14,38,0.128,0,0,0,0,21.9,LOW,1.4,43,MODERATE_standard
47.3,9,1,247.7158373459302,29.2,29.4,13,1,0,36,36,21.5,432.9,74,2.79,28,0.41,0,1,0,0,53.4,HIGH,14.3,435,HIGH_backlog
92.7,0,0,33.79449472460043,81.9,5.2,0,1,0,4,30,6.1,59.8,3,0.5,34,0.069,0,0,1,1,12.0,LOW,0.5,15,LOW_streamlined
50.9,6,2,220.3519792361068,40.2,32.4,10,0,73,26,36,22.0,749.4,133,2.73,16,0.496,0,1,0,1,63.6,HIGH,13.9,423,HIGH_backlog
21.7,18,4,340.1666710218644,10.7,58.6,5,0,175,29,36,28.1,360.2,101,4.69,10,0.544,0,0,0,1,94.0,CRITICAL,29.7,903,CRITICAL_injunction
21.3,12,3,443.79740823503323,17.2,60.3,95,1,300,42,48,31.0,905.0,226,4.44,10,0.731,1,0,0,1,76.5,CRITICAL,21.9,666,CRITICAL_injunction
54.8,9,1,180.9949270639362,35.3,24.4,5,1,0,32,48,19.3,243.7,58,2.73,20,0.303,0,0,0,1,51.4,HIGH,12.8,389,HIGH_backlog
14.3,10,4,454.9744273722191,15.7,45.8,16,0,209,37,48,25.7,1311.8,322,5.24,2,0.716,0,0,0,1,94.0,CRITICAL,21.8,663,CRITICAL_injunction
80.4,0,0,13.03937069182818,81.2,2.9,0,1,0,5,30,6.6,198.6,24,0.21,30,0.02,0,0,1,0,12.0,LOW,1.0,30,LOW_streamlined
40.9,8,1,267.01300466570626,43.7,31.2,5,0,0,31,48,23.0,131.8,40,3.23,15,0.5,0,1,0,1,63.5,HIGH,8.1,246,HIGH_backlog
60.3,3,0,83.43836771477636,58.0,13.1,0,1,0,19,24,10.1,328.8,60,1.94,7,0.153,0,0,0,1,25.0,MODERATE,3.1,94,MODERATE_standard
75.9,0,0,19.40404653762586,87.8,3.4,0,1,0,16,18,6.8,186.8,24,0.61,16,0.043,0,0,1,1,12.0,LOW,1.3,40,LOW_streamlined
94.1,0,0,20.49795873164023,86.5,4.1,0,1,0,6,18,5.0,50.5,6,0.6,39,0.017,0,0,1,1,12.0,LOW,0.5,15,LOW_streamlined
63.4,5,0,124.64451471951982,62.7,9.3,0,1,0,13,24,11.6,115.1,18,1.32,39,0.14,0,0,0,1,27.1,MODERATE,7.3,222,MODERATE_standard
79.7,0,0,21.912582225630963,88.6,5.3,0,1,0,15,30,4.7,239.9,27,0.58,18,0.079,0,0,0,1,12.0,LOW,1.8,55,LOW_streamlined
70.2,4,0,87.57193733784244,58.3,10.2,0,1,0,23,24,15.9,123.1,20,1.7,12,0.093,0,1,0,0,20.4,LOW,2.0,61,MODERATE_standard
76.4,0,0,31.166692774993955,88.7,7.1,0,1,0,6,30,7.2,239.0,23,0.43,38,0.023,0,0,1,1,12.0,LOW,2.3,70,LOW_streamlined
82.4,0,0,17.992746757821596,82.2,1.3,0,1,0,7,18,5.4,125.8,12,0.68,43,0.055,0,0,0,0,12.0,LOW,0.8,24,LOW_streamlined
46.3,8,2,285.66128861603323,35.3,24.4,9,1,72,31,36,20.3,565.5,151,3.43,22,0.429,0,1,0,1,55.2,HIGH,12.1,368,HIGH_backlog
35.4,14,3,397.51881999331556,13.2,39.4,6,0,193,25,36,28.5,529.8,121,5.21,7,0.472,0,1,0,1,87.7,CRITICAL,17.2,523,CRITICAL_injunction
63.0,3,0,167.28378769908545,62.2,9.5,2,1,0,13,36,9.7,435.9,91,1.93,19,0.099,0,0,0,1,32.7,MODERATE,6.1,185,MODERATE_standard
65.6,2,0,178.96934103761095,51.1,16.4,0,1,0,12,24,10.1,271.6,36,1.35,35,0.152,0,0,1,0,27.5,MODERATE,5.8,176,MODERATE_standard
71.2,3,0,101.23959808928845,70.8,12.4,0,1,0,22,36,11.6,123.2,14,1.82,30,0.167,0,0,0,1,22.7,LOW,2.0,61,MODERATE_standard
54.1,8,1,203.27538589855254,36.4,32.4,3,1,0,29,48,19.0,239.6,42,3.26,17,0.293,0,0,0,1,52.7,HIGH,13.4,407,HIGH_backlog
83.5,1,0,13.261181338974417,84.0,4.9,0,1,0,6,24,4.9,168.5,23,0.25,43,0.066,0,0,1,1,12.0,LOW,1.9,58,LOW_streamlined
55.0,7,1,209.91551002729105,38.5,27.3,21,1,0,30,48,18.2,769.9,148,2.65,5,0.288,0,1,0,0,48.5,HIGH,12.2,371,HIGH_backlog
70.1,2,0,151.76059752037673,59.5,17.1,1,1,0,10,36,12.7,432.8,80,1.45,29,0.146,0,1,1,0,29.3,MODERATE,3.0,91,MODERATE_standard
25.7,14,2,286.1454862352279,12.0,42.7,64,1,216,35,60,32.9,1010.7,169,4.97,16,0.57,1,0,0,0,78.6,CRITICAL,32.0,973,CRITICAL_injunction
64.7,2,0,116.39954188316818,67.2,9.5,0,1,0,15,24,10.2,191.9,26,1.8,33,0.214,0,0,1,1,22.8,LOW,1.0,30,MODERATE_standard
66.3,4,0,89.4964616160533,68.4,12.9,0,1,0,18,36,14.4,57.0,14,1.49,37,0.08,0,0,0,1,21.6,LOW,1.3,40,MODERATE_standard
87.6,0,0,22.870769627221446,85.8,1.4,0,1,0,12,24,5.0,149.0,18,0.46,29,0.026,0,0,1,1,12.0,LOW,0.9,27,LOW_streamlined
25.4,18,3,432.00925321196416,15.7,44.9,16,0,164,35,48,30.3,1433.2,335,3.52,6,0.578,0,1,0,0,88.9,CRITICAL,31.5,958,CRITICAL_injunction
62.5,2,0,159.32652963214974,54.6,9.2,1,1,0,13,36,13.0,414.4,76,1.39,34,0.101,0,1,0,0,29.9,MODERATE,5.8,176,MODERATE_standard
43.7,8,2,289.11115406148684,35.7,26.6,29,1,0,27,48,23.0,410.5,122,2.72,12,0.435,1,1,0,1,59.2,HIGH,14.9,453,HIGH_backlog
51.0,7,2,287.7978994460768,42.6,24.1,10,0,88,24,36,23.2,239.0,54,2.55,11,0.451,0,0,0,1,54.0,HIGH,10.2,310,HIGH_backlog
39.3,8,2,227.4453740518736,36.9,28.7,46,0,0,24,36,16.3,744.4,213,2.52,26,0.379,0,0,0,0,60.7,HIGH,11.1,337,HIGH_backlog
86.8,1,0,19.423338684405444,84.0,7.8,0,1,0,7,24,6.4,119.0,16,0.43,37,0.068,0,0,0,1,12.0,LOW,0.1,3,LOW_streamlined
50.2,6,3,274.7224457126263,25.9,22.2,10,1,111,20,48,17.4,327.4,90,2.91,28,0.415,0,0,0,1,54.1,HIGH,10.5,319,HIGH_backlog
89.1,0,0,34.757255910822295,79.3,4.1,0,1,0,9,24,8.8,159.6,16,0.42,17,0.068,0,0,0,1,12.0,LOW,0.3,9,LOW_streamlined
95.2,0,0,33.41062738125403,94.2,7.4,0,1,0,13,30,6.9,74.4,7,0.68,32,0.05,0,0,1,1,12.0,LOW,0.7,21,LOW_streamlined
34.9,12,3,452.08161983703235,23.4,51.8,13,0,120,37,36,27.5,216.8,37,4.38,6,0.707,1,0,0,0,80.9,CRITICAL,25.8,784,CRITICAL_injunction
59.5,5,1,147.369869629899,64.2,10.5,1,1,0,19,36,10.6,209.5,33,1.39,15,0.184,0,0,0,1,35.4,MODERATE,3.6,109,MODERATE_standard
22.6,12,2,439.59362535988157,17.7,53.2,112,1,137,26,48,21.3,977.5,228,5.39,17,0.666,1,0,0,0,75.6,CRITICAL,19.9,605,CRITICAL_injunction
46.2,7,1,281.26833558505666,38.0,31.5,18,1,113,34,36,22.4,558.4,151,2.47,11,0.303,0,0,0,1,56.4,HIGH,14.6,444,HIGH_backlog
29.4,14,5,403.87613409646053,14.0,63.5,6,0,170,42,60,28.3,595.0,127,4.79,4,0.638,0,0,0,1,88.9,CRITICAL,28.0,851,CRITICAL_injunction
64.0,3,1,155.82112504295537,70.0,8.1,0,1,0,18,24,12.8,346.5,55,1.61,12,0.167,0,1,0,1,25.1,MODERATE,6.7,204,MODERATE_standard
91.2,1,0,22.269528150276052,97.9,0.8,0,1,0,8,30,5.5,232.6,24,0.43,26,0.034,0,0,0,1,12.0,LOW,2.2,67,LOW_streamlined
27.8,18,2,419.0056778057036,6.2,49.8,3,1,258,31,60,28.5,277.6,76,4.7,23,0.649,0,0,0,1,74.3,CRITICAL,29.3,891,CRITICAL_injunction
59.8,2,0,89.93037326024836,58.8,17.1,1,1,0,8,24,9.3,141.4,26,1.68,22,0.203,0,1,1,0,31.3,MODERATE,3.9,119,MODERATE_standard
16.9,12,3,373.4097873657954,15.4,59.0,3,1,258,45,36,29.3,303.7,71,4.19,2,0.549,0,0,0,0,74.6,CRITICAL,19.8,602,CRITICAL_injunction
69.5,3,1,87.24825669155757,65.1,9.4,2,1,0,13,36,10.6,398.9,68,1.9,26,0.173,0,0,0,1,28.8,MODERATE,3.5,106,MODERATE_standard
65.9,4,0,109.4668754334135,58.7,9.9,0,1,0,16,24,12.2,106.6,15,1.91,27,0.124,0,0,0,1,26.4,MODERATE,5.2,158,MODERATE_standard
95.6,2,0,30.041341361003234,75.1,3.7,0,1,0,10,24,4.6,209.3,18,0.51,37,0.033,0,0,1,1,12.0,LOW,0.3,9,LOW_streamlined
94.9,1,0,26.4641287552561,94.2,0.9,0,1,0,10,18,4.7,63.1,12,0.85,25,0.04,0,0,0,1,12.0,LOW,1.9,58,LOW_streamlined
28.0,18,4,370.2730636644368,20.7,51.2,16,0,325,28,60,32.7,1160.5,326,5.21,9,0.595,0,1,0,0,93.3,CRITICAL,22.8,693,CRITICAL_injunction
58.1,2,0,123.9577218737692,71.4,12.3,1,1,0,15,24,14.9,265.3,35,1.69,6,0.174,0,0,0,0,29.4,MODERATE,7.0,213,MODERATE_standard
16.1,12,5,472.7191637273042,15.0,40.7,7,0,352,48,60,34.1,361.0,155,3.94,7,0.732,0,0,0,0,91.9,CRITICAL,18.4,559,CRITICAL_injunction
20.2,18,2,530.4652241997595,23.4,44.6,17,1,189,38,60,33.8,1050.8,353,3.62,22,0.574,0,0,0,1,70.0,CRITICAL,27.2,827,CRITICAL_injunction
21.3,10,3,302.87194844398994,16.9,45.6,21,0,153,45,60,27.8,1457.2,425,5.5,14,0.61,0,1,0,1,91.4,CRITICAL,21.9,666,CRITICAL_injunction
64.6,5,0,165.50531161691117,59.3,15.3,1,1,0,13,24,10.4,379.2,68,1.84,8,0.182,0,0,0,1,34.4,MODERATE,3.3,100,MODERATE_standard
87.8,0,0,14.137440819803096,96.4,5.6,0,1,0,6,18,7.1,143.4,16,0.37,24,0.022,0,0,0,1,12.0,LOW,0.7,21,LOW_streamlined
64.1,3,1,168.44169242574202,62.0,14.5,0,1,0,13,24,11.4,135.3,23,1.13,18,0.124,0,0,1,0,24.4,MODERATE,3.4,103,MODERATE_standard
69.6,3,0,149.73230375519276,65.2,16.6,0,1,0,22,36,15.2,279.2,54,1.64,28,0.199,0,1,1,1,28.4,MODERATE,4.9,149,MODERATE_standard
88.5,1,0,59.23682910769781,85.3,0.4,0,1,0,12,18,4.6,61.2,8,0.71,24,0.038,0,0,1,1,12.0,LOW,0.1,3,LOW_streamlined
33.4,12,2,429.75506117203565,9.5,50.1,171,1,317,50,60,20.7,767.2,233,4.84,18,0.754,1,0,0,0,72.6,CRITICAL,21.5,654,CRITICAL_injunction
89.2,0,0,53.4012993204078,84.1,7.5,0,1,0,8,24,4.9,190.1,15,0.84,30,0.026,0,0,1,1,12.0,LOW,0.6,18,LOW_streamlined
71.2,3,0,132.84963333817598,61.4,13.9,1,1,0,17,24,9.8,199.4,48,1.21,10,0.135,0,1,0,0,27.7,MODERATE,7.1,216,MODERATE_standard
52.5,7,2,266.42728461578156,38.7,28.6,7,1,61,22,36,23.7,202.1,45,3.42,17,0.486,0,0,0,1,53.9,HIGH,11.6,353,HIGH_backlog
63.5,3,1,91.01128427076094,50.7,11.0,0,1,0,15,24,15.8,344.6,56,1.99,37,0.098,0,0,0,0,26.3,MODERATE,4.5,137,MODERATE_standard
34.2,10,5,478.7550043298504,12.7,40.7,183,0,305,42,48,20.4,1350.3,362,4.03,9,0.731,1,0,0,0,89.1,CRITICAL,24.5,745,CRITICAL_injunction
12.7,10,3,349.5527032148139,10.5,38.1,7,0,276,28,48,34.4,561.1,152,5.41,17,0.682,0,0,0,0,94.0,CRITICAL,26.9,818,CRITICAL_injunction
75.3,0,0,25.133103463416624,79.3,7.5,0,1,0,9,30,7.4,44.8,8,0.64,19,0.043,0,0,0,1,14.8,LOW,1.1,33,LOW_streamlined
38.9,9,3,280.7204645833298,31.5,30.6,10,0,107,21,36,18.1,178.0,45,2.56,4,0.373,0,0,0,1,69.2,CRITICAL,20.0,608,HIGH_backlog
71.3,4,1,89.7795638264468,68.4,10.2,1,1,0,23,36,10.1,212.8,36,1.56,29,0.147,0,0,1,1,28.6,MODERATE,7.2,219,MODERATE_standard
54.6,6,1,200.8354886310704,45.3,22.4,16,1,40,19,36,22.4,288.0,80,3.22,14,0.458,0,1,0,0,48.2,HIGH,14.8,450,HIGH_backlog
